var1,var2,var3,var4,var5,var6,var7,var8,target
-1.2247,-1.41416,-1.34159,-1.34159,-1.2247,-0.999961,-1.33625,-1.2247,1
-1.2247,-1.41416,-1.34159,-1.34159,-1.2247,-0.999961,-1.33625,0.0,3
-1.2247,-1.41416,-1.34159,-1.34159,-1.2247,-0.999961,-1.33625,1.2247,0
-1.2247,-1.41416,-1.34159,-1.34159,-1.2247,-0.999961,0.267251,-1.2247,1
-1.2247,-1.41416,-1.34159,-1.34159,-1.2247,-0.999961,0.267251,0.0,3
-1.2247,-1.41416,-1.34159,-1.34159,-1.2247,-0.999961,0.267251,1.2247,0
-1.2247,-1.41416,-1.34159,-1.34159,-1.2247,-0.999961,1.069,-1.2247,3
-1.2247,-1.41416,-1.34159,-1.34159,-1.2247,-0.999961,1.069,0.0,3
-1.2247,-1.41416,-1.34159,-1.34159,-1.2247,-0.999961,1.069,1.2247,0
-1.2247,-1.41416,-1.34159,-1.34159,-1.2247,0.999961,-1.33625,-1.2247,2
-1.2247,-1.41416,-1.34159,-1.34159,-1.2247,0.999961,-1.33625,0.0,3
-1.2247,-1.41416,-1.34159,-1.34159,-1.2247,0.999961,-1.33625,1.2247,0
-1.2247,-1.41416,-1.34159,-1.34159,-1.2247,0.999961,0.267251,-1.2247,2
-1.2247,-1.41416,-1.34159,-1.34159,-1.2247,0.999961,0.267251,0.0,3
-1.2247,-1.41416,-1.34159,-1.34159,-1.2247,0.999961,0.267251,1.2247,0
-1.2247,-1.41416,-1.34159,-1.34159,-1.2247,0.999961,1.069,-1.2247,3
-1.2247,-1.41416,-1.34159,-1.34159,-1.2247,0.999961,1.069,0.0,3
-1.2247,-1.41416,-1.34159,-1.34159,-1.2247,0.999961,1.069,1.2247,0
-1.2247,-1.41416,-1.34159,-1.34159,0.0,-0.999961,-1.33625,-1.2247,2
-1.2247,-1.41416,-1.34159,-1.34159,0.0,-0.999961,-1.33625,0.0,3
-1.2247,-1.41416,-1.34159,-1.34159,0.0,-0.999961,-1.33625,1.2247,0
-1.2247,-1.41416,-1.34159,-1.34159,0.0,-0.999961,0.267251,-1.2247,2
-1.2247,-1.41416,-1.34159,-1.34159,0.0,-0.999961,0.267251,0.0,3
-1.2247,-1.41416,-1.34159,-1.34159,0.0,-0.999961,0.267251,1.2247,0
-1.2247,-1.41416,-1.34159,-1.34159,0.0,-0.999961,1.069,-1.2247,3
-1.2247,-1.41416,-1.34159,-1.34159,0.0,-0.999961,1.069,0.0,3
-1.2247,-1.41416,-1.34159,-1.34159,0.0,-0.999961,1.069,1.2247,0
-1.2247,-1.41416,-1.34159,-1.34159,0.0,0.999961,-1.33625,-1.2247,2
-1.2247,-1.41416,-1.34159,-1.34159,0.0,0.999961,-1.33625,0.0,3
-1.2247,-1.41416,-1.34159,-1.34159,0.0,0.999961,-1.33625,1.2247,0
-1.2247,-1.41416,-1.34159,-1.34159,0.0,0.999961,0.267251,-1.2247,2
-1.2247,-1.41416,-1.34159,-1.34159,0.0,0.999961,0.267251,0.0,3
-1.2247,-1.41416,-1.34159,-1.34159,0.0,0.999961,0.267251,1.2247,0
-1.2247,-1.41416,-1.34159,-1.34159,0.0,0.999961,1.069,-1.2247,3
-1.2247,-1.41416,-1.34159,-1.34159,0.0,0.999961,1.069,0.0,3
-1.2247,-1.41416,-1.34159,-1.34159,0.0,0.999961,1.069,1.2247,0
-1.2247,-1.41416,-1.34159,-1.34159,1.2247,-0.999961,-1.33625,-1.2247,2
-1.2247,-1.41416,-1.34159,-1.34159,1.2247,-0.999961,-1.33625,0.0,3
-1.2247,-1.41416,-1.34159,-1.34159,1.2247,-0.999961,-1.33625,1.2247,0
-1.2247,-1.41416,-1.34159,-1.34159,1.2247,-0.999961,0.267251,-1.2247,2
-1.2247,-1.41416,-1.34159,-1.34159,1.2247,-0.999961,0.267251,0.0,3
-1.2247,-1.41416,-1.34159,-1.34159,1.2247,-0.999961,0.267251,1.2247,0
-1.2247,-1.41416,-1.34159,-1.34159,1.2247,-0.999961,1.069,-1.2247,3
-1.2247,-1.41416,-1.34159,-1.34159,1.2247,-0.999961,1.069,0.0,3
-1.2247,-1.41416,-1.34159,-1.34159,1.2247,-0.999961,1.069,1.2247,0
-1.2247,-1.41416,-1.34159,-1.34159,1.2247,0.999961,-1.33625,-1.2247,2
-1.2247,-1.41416,-1.34159,-1.34159,1.2247,0.999961,-1.33625,0.0,3
-1.2247,-1.41416,-1.34159,-1.34159,1.2247,0.999961,-1.33625,1.2247,0
-1.2247,-1.41416,-1.34159,-1.34159,1.2247,0.999961,0.267251,-1.2247,2
-1.2247,-1.41416,-1.34159,-1.34159,1.2247,0.999961,0.267251,0.0,3
-1.2247,-1.41416,-1.34159,-1.34159,1.2247,0.999961,0.267251,1.2247,0
-1.2247,-1.41416,-1.34159,-1.34159,1.2247,0.999961,1.069,-1.2247,3
-1.2247,-1.41416,-1.34159,-1.34159,1.2247,0.999961,1.069,0.0,3
-1.2247,-1.41416,-1.34159,-1.34159,1.2247,0.999961,1.069,1.2247,0
-1.2247,-1.41416,-1.34159,-0.447196,-1.2247,-0.999961,-1.33625,-1.2247,2
-1.2247,-1.41416,-1.34159,-0.447196,-1.2247,-0.999961,-1.33625,0.0,3
-1.2247,-1.41416,-1.34159,-0.447196,-1.2247,-0.999961,-1.33625,1.2247,0
-1.2247,-1.41416,-1.34159,-0.447196,-1.2247,-0.999961,0.267251,-1.2247,2
-1.2247,-1.41416,-1.34159,-0.447196,-1.2247,-0.999961,0.267251,0.0,3
-1.2247,-1.41416,-1.34159,-0.447196,-1.2247,-0.999961,0.267251,1.2247,0
-1.2247,-1.41416,-1.34159,-0.447196,-1.2247,-0.999961,1.069,-1.2247,3
-1.2247,-1.41416,-1.34159,-0.447196,-1.2247,-0.999961,1.069,0.0,3
-1.2247,-1.41416,-1.34159,-0.447196,-1.2247,-0.999961,1.069,1.2247,0
-1.2247,-1.41416,-1.34159,-0.447196,-1.2247,0.999961,-1.33625,-1.2247,2
-1.2247,-1.41416,-1.34159,-0.447196,-1.2247,0.999961,-1.33625,0.0,3
-1.2247,-1.41416,-1.34159,-0.447196,-1.2247,0.999961,-1.33625,1.2247,0
-1.2247,-1.41416,-1.34159,-0.447196,-1.2247,0.999961,0.267251,-1.2247,2
-1.2247,-1.41416,-1.34159,-0.447196,-1.2247,0.999961,0.267251,0.0,3
-1.2247,-1.41416,-1.34159,-0.447196,-1.2247,0.999961,0.267251,1.2247,0
-1.2247,-1.41416,-1.34159,-0.447196,-1.2247,0.999961,1.069,-1.2247,3
-1.2247,-1.41416,-1.34159,-0.447196,-1.2247,0.999961,1.069,0.0,3
-1.2247,-1.41416,-1.34159,-0.447196,-1.2247,0.999961,1.069,1.2247,0
-1.2247,-1.41416,-1.34159,-0.447196,0.0,-0.999961,-1.33625,-1.2247,2
-1.2247,-1.41416,-1.34159,-0.447196,0.0,-0.999961,-1.33625,0.0,3
-1.2247,-1.41416,-1.34159,-0.447196,0.0,-0.999961,-1.33625,1.2247,0
-1.2247,-1.41416,-1.34159,-0.447196,0.0,-0.999961,0.267251,-1.2247,2
-1.2247,-1.41416,-1.34159,-0.447196,0.0,-0.999961,0.267251,0.0,3
-1.2247,-1.41416,-1.34159,-0.447196,0.0,-0.999961,0.267251,1.2247,0
-1.2247,-1.41416,-1.34159,-0.447196,0.0,-0.999961,1.069,-1.2247,3
-1.2247,-1.41416,-1.34159,-0.447196,0.0,-0.999961,1.069,0.0,3
-1.2247,-1.41416,-1.34159,-0.447196,0.0,-0.999961,1.069,1.2247,0
-1.2247,-1.41416,-1.34159,-0.447196,0.0,0.999961,-1.33625,-1.2247,2
-1.2247,-1.41416,-1.34159,-0.447196,0.0,0.999961,-1.33625,0.0,3
-1.2247,-1.41416,-1.34159,-0.447196,0.0,0.999961,-1.33625,1.2247,0
-1.2247,-1.41416,-1.34159,-0.447196,0.0,0.999961,0.267251,-1.2247,2
-1.2247,-1.41416,-1.34159,-0.447196,0.0,0.999961,0.267251,0.0,3
-1.2247,-1.41416,-1.34159,-0.447196,0.0,0.999961,0.267251,1.2247,0
-1.2247,-1.41416,-1.34159,-0.447196,0.0,0.999961,1.069,-1.2247,3
-1.2247,-1.41416,-1.34159,-0.447196,0.0,0.999961,1.069,0.0,3
-1.2247,-1.41416,-1.34159,-0.447196,0.0,0.999961,1.069,1.2247,0
-1.2247,-1.41416,-1.34159,-0.447196,1.2247,-0.999961,-1.33625,-1.2247,3
-1.2247,-1.41416,-1.34159,-0.447196,1.2247,-0.999961,-1.33625,0.0,3
-1.2247,-1.41416,-1.34159,-0.447196,1.2247,-0.999961,-1.33625,1.2247,0
-1.2247,-1.41416,-1.34159,-0.447196,1.2247,-0.999961,0.267251,-1.2247,3
-1.2247,-1.41416,-1.34159,-0.447196,1.2247,-0.999961,0.267251,0.0,3
-1.2247,-1.41416,-1.34159,-0.447196,1.2247,-0.999961,0.267251,1.2247,0
-1.2247,-1.41416,-1.34159,-0.447196,1.2247,-0.999961,1.069,-1.2247,3
-1.2247,-1.41416,-1.34159,-0.447196,1.2247,-0.999961,1.069,0.0,3
-1.2247,-1.41416,-1.34159,-0.447196,1.2247,-0.999961,1.069,1.2247,0
-1.2247,-1.41416,-1.34159,-0.447196,1.2247,0.999961,-1.33625,-1.2247,3
-1.2247,-1.41416,-1.34159,-0.447196,1.2247,0.999961,-1.33625,0.0,3
-1.2247,-1.41416,-1.34159,-0.447196,1.2247,0.999961,-1.33625,1.2247,0
-1.2247,-1.41416,-1.34159,-0.447196,1.2247,0.999961,0.267251,-1.2247,3
-1.2247,-1.41416,-1.34159,-0.447196,1.2247,0.999961,0.267251,0.0,3
-1.2247,-1.41416,-1.34159,-0.447196,1.2247,0.999961,0.267251,1.2247,0
-1.2247,-1.41416,-1.34159,-0.447196,1.2247,0.999961,1.069,-1.2247,3
-1.2247,-1.41416,-1.34159,-0.447196,1.2247,0.999961,1.069,0.0,3
-1.2247,-1.41416,-1.34159,-0.447196,1.2247,0.999961,1.069,1.2247,0
-1.2247,-1.41416,-1.34159,0.447196,-1.2247,-0.999961,-1.33625,-1.2247,2
-1.2247,-1.41416,-1.34159,0.447196,-1.2247,-0.999961,-1.33625,0.0,3
-1.2247,-1.41416,-1.34159,0.447196,-1.2247,-0.999961,-1.33625,1.2247,0
-1.2247,-1.41416,-1.34159,0.447196,-1.2247,-0.999961,0.267251,-1.2247,2
-1.2247,-1.41416,-1.34159,0.447196,-1.2247,-0.999961,0.267251,0.0,3
-1.2247,-1.41416,-1.34159,0.447196,-1.2247,-0.999961,0.267251,1.2247,0
-1.2247,-1.41416,-1.34159,0.447196,-1.2247,-0.999961,1.069,-1.2247,3
-1.2247,-1.41416,-1.34159,0.447196,-1.2247,-0.999961,1.069,0.0,3
-1.2247,-1.41416,-1.34159,0.447196,-1.2247,-0.999961,1.069,1.2247,0
-1.2247,-1.41416,-1.34159,0.447196,-1.2247,0.999961,-1.33625,-1.2247,3
-1.2247,-1.41416,-1.34159,0.447196,-1.2247,0.999961,-1.33625,0.0,3
-1.2247,-1.41416,-1.34159,0.447196,-1.2247,0.999961,-1.33625,1.2247,0
-1.2247,-1.41416,-1.34159,0.447196,-1.2247,0.999961,0.267251,-1.2247,3
-1.2247,-1.41416,-1.34159,0.447196,-1.2247,0.999961,0.267251,0.0,3
-1.2247,-1.41416,-1.34159,0.447196,-1.2247,0.999961,0.267251,1.2247,0
-1.2247,-1.41416,-1.34159,0.447196,-1.2247,0.999961,1.069,-1.2247,3
-1.2247,-1.41416,-1.34159,0.447196,-1.2247,0.999961,1.069,0.0,3
-1.2247,-1.41416,-1.34159,0.447196,-1.2247,0.999961,1.069,1.2247,0
-1.2247,-1.41416,-1.34159,0.447196,0.0,-0.999961,-1.33625,-1.2247,3
-1.2247,-1.41416,-1.34159,0.447196,0.0,-0.999961,-1.33625,0.0,3
-1.2247,-1.41416,-1.34159,0.447196,0.0,-0.999961,-1.33625,1.2247,0
-1.2247,-1.41416,-1.34159,0.447196,0.0,-0.999961,0.267251,-1.2247,3
-1.2247,-1.41416,-1.34159,0.447196,0.0,-0.999961,0.267251,0.0,3
-1.2247,-1.41416,-1.34159,0.447196,0.0,-0.999961,0.267251,1.2247,0
-1.2247,-1.41416,-1.34159,0.447196,0.0,-0.999961,1.069,-1.2247,3
-1.2247,-1.41416,-1.34159,0.447196,0.0,-0.999961,1.069,0.0,3
-1.2247,-1.41416,-1.34159,0.447196,0.0,-0.999961,1.069,1.2247,0
-1.2247,-1.41416,-1.34159,0.447196,0.0,0.999961,-1.33625,-1.2247,3
-1.2247,-1.41416,-1.34159,0.447196,0.0,0.999961,-1.33625,0.0,3
-1.2247,-1.41416,-1.34159,0.447196,0.0,0.999961,-1.33625,1.2247,0
-1.2247,-1.41416,-1.34159,0.447196,0.0,0.999961,0.267251,-1.2247,3
-1.2247,-1.41416,-1.34159,0.447196,0.0,0.999961,0.267251,0.0,3
-1.2247,-1.41416,-1.34159,0.447196,0.0,0.999961,0.267251,1.2247,0
-1.2247,-1.41416,-1.34159,0.447196,0.0,0.999961,1.069,-1.2247,3
-1.2247,-1.41416,-1.34159,0.447196,0.0,0.999961,1.069,0.0,3
-1.2247,-1.41416,-1.34159,0.447196,0.0,0.999961,1.069,1.2247,0
-1.2247,-1.41416,-1.34159,0.447196,1.2247,-0.999961,-1.33625,-1.2247,3
-1.2247,-1.41416,-1.34159,0.447196,1.2247,-0.999961,-1.33625,0.0,3
-1.2247,-1.41416,-1.34159,0.447196,1.2247,-0.999961,-1.33625,1.2247,0
-1.2247,-1.41416,-1.34159,0.447196,1.2247,-0.999961,0.267251,-1.2247,3
-1.2247,-1.41416,-1.34159,0.447196,1.2247,-0.999961,0.267251,0.0,3
-1.2247,-1.41416,-1.34159,0.447196,1.2247,-0.999961,0.267251,1.2247,0
-1.2247,-1.41416,-1.34159,0.447196,1.2247,-0.999961,1.069,-1.2247,3
-1.2247,-1.41416,-1.34159,0.447196,1.2247,-0.999961,1.069,0.0,3
-1.2247,-1.41416,-1.34159,0.447196,1.2247,-0.999961,1.069,1.2247,0
-1.2247,-1.41416,-1.34159,0.447196,1.2247,0.999961,-1.33625,-1.2247,3
-1.2247,-1.41416,-1.34159,0.447196,1.2247,0.999961,-1.33625,0.0,3
-1.2247,-1.41416,-1.34159,0.447196,1.2247,0.999961,-1.33625,1.2247,0
-1.2247,-1.41416,-1.34159,0.447196,1.2247,0.999961,0.267251,-1.2247,3
-1.2247,-1.41416,-1.34159,0.447196,1.2247,0.999961,0.267251,0.0,3
-1.2247,-1.41416,-1.34159,0.447196,1.2247,0.999961,0.267251,1.2247,0
-1.2247,-1.41416,-1.34159,0.447196,1.2247,0.999961,1.069,-1.2247,3
-1.2247,-1.41416,-1.34159,0.447196,1.2247,0.999961,1.069,0.0,3
-1.2247,-1.41416,-1.34159,0.447196,1.2247,0.999961,1.069,1.2247,0
-1.2247,-1.41416,-1.34159,1.34159,-1.2247,-0.999961,-1.33625,-1.2247,2
-1.2247,-1.41416,-1.34159,1.34159,-1.2247,-0.999961,-1.33625,0.0,3
-1.2247,-1.41416,-1.34159,1.34159,-1.2247,-0.999961,-1.33625,1.2247,0
-1.2247,-1.41416,-1.34159,1.34159,-1.2247,-0.999961,0.267251,-1.2247,2
-1.2247,-1.41416,-1.34159,1.34159,-1.2247,-0.999961,0.267251,0.0,3
-1.2247,-1.41416,-1.34159,1.34159,-1.2247,-0.999961,0.267251,1.2247,0
-1.2247,-1.41416,-1.34159,1.34159,-1.2247,-0.999961,1.069,-1.2247,3
-1.2247,-1.41416,-1.34159,1.34159,-1.2247,-0.999961,1.069,0.0,3
-1.2247,-1.41416,-1.34159,1.34159,-1.2247,-0.999961,1.069,1.2247,0
-1.2247,-1.41416,-1.34159,1.34159,-1.2247,0.999961,-1.33625,-1.2247,3
-1.2247,-1.41416,-1.34159,1.34159,-1.2247,0.999961,-1.33625,0.0,3
-1.2247,-1.41416,-1.34159,1.34159,-1.2247,0.999961,-1.33625,1.2247,0
-1.2247,-1.41416,-1.34159,1.34159,-1.2247,0.999961,0.267251,-1.2247,3
-1.2247,-1.41416,-1.34159,1.34159,-1.2247,0.999961,0.267251,0.0,3
-1.2247,-1.41416,-1.34159,1.34159,-1.2247,0.999961,0.267251,1.2247,0
-1.2247,-1.41416,-1.34159,1.34159,-1.2247,0.999961,1.069,-1.2247,3
-1.2247,-1.41416,-1.34159,1.34159,-1.2247,0.999961,1.069,0.0,3
-1.2247,-1.41416,-1.34159,1.34159,-1.2247,0.999961,1.069,1.2247,0
-1.2247,-1.41416,-1.34159,1.34159,0.0,-0.999961,-1.33625,-1.2247,3
-1.2247,-1.41416,-1.34159,1.34159,0.0,-0.999961,-1.33625,0.0,3
-1.2247,-1.41416,-1.34159,1.34159,0.0,-0.999961,-1.33625,1.2247,0
-1.2247,-1.41416,-1.34159,1.34159,0.0,-0.999961,0.267251,-1.2247,3
-1.2247,-1.41416,-1.34159,1.34159,0.0,-0.999961,0.267251,0.0,3
-1.2247,-1.41416,-1.34159,1.34159,0.0,-0.999961,0.267251,1.2247,0
-1.2247,-1.41416,-1.34159,1.34159,0.0,-0.999961,1.069,-1.2247,3
-1.2247,-1.41416,-1.34159,1.34159,0.0,-0.999961,1.069,0.0,3
-1.2247,-1.41416,-1.34159,1.34159,0.0,-0.999961,1.069,1.2247,0
-1.2247,-1.41416,-1.34159,1.34159,0.0,0.999961,-1.33625,-1.2247,3
-1.2247,-1.41416,-1.34159,1.34159,0.0,0.999961,-1.33625,0.0,3
-1.2247,-1.41416,-1.34159,1.34159,0.0,0.999961,-1.33625,1.2247,0
-1.2247,-1.41416,-1.34159,1.34159,0.0,0.999961,0.267251,-1.2247,3
-1.2247,-1.41416,-1.34159,1.34159,0.0,0.999961,0.267251,0.0,3
-1.2247,-1.41416,-1.34159,1.34159,0.0,0.999961,0.267251,1.2247,0
-1.2247,-1.41416,-1.34159,1.34159,0.0,0.999961,1.069,-1.2247,3
-1.2247,-1.41416,-1.34159,1.34159,0.0,0.999961,1.069,0.0,3
-1.2247,-1.41416,-1.34159,1.34159,0.0,0.999961,1.069,1.2247,0
-1.2247,-1.41416,-1.34159,1.34159,1.2247,-0.999961,-1.33625,-1.2247,3
-1.2247,-1.41416,-1.34159,1.34159,1.2247,-0.999961,-1.33625,0.0,3
-1.2247,-1.41416,-1.34159,1.34159,1.2247,-0.999961,-1.33625,1.2247,0
-1.2247,-1.41416,-1.34159,1.34159,1.2247,-0.999961,0.267251,-1.2247,3
-1.2247,-1.41416,-1.34159,1.34159,1.2247,-0.999961,0.267251,0.0,3
-1.2247,-1.41416,-1.34159,1.34159,1.2247,-0.999961,0.267251,1.2247,0
-1.2247,-1.41416,-1.34159,1.34159,1.2247,-0.999961,1.069,-1.2247,3
-1.2247,-1.41416,-1.34159,1.34159,1.2247,-0.999961,1.069,0.0,3
-1.2247,-1.41416,-1.34159,1.34159,1.2247,-0.999961,1.069,1.2247,0
-1.2247,-1.41416,-1.34159,1.34159,1.2247,0.999961,-1.33625,-1.2247,3
-1.2247,-1.41416,-1.34159,1.34159,1.2247,0.999961,-1.33625,0.0,3
-1.2247,-1.41416,-1.34159,1.34159,1.2247,0.999961,-1.33625,1.2247,0
-1.2247,-1.41416,-1.34159,1.34159,1.2247,0.999961,0.267251,-1.2247,3
-1.2247,-1.41416,-1.34159,1.34159,1.2247,0.999961,0.267251,0.0,3
-1.2247,-1.41416,-1.34159,1.34159,1.2247,0.999961,0.267251,1.2247,0
-1.2247,-1.41416,-1.34159,1.34159,1.2247,0.999961,1.069,-1.2247,3
-1.2247,-1.41416,-1.34159,1.34159,1.2247,0.999961,1.069,0.0,3
-1.2247,-1.41416,-1.34159,1.34159,1.2247,0.999961,1.069,1.2247,0
-1.2247,-1.41416,-0.447196,-1.34159,-1.2247,-0.999961,-1.33625,-1.2247,2
-1.2247,-1.41416,-0.447196,-1.34159,-1.2247,-0.999961,-1.33625,0.0,3
-1.2247,-1.41416,-0.447196,-1.34159,-1.2247,-0.999961,-1.33625,1.2247,0
-1.2247,-1.41416,-0.447196,-1.34159,-1.2247,-0.999961,0.267251,-1.2247,2
-1.2247,-1.41416,-0.447196,-1.34159,-1.2247,-0.999961,0.267251,0.0,3
-1.2247,-1.41416,-0.447196,-1.34159,-1.2247,-0.999961,0.267251,1.2247,0
-1.2247,-1.41416,-0.447196,-1.34159,-1.2247,-0.999961,1.069,-1.2247,3
-1.2247,-1.41416,-0.447196,-1.34159,-1.2247,-0.999961,1.069,0.0,3
-1.2247,-1.41416,-0.447196,-1.34159,-1.2247,-0.999961,1.069,1.2247,0
-1.2247,-1.41416,-0.447196,-1.34159,-1.2247,0.999961,-1.33625,-1.2247,2
-1.2247,-1.41416,-0.447196,-1.34159,-1.2247,0.999961,-1.33625,0.0,3
-1.2247,-1.41416,-0.447196,-1.34159,-1.2247,0.999961,-1.33625,1.2247,0
-1.2247,-1.41416,-0.447196,-1.34159,-1.2247,0.999961,0.267251,-1.2247,2
-1.2247,-1.41416,-0.447196,-1.34159,-1.2247,0.999961,0.267251,0.0,3
-1.2247,-1.41416,-0.447196,-1.34159,-1.2247,0.999961,0.267251,1.2247,0
-1.2247,-1.41416,-0.447196,-1.34159,-1.2247,0.999961,1.069,-1.2247,3
-1.2247,-1.41416,-0.447196,-1.34159,-1.2247,0.999961,1.069,0.0,3
-1.2247,-1.41416,-0.447196,-1.34159,-1.2247,0.999961,1.069,1.2247,0
-1.2247,-1.41416,-0.447196,-1.34159,0.0,-0.999961,-1.33625,-1.2247,2
-1.2247,-1.41416,-0.447196,-1.34159,0.0,-0.999961,-1.33625,0.0,3
-1.2247,-1.41416,-0.447196,-1.34159,0.0,-0.999961,-1.33625,1.2247,0
-1.2247,-1.41416,-0.447196,-1.34159,0.0,-0.999961,0.267251,-1.2247,2
-1.2247,-1.41416,-0.447196,-1.34159,0.0,-0.999961,0.267251,0.0,3
-1.2247,-1.41416,-0.447196,-1.34159,0.0,-0.999961,0.267251,1.2247,0
-1.2247,-1.41416,-0.447196,-1.34159,0.0,-0.999961,1.069,-1.2247,3
-1.2247,-1.41416,-0.447196,-1.34159,0.0,-0.999961,1.069,0.0,3
-1.2247,-1.41416,-0.447196,-1.34159,0.0,-0.999961,1.069,1.2247,0
-1.2247,-1.41416,-0.447196,-1.34159,0.0,0.999961,-1.33625,-1.2247,2
-1.2247,-1.41416,-0.447196,-1.34159,0.0,0.999961,-1.33625,0.0,3
-1.2247,-1.41416,-0.447196,-1.34159,0.0,0.999961,-1.33625,1.2247,0
-1.2247,-1.41416,-0.447196,-1.34159,0.0,0.999961,0.267251,-1.2247,2
-1.2247,-1.41416,-0.447196,-1.34159,0.0,0.999961,0.267251,0.0,3
-1.2247,-1.41416,-0.447196,-1.34159,0.0,0.999961,0.267251,1.2247,0
-1.2247,-1.41416,-0.447196,-1.34159,0.0,0.999961,1.069,-1.2247,3
-1.2247,-1.41416,-0.447196,-1.34159,0.0,0.999961,1.069,0.0,3
-1.2247,-1.41416,-0.447196,-1.34159,0.0,0.999961,1.069,1.2247,0
-1.2247,-1.41416,-0.447196,-1.34159,1.2247,-0.999961,-1.33625,-1.2247,3
-1.2247,-1.41416,-0.447196,-1.34159,1.2247,-0.999961,-1.33625,0.0,3
-1.2247,-1.41416,-0.447196,-1.34159,1.2247,-0.999961,-1.33625,1.2247,0
-1.2247,-1.41416,-0.447196,-1.34159,1.2247,-0.999961,0.267251,-1.2247,3
-1.2247,-1.41416,-0.447196,-1.34159,1.2247,-0.999961,0.267251,0.0,3
-1.2247,-1.41416,-0.447196,-1.34159,1.2247,-0.999961,0.267251,1.2247,0
-1.2247,-1.41416,-0.447196,-1.34159,1.2247,-0.999961,1.069,-1.2247,3
-1.2247,-1.41416,-0.447196,-1.34159,1.2247,-0.999961,1.069,0.0,3
-1.2247,-1.41416,-0.447196,-1.34159,1.2247,-0.999961,1.069,1.2247,0
-1.2247,-1.41416,-0.447196,-1.34159,1.2247,0.999961,-1.33625,-1.2247,3
-1.2247,-1.41416,-0.447196,-1.34159,1.2247,0.999961,-1.33625,0.0,3
-1.2247,-1.41416,-0.447196,-1.34159,1.2247,0.999961,-1.33625,1.2247,0
-1.2247,-1.41416,-0.447196,-1.34159,1.2247,0.999961,0.267251,-1.2247,3
-1.2247,-1.41416,-0.447196,-1.34159,1.2247,0.999961,0.267251,0.0,3
-1.2247,-1.41416,-0.447196,-1.34159,1.2247,0.999961,0.267251,1.2247,0
-1.2247,-1.41416,-0.447196,-1.34159,1.2247,0.999961,1.069,-1.2247,3
-1.2247,-1.41416,-0.447196,-1.34159,1.2247,0.999961,1.069,0.0,3
-1.2247,-1.41416,-0.447196,-1.34159,1.2247,0.999961,1.069,1.2247,0
-1.2247,-1.41416,-0.447196,-0.447196,-1.2247,-0.999961,-1.33625,-1.2247,2
-1.2247,-1.41416,-0.447196,-0.447196,-1.2247,-0.999961,-1.33625,0.0,3
-1.2247,-1.41416,-0.447196,-0.447196,-1.2247,-0.999961,-1.33625,1.2247,0
-1.2247,-1.41416,-0.447196,-0.447196,-1.2247,-0.999961,0.267251,-1.2247,2
-1.2247,-1.41416,-0.447196,-0.447196,-1.2247,-0.999961,0.267251,0.0,3
-1.2247,-1.41416,-0.447196,-0.447196,-1.2247,-0.999961,0.267251,1.2247,0
-1.2247,-1.41416,-0.447196,-0.447196,-1.2247,-0.999961,1.069,-1.2247,3
-1.2247,-1.41416,-0.447196,-0.447196,-1.2247,-0.999961,1.069,0.0,3
-1.2247,-1.41416,-0.447196,-0.447196,-1.2247,-0.999961,1.069,1.2247,0
-1.2247,-1.41416,-0.447196,-0.447196,-1.2247,0.999961,-1.33625,-1.2247,2
-1.2247,-1.41416,-0.447196,-0.447196,-1.2247,0.999961,-1.33625,0.0,3
-1.2247,-1.41416,-0.447196,-0.447196,-1.2247,0.999961,-1.33625,1.2247,0
-1.2247,-1.41416,-0.447196,-0.447196,-1.2247,0.999961,0.267251,-1.2247,2
-1.2247,-1.41416,-0.447196,-0.447196,-1.2247,0.999961,0.267251,0.0,3
-1.2247,-1.41416,-0.447196,-0.447196,-1.2247,0.999961,0.267251,1.2247,0
-1.2247,-1.41416,-0.447196,-0.447196,-1.2247,0.999961,1.069,-1.2247,3
-1.2247,-1.41416,-0.447196,-0.447196,-1.2247,0.999961,1.069,0.0,3
-1.2247,-1.41416,-0.447196,-0.447196,-1.2247,0.999961,1.069,1.2247,0
-1.2247,-1.41416,-0.447196,-0.447196,0.0,-0.999961,-1.33625,-1.2247,2
-1.2247,-1.41416,-0.447196,-0.447196,0.0,-0.999961,-1.33625,0.0,3
-1.2247,-1.41416,-0.447196,-0.447196,0.0,-0.999961,-1.33625,1.2247,0
-1.2247,-1.41416,-0.447196,-0.447196,0.0,-0.999961,0.267251,-1.2247,2
-1.2247,-1.41416,-0.447196,-0.447196,0.0,-0.999961,0.267251,0.0,3
-1.2247,-1.41416,-0.447196,-0.447196,0.0,-0.999961,0.267251,1.2247,0
-1.2247,-1.41416,-0.447196,-0.447196,0.0,-0.999961,1.069,-1.2247,3
-1.2247,-1.41416,-0.447196,-0.447196,0.0,-0.999961,1.069,0.0,3
-1.2247,-1.41416,-0.447196,-0.447196,0.0,-0.999961,1.069,1.2247,0
-1.2247,-1.41416,-0.447196,-0.447196,0.0,0.999961,-1.33625,-1.2247,2
-1.2247,-1.41416,-0.447196,-0.447196,0.0,0.999961,-1.33625,0.0,3
-1.2247,-1.41416,-0.447196,-0.447196,0.0,0.999961,-1.33625,1.2247,0
-1.2247,-1.41416,-0.447196,-0.447196,0.0,0.999961,0.267251,-1.2247,2
-1.2247,-1.41416,-0.447196,-0.447196,0.0,0.999961,0.267251,0.0,3
-1.2247,-1.41416,-0.447196,-0.447196,0.0,0.999961,0.267251,1.2247,0
-1.2247,-1.41416,-0.447196,-0.447196,0.0,0.999961,1.069,-1.2247,3
-1.2247,-1.41416,-0.447196,-0.447196,0.0,0.999961,1.069,0.0,3
-1.2247,-1.41416,-0.447196,-0.447196,0.0,0.999961,1.069,1.2247,0
-1.2247,-1.41416,-0.447196,-0.447196,1.2247,-0.999961,-1.33625,-1.2247,3
-1.2247,-1.41416,-0.447196,-0.447196,1.2247,-0.999961,-1.33625,0.0,3
-1.2247,-1.41416,-0.447196,-0.447196,1.2247,-0.999961,-1.33625,1.2247,0
-1.2247,-1.41416,-0.447196,-0.447196,1.2247,-0.999961,0.267251,-1.2247,3
-1.2247,-1.41416,-0.447196,-0.447196,1.2247,-0.999961,0.267251,0.0,3
-1.2247,-1.41416,-0.447196,-0.447196,1.2247,-0.999961,0.267251,1.2247,0
-1.2247,-1.41416,-0.447196,-0.447196,1.2247,-0.999961,1.069,-1.2247,3
-1.2247,-1.41416,-0.447196,-0.447196,1.2247,-0.999961,1.069,0.0,3
-1.2247,-1.41416,-0.447196,-0.447196,1.2247,-0.999961,1.069,1.2247,0
-1.2247,-1.41416,-0.447196,-0.447196,1.2247,0.999961,-1.33625,-1.2247,3
-1.2247,-1.41416,-0.447196,-0.447196,1.2247,0.999961,-1.33625,0.0,3
-1.2247,-1.41416,-0.447196,-0.447196,1.2247,0.999961,-1.33625,1.2247,0
-1.2247,-1.41416,-0.447196,-0.447196,1.2247,0.999961,0.267251,-1.2247,3
-1.2247,-1.41416,-0.447196,-0.447196,1.2247,0.999961,0.267251,0.0,3
-1.2247,-1.41416,-0.447196,-0.447196,1.2247,0.999961,0.267251,1.2247,0
-1.2247,-1.41416,-0.447196,-0.447196,1.2247,0.999961,1.069,-1.2247,3
-1.2247,-1.41416,-0.447196,-0.447196,1.2247,0.999961,1.069,0.0,3
-1.2247,-1.41416,-0.447196,-0.447196,1.2247,0.999961,1.069,1.2247,0
-1.2247,-1.41416,-0.447196,0.447196,-1.2247,-0.999961,-1.33625,-1.2247,2
-1.2247,-1.41416,-0.447196,0.447196,-1.2247,-0.999961,-1.33625,0.0,3
-1.2247,-1.41416,-0.447196,0.447196,-1.2247,-0.999961,-1.33625,1.2247,0
-1.2247,-1.41416,-0.447196,0.447196,-1.2247,-0.999961,0.267251,-1.2247,2
-1.2247,-1.41416,-0.447196,0.447196,-1.2247,-0.999961,0.267251,0.0,3
-1.2247,-1.41416,-0.447196,0.447196,-1.2247,-0.999961,0.267251,1.2247,0
-1.2247,-1.41416,-0.447196,0.447196,-1.2247,-0.999961,1.069,-1.2247,3
-1.2247,-1.41416,-0.447196,0.447196,-1.2247,-0.999961,1.069,0.0,3
-1.2247,-1.41416,-0.447196,0.447196,-1.2247,-0.999961,1.069,1.2247,0
-1.2247,-1.41416,-0.447196,0.447196,-1.2247,0.999961,-1.33625,-1.2247,3
-1.2247,-1.41416,-0.447196,0.447196,-1.2247,0.999961,-1.33625,0.0,3
-1.2247,-1.41416,-0.447196,0.447196,-1.2247,0.999961,-1.33625,1.2247,0
-1.2247,-1.41416,-0.447196,0.447196,-1.2247,0.999961,0.267251,-1.2247,3
-1.2247,-1.41416,-0.447196,0.447196,-1.2247,0.999961,0.267251,0.0,3
-1.2247,-1.41416,-0.447196,0.447196,-1.2247,0.999961,0.267251,1.2247,0
-1.2247,-1.41416,-0.447196,0.447196,-1.2247,0.999961,1.069,-1.2247,3
-1.2247,-1.41416,-0.447196,0.447196,-1.2247,0.999961,1.069,0.0,3
-1.2247,-1.41416,-0.447196,0.447196,-1.2247,0.999961,1.069,1.2247,0
-1.2247,-1.41416,-0.447196,0.447196,0.0,-0.999961,-1.33625,-1.2247,3
-1.2247,-1.41416,-0.447196,0.447196,0.0,-0.999961,-1.33625,0.0,3
-1.2247,-1.41416,-0.447196,0.447196,0.0,-0.999961,-1.33625,1.2247,0
-1.2247,-1.41416,-0.447196,0.447196,0.0,-0.999961,0.267251,-1.2247,3
-1.2247,-1.41416,-0.447196,0.447196,0.0,-0.999961,0.267251,0.0,3
-1.2247,-1.41416,-0.447196,0.447196,0.0,-0.999961,0.267251,1.2247,0
-1.2247,-1.41416,-0.447196,0.447196,0.0,-0.999961,1.069,-1.2247,3
-1.2247,-1.41416,-0.447196,0.447196,0.0,-0.999961,1.069,0.0,3
-1.2247,-1.41416,-0.447196,0.447196,0.0,-0.999961,1.069,1.2247,0
-1.2247,-1.41416,-0.447196,0.447196,0.0,0.999961,-1.33625,-1.2247,3
-1.2247,-1.41416,-0.447196,0.447196,0.0,0.999961,-1.33625,0.0,3
-1.2247,-1.41416,-0.447196,0.447196,0.0,0.999961,-1.33625,1.2247,0
-1.2247,-1.41416,-0.447196,0.447196,0.0,0.999961,0.267251,-1.2247,3
-1.2247,-1.41416,-0.447196,0.447196,0.0,0.999961,0.267251,0.0,3
-1.2247,-1.41416,-0.447196,0.447196,0.0,0.999961,0.267251,1.2247,0
-1.2247,-1.41416,-0.447196,0.447196,0.0,0.999961,1.069,-1.2247,3
-1.2247,-1.41416,-0.447196,0.447196,0.0,0.999961,1.069,0.0,3
-1.2247,-1.41416,-0.447196,0.447196,0.0,0.999961,1.069,1.2247,0
-1.2247,-1.41416,-0.447196,0.447196,1.2247,-0.999961,-1.33625,-1.2247,3
-1.2247,-1.41416,-0.447196,0.447196,1.2247,-0.999961,-1.33625,0.0,3
-1.2247,-1.41416,-0.447196,0.447196,1.2247,-0.999961,-1.33625,1.2247,0
-1.2247,-1.41416,-0.447196,0.447196,1.2247,-0.999961,0.267251,-1.2247,3
-1.2247,-1.41416,-0.447196,0.447196,1.2247,-0.999961,0.267251,0.0,3
-1.2247,-1.41416,-0.447196,0.447196,1.2247,-0.999961,0.267251,1.2247,0
-1.2247,-1.41416,-0.447196,0.447196,1.2247,-0.999961,1.069,-1.2247,3
-1.2247,-1.41416,-0.447196,0.447196,1.2247,-0.999961,1.069,0.0,3
-1.2247,-1.41416,-0.447196,0.447196,1.2247,-0.999961,1.069,1.2247,0
-1.2247,-1.41416,-0.447196,0.447196,1.2247,0.999961,-1.33625,-1.2247,3
-1.2247,-1.41416,-0.447196,0.447196,1.2247,0.999961,-1.33625,0.0,3
-1.2247,-1.41416,-0.447196,0.447196,1.2247,0.999961,-1.33625,1.2247,0
-1.2247,-1.41416,-0.447196,0.447196,1.2247,0.999961,0.267251,-1.2247,3
-1.2247,-1.41416,-0.447196,0.447196,1.2247,0.999961,0.267251,0.0,3
-1.2247,-1.41416,-0.447196,0.447196,1.2247,0.999961,0.267251,1.2247,0
-1.2247,-1.41416,-0.447196,0.447196,1.2247,0.999961,1.069,-1.2247,3
-1.2247,-1.41416,-0.447196,0.447196,1.2247,0.999961,1.069,0.0,3
-1.2247,-1.41416,-0.447196,0.447196,1.2247,0.999961,1.069,1.2247,0
-1.2247,-1.41416,-0.447196,1.34159,-1.2247,-0.999961,-1.33625,-1.2247,2
-1.2247,-1.41416,-0.447196,1.34159,-1.2247,-0.999961,-1.33625,0.0,3
-1.2247,-1.41416,-0.447196,1.34159,-1.2247,-0.999961,-1.33625,1.2247,0
-1.2247,-1.41416,-0.447196,1.34159,-1.2247,-0.999961,0.267251,-1.2247,2
-1.2247,-1.41416,-0.447196,1.34159,-1.2247,-0.999961,0.267251,0.0,3
-1.2247,-1.41416,-0.447196,1.34159,-1.2247,-0.999961,0.267251,1.2247,0
-1.2247,-1.41416,-0.447196,1.34159,-1.2247,-0.999961,1.069,-1.2247,3
-1.2247,-1.41416,-0.447196,1.34159,-1.2247,-0.999961,1.069,0.0,3
-1.2247,-1.41416,-0.447196,1.34159,-1.2247,-0.999961,1.069,1.2247,0
-1.2247,-1.41416,-0.447196,1.34159,-1.2247,0.999961,-1.33625,-1.2247,3
-1.2247,-1.41416,-0.447196,1.34159,-1.2247,0.999961,-1.33625,0.0,3
-1.2247,-1.41416,-0.447196,1.34159,-1.2247,0.999961,-1.33625,1.2247,0
-1.2247,-1.41416,-0.447196,1.34159,-1.2247,0.999961,0.267251,-1.2247,3
-1.2247,-1.41416,-0.447196,1.34159,-1.2247,0.999961,0.267251,0.0,3
-1.2247,-1.41416,-0.447196,1.34159,-1.2247,0.999961,0.267251,1.2247,0
-1.2247,-1.41416,-0.447196,1.34159,-1.2247,0.999961,1.069,-1.2247,3
-1.2247,-1.41416,-0.447196,1.34159,-1.2247,0.999961,1.069,0.0,3
-1.2247,-1.41416,-0.447196,1.34159,-1.2247,0.999961,1.069,1.2247,0
-1.2247,-1.41416,-0.447196,1.34159,0.0,-0.999961,-1.33625,-1.2247,3
-1.2247,-1.41416,-0.447196,1.34159,0.0,-0.999961,-1.33625,0.0,3
-1.2247,-1.41416,-0.447196,1.34159,0.0,-0.999961,-1.33625,1.2247,0
-1.2247,-1.41416,-0.447196,1.34159,0.0,-0.999961,0.267251,-1.2247,3
-1.2247,-1.41416,-0.447196,1.34159,0.0,-0.999961,0.267251,0.0,3
-1.2247,-1.41416,-0.447196,1.34159,0.0,-0.999961,0.267251,1.2247,0
-1.2247,-1.41416,-0.447196,1.34159,0.0,-0.999961,1.069,-1.2247,3
-1.2247,-1.41416,-0.447196,1.34159,0.0,-0.999961,1.069,0.0,3
-1.2247,-1.41416,-0.447196,1.34159,0.0,-0.999961,1.069,1.2247,0
-1.2247,-1.41416,-0.447196,1.34159,0.0,0.999961,-1.33625,-1.2247,3
-1.2247,-1.41416,-0.447196,1.34159,0.0,0.999961,-1.33625,0.0,3
-1.2247,-1.41416,-0.447196,1.34159,0.0,0.999961,-1.33625,1.2247,0
-1.2247,-1.41416,-0.447196,1.34159,0.0,0.999961,0.267251,-1.2247,3
-1.2247,-1.41416,-0.447196,1.34159,0.0,0.999961,0.267251,0.0,3
-1.2247,-1.41416,-0.447196,1.34159,0.0,0.999961,0.267251,1.2247,0
-1.2247,-1.41416,-0.447196,1.34159,0.0,0.999961,1.069,-1.2247,3
-1.2247,-1.41416,-0.447196,1.34159,0.0,0.999961,1.069,0.0,3
-1.2247,-1.41416,-0.447196,1.34159,0.0,0.999961,1.069,1.2247,0
-1.2247,-1.41416,-0.447196,1.34159,1.2247,-0.999961,-1.33625,-1.2247,3
-1.2247,-1.41416,-0.447196,1.34159,1.2247,-0.999961,-1.33625,0.0,3
-1.2247,-1.41416,-0.447196,1.34159,1.2247,-0.999961,-1.33625,1.2247,0
-1.2247,-1.41416,-0.447196,1.34159,1.2247,-0.999961,0.267251,-1.2247,3
-1.2247,-1.41416,-0.447196,1.34159,1.2247,-0.999961,0.267251,0.0,3
-1.2247,-1.41416,-0.447196,1.34159,1.2247,-0.999961,0.267251,1.2247,0
-1.2247,-1.41416,-0.447196,1.34159,1.2247,-0.999961,1.069,-1.2247,3
-1.2247,-1.41416,-0.447196,1.34159,1.2247,-0.999961,1.069,0.0,3
-1.2247,-1.41416,-0.447196,1.34159,1.2247,-0.999961,1.069,1.2247,0
-1.2247,-1.41416,-0.447196,1.34159,1.2247,0.999961,-1.33625,-1.2247,3
-1.2247,-1.41416,-0.447196,1.34159,1.2247,0.999961,-1.33625,0.0,3
-1.2247,-1.41416,-0.447196,1.34159,1.2247,0.999961,-1.33625,1.2247,0
-1.2247,-1.41416,-0.447196,1.34159,1.2247,0.999961,0.267251,-1.2247,3
-1.2247,-1.41416,-0.447196,1.34159,1.2247,0.999961,0.267251,0.0,3
-1.2247,-1.41416,-0.447196,1.34159,1.2247,0.999961,0.267251,1.2247,0
-1.2247,-1.41416,-0.447196,1.34159,1.2247,0.999961,1.069,-1.2247,3
-1.2247,-1.41416,-0.447196,1.34159,1.2247,0.999961,1.069,0.0,3
-1.2247,-1.41416,-0.447196,1.34159,1.2247,0.999961,1.069,1.2247,0
-1.2247,-1.41416,0.447196,-1.34159,-1.2247,-0.999961,-1.33625,-1.2247,2
-1.2247,-1.41416,0.447196,-1.34159,-1.2247,-0.999961,-1.33625,0.0,3
-1.2247,-1.41416,0.447196,-1.34159,-1.2247,-0.999961,-1.33625,1.2247,0
-1.2247,-1.41416,0.447196,-1.34159,-1.2247,-0.999961,0.267251,-1.2247,2
-1.2247,-1.41416,0.447196,-1.34159,-1.2247,-0.999961,0.267251,0.0,3
-1.2247,-1.41416,0.447196,-1.34159,-1.2247,-0.999961,0.267251,1.2247,0
-1.2247,-1.41416,0.447196,-1.34159,-1.2247,-0.999961,1.069,-1.2247,3
-1.2247,-1.41416,0.447196,-1.34159,-1.2247,-0.999961,1.069,0.0,3
-1.2247,-1.41416,0.447196,-1.34159,-1.2247,-0.999961,1.069,1.2247,0
-1.2247,-1.41416,0.447196,-1.34159,-1.2247,0.999961,-1.33625,-1.2247,2
-1.2247,-1.41416,0.447196,-1.34159,-1.2247,0.999961,-1.33625,0.0,3
-1.2247,-1.41416,0.447196,-1.34159,-1.2247,0.999961,-1.33625,1.2247,0
-1.2247,-1.41416,0.447196,-1.34159,-1.2247,0.999961,0.267251,-1.2247,2
-1.2247,-1.41416,0.447196,-1.34159,-1.2247,0.999961,0.267251,0.0,3
-1.2247,-1.41416,0.447196,-1.34159,-1.2247,0.999961,0.267251,1.2247,0
-1.2247,-1.41416,0.447196,-1.34159,-1.2247,0.999961,1.069,-1.2247,3
-1.2247,-1.41416,0.447196,-1.34159,-1.2247,0.999961,1.069,0.0,3
-1.2247,-1.41416,0.447196,-1.34159,-1.2247,0.999961,1.069,1.2247,0
-1.2247,-1.41416,0.447196,-1.34159,0.0,-0.999961,-1.33625,-1.2247,2
-1.2247,-1.41416,0.447196,-1.34159,0.0,-0.999961,-1.33625,0.0,3
-1.2247,-1.41416,0.447196,-1.34159,0.0,-0.999961,-1.33625,1.2247,0
-1.2247,-1.41416,0.447196,-1.34159,0.0,-0.999961,0.267251,-1.2247,2
-1.2247,-1.41416,0.447196,-1.34159,0.0,-0.999961,0.267251,0.0,3
-1.2247,-1.41416,0.447196,-1.34159,0.0,-0.999961,0.267251,1.2247,0
-1.2247,-1.41416,0.447196,-1.34159,0.0,-0.999961,1.069,-1.2247,3
-1.2247,-1.41416,0.447196,-1.34159,0.0,-0.999961,1.069,0.0,3
-1.2247,-1.41416,0.447196,-1.34159,0.0,-0.999961,1.069,1.2247,0
-1.2247,-1.41416,0.447196,-1.34159,0.0,0.999961,-1.33625,-1.2247,2
-1.2247,-1.41416,0.447196,-1.34159,0.0,0.999961,-1.33625,0.0,3
-1.2247,-1.41416,0.447196,-1.34159,0.0,0.999961,-1.33625,1.2247,0
-1.2247,-1.41416,0.447196,-1.34159,0.0,0.999961,0.267251,-1.2247,2
-1.2247,-1.41416,0.447196,-1.34159,0.0,0.999961,0.267251,0.0,3
-1.2247,-1.41416,0.447196,-1.34159,0.0,0.999961,0.267251,1.2247,0
-1.2247,-1.41416,0.447196,-1.34159,0.0,0.999961,1.069,-1.2247,3
-1.2247,-1.41416,0.447196,-1.34159,0.0,0.999961,1.069,0.0,3
-1.2247,-1.41416,0.447196,-1.34159,0.0,0.999961,1.069,1.2247,0
-1.2247,-1.41416,0.447196,-1.34159,1.2247,-0.999961,-1.33625,-1.2247,3
-1.2247,-1.41416,0.447196,-1.34159,1.2247,-0.999961,-1.33625,0.0,3
-1.2247,-1.41416,0.447196,-1.34159,1.2247,-0.999961,-1.33625,1.2247,0
-1.2247,-1.41416,0.447196,-1.34159,1.2247,-0.999961,0.267251,-1.2247,3
-1.2247,-1.41416,0.447196,-1.34159,1.2247,-0.999961,0.267251,0.0,3
-1.2247,-1.41416,0.447196,-1.34159,1.2247,-0.999961,0.267251,1.2247,0
-1.2247,-1.41416,0.447196,-1.34159,1.2247,-0.999961,1.069,-1.2247,3
-1.2247,-1.41416,0.447196,-1.34159,1.2247,-0.999961,1.069,0.0,3
-1.2247,-1.41416,0.447196,-1.34159,1.2247,-0.999961,1.069,1.2247,0
-1.2247,-1.41416,0.447196,-1.34159,1.2247,0.999961,-1.33625,-1.2247,3
-1.2247,-1.41416,0.447196,-1.34159,1.2247,0.999961,-1.33625,0.0,3
-1.2247,-1.41416,0.447196,-1.34159,1.2247,0.999961,-1.33625,1.2247,0
-1.2247,-1.41416,0.447196,-1.34159,1.2247,0.999961,0.267251,-1.2247,3
-1.2247,-1.41416,0.447196,-1.34159,1.2247,0.999961,0.267251,0.0,3
-1.2247,-1.41416,0.447196,-1.34159,1.2247,0.999961,0.267251,1.2247,0
-1.2247,-1.41416,0.447196,-1.34159,1.2247,0.999961,1.069,-1.2247,3
-1.2247,-1.41416,0.447196,-1.34159,1.2247,0.999961,1.069,0.0,3
-1.2247,-1.41416,0.447196,-1.34159,1.2247,0.999961,1.069,1.2247,0
-1.2247,-1.41416,0.447196,-0.447196,-1.2247,-0.999961,-1.33625,-1.2247,2
-1.2247,-1.41416,0.447196,-0.447196,-1.2247,-0.999961,-1.33625,0.0,3
-1.2247,-1.41416,0.447196,-0.447196,-1.2247,-0.999961,-1.33625,1.2247,0
-1.2247,-1.41416,0.447196,-0.447196,-1.2247,-0.999961,0.267251,-1.2247,2
-1.2247,-1.41416,0.447196,-0.447196,-1.2247,-0.999961,0.267251,0.0,3
-1.2247,-1.41416,0.447196,-0.447196,-1.2247,-0.999961,0.267251,1.2247,0
-1.2247,-1.41416,0.447196,-0.447196,-1.2247,-0.999961,1.069,-1.2247,3
-1.2247,-1.41416,0.447196,-0.447196,-1.2247,-0.999961,1.069,0.0,3
-1.2247,-1.41416,0.447196,-0.447196,-1.2247,-0.999961,1.069,1.2247,0
-1.2247,-1.41416,0.447196,-0.447196,-1.2247,0.999961,-1.33625,-1.2247,3
-1.2247,-1.41416,0.447196,-0.447196,-1.2247,0.999961,-1.33625,0.0,3
-1.2247,-1.41416,0.447196,-0.447196,-1.2247,0.999961,-1.33625,1.2247,0
-1.2247,-1.41416,0.447196,-0.447196,-1.2247,0.999961,0.267251,-1.2247,3
-1.2247,-1.41416,0.447196,-0.447196,-1.2247,0.999961,0.267251,0.0,3
-1.2247,-1.41416,0.447196,-0.447196,-1.2247,0.999961,0.267251,1.2247,0
-1.2247,-1.41416,0.447196,-0.447196,-1.2247,0.999961,1.069,-1.2247,3
-1.2247,-1.41416,0.447196,-0.447196,-1.2247,0.999961,1.069,0.0,3
-1.2247,-1.41416,0.447196,-0.447196,-1.2247,0.999961,1.069,1.2247,0
-1.2247,-1.41416,0.447196,-0.447196,0.0,-0.999961,-1.33625,-1.2247,3
-1.2247,-1.41416,0.447196,-0.447196,0.0,-0.999961,-1.33625,0.0,3
-1.2247,-1.41416,0.447196,-0.447196,0.0,-0.999961,-1.33625,1.2247,0
-1.2247,-1.41416,0.447196,-0.447196,0.0,-0.999961,0.267251,-1.2247,3
-1.2247,-1.41416,0.447196,-0.447196,0.0,-0.999961,0.267251,0.0,3
-1.2247,-1.41416,0.447196,-0.447196,0.0,-0.999961,0.267251,1.2247,0
-1.2247,-1.41416,0.447196,-0.447196,0.0,-0.999961,1.069,-1.2247,3
-1.2247,-1.41416,0.447196,-0.447196,0.0,-0.999961,1.069,0.0,3
-1.2247,-1.41416,0.447196,-0.447196,0.0,-0.999961,1.069,1.2247,0
-1.2247,-1.41416,0.447196,-0.447196,0.0,0.999961,-1.33625,-1.2247,3
-1.2247,-1.41416,0.447196,-0.447196,0.0,0.999961,-1.33625,0.0,3
-1.2247,-1.41416,0.447196,-0.447196,0.0,0.999961,-1.33625,1.2247,0
-1.2247,-1.41416,0.447196,-0.447196,0.0,0.999961,0.267251,-1.2247,3
-1.2247,-1.41416,0.447196,-0.447196,0.0,0.999961,0.267251,0.0,3
-1.2247,-1.41416,0.447196,-0.447196,0.0,0.999961,0.267251,1.2247,0
-1.2247,-1.41416,0.447196,-0.447196,0.0,0.999961,1.069,-1.2247,3
-1.2247,-1.41416,0.447196,-0.447196,0.0,0.999961,1.069,0.0,3
-1.2247,-1.41416,0.447196,-0.447196,0.0,0.999961,1.069,1.2247,0
-1.2247,-1.41416,0.447196,-0.447196,1.2247,-0.999961,-1.33625,-1.2247,3
-1.2247,-1.41416,0.447196,-0.447196,1.2247,-0.999961,-1.33625,0.0,3
-1.2247,-1.41416,0.447196,-0.447196,1.2247,-0.999961,-1.33625,1.2247,0
-1.2247,-1.41416,0.447196,-0.447196,1.2247,-0.999961,0.267251,-1.2247,3
-1.2247,-1.41416,0.447196,-0.447196,1.2247,-0.999961,0.267251,0.0,3
-1.2247,-1.41416,0.447196,-0.447196,1.2247,-0.999961,0.267251,1.2247,0
-1.2247,-1.41416,0.447196,-0.447196,1.2247,-0.999961,1.069,-1.2247,3
-1.2247,-1.41416,0.447196,-0.447196,1.2247,-0.999961,1.069,0.0,3
-1.2247,-1.41416,0.447196,-0.447196,1.2247,-0.999961,1.069,1.2247,0
-1.2247,-1.41416,0.447196,-0.447196,1.2247,0.999961,-1.33625,-1.2247,3
-1.2247,-1.41416,0.447196,-0.447196,1.2247,0.999961,-1.33625,0.0,3
-1.2247,-1.41416,0.447196,-0.447196,1.2247,0.999961,-1.33625,1.2247,0
-1.2247,-1.41416,0.447196,-0.447196,1.2247,0.999961,0.267251,-1.2247,3
-1.2247,-1.41416,0.447196,-0.447196,1.2247,0.999961,0.267251,0.0,3
-1.2247,-1.41416,0.447196,-0.447196,1.2247,0.999961,0.267251,1.2247,0
-1.2247,-1.41416,0.447196,-0.447196,1.2247,0.999961,1.069,-1.2247,3
-1.2247,-1.41416,0.447196,-0.447196,1.2247,0.999961,1.069,0.0,3
-1.2247,-1.41416,0.447196,-0.447196,1.2247,0.999961,1.069,1.2247,0
-1.2247,-1.41416,0.447196,0.447196,-1.2247,-0.999961,-1.33625,-1.2247,2
-1.2247,-1.41416,0.447196,0.447196,-1.2247,-0.999961,-1.33625,0.0,3
-1.2247,-1.41416,0.447196,0.447196,-1.2247,-0.999961,-1.33625,1.2247,0
-1.2247,-1.41416,0.447196,0.447196,-1.2247,-0.999961,0.267251,-1.2247,2
-1.2247,-1.41416,0.447196,0.447196,-1.2247,-0.999961,0.267251,0.0,3
-1.2247,-1.41416,0.447196,0.447196,-1.2247,-0.999961,0.267251,1.2247,0
-1.2247,-1.41416,0.447196,0.447196,-1.2247,-0.999961,1.069,-1.2247,3
-1.2247,-1.41416,0.447196,0.447196,-1.2247,-0.999961,1.069,0.0,3
-1.2247,-1.41416,0.447196,0.447196,-1.2247,-0.999961,1.069,1.2247,0
-1.2247,-1.41416,0.447196,0.447196,-1.2247,0.999961,-1.33625,-1.2247,3
-1.2247,-1.41416,0.447196,0.447196,-1.2247,0.999961,-1.33625,0.0,3
-1.2247,-1.41416,0.447196,0.447196,-1.2247,0.999961,-1.33625,1.2247,0
-1.2247,-1.41416,0.447196,0.447196,-1.2247,0.999961,0.267251,-1.2247,3
-1.2247,-1.41416,0.447196,0.447196,-1.2247,0.999961,0.267251,0.0,3
-1.2247,-1.41416,0.447196,0.447196,-1.2247,0.999961,0.267251,1.2247,0
-1.2247,-1.41416,0.447196,0.447196,-1.2247,0.999961,1.069,-1.2247,3
-1.2247,-1.41416,0.447196,0.447196,-1.2247,0.999961,1.069,0.0,3
-1.2247,-1.41416,0.447196,0.447196,-1.2247,0.999961,1.069,1.2247,0
-1.2247,-1.41416,0.447196,0.447196,0.0,-0.999961,-1.33625,-1.2247,3
-1.2247,-1.41416,0.447196,0.447196,0.0,-0.999961,-1.33625,0.0,3
-1.2247,-1.41416,0.447196,0.447196,0.0,-0.999961,-1.33625,1.2247,0
-1.2247,-1.41416,0.447196,0.447196,0.0,-0.999961,0.267251,-1.2247,3
-1.2247,-1.41416,0.447196,0.447196,0.0,-0.999961,0.267251,0.0,3
-1.2247,-1.41416,0.447196,0.447196,0.0,-0.999961,0.267251,1.2247,0
-1.2247,-1.41416,0.447196,0.447196,0.0,-0.999961,1.069,-1.2247,3
-1.2247,-1.41416,0.447196,0.447196,0.0,-0.999961,1.069,0.0,3
-1.2247,-1.41416,0.447196,0.447196,0.0,-0.999961,1.069,1.2247,0
-1.2247,-1.41416,0.447196,0.447196,0.0,0.999961,-1.33625,-1.2247,3
-1.2247,-1.41416,0.447196,0.447196,0.0,0.999961,-1.33625,0.0,3
-1.2247,-1.41416,0.447196,0.447196,0.0,0.999961,-1.33625,1.2247,0
-1.2247,-1.41416,0.447196,0.447196,0.0,0.999961,0.267251,-1.2247,3
-1.2247,-1.41416,0.447196,0.447196,0.0,0.999961,0.267251,0.0,3
-1.2247,-1.41416,0.447196,0.447196,0.0,0.999961,0.267251,1.2247,0
-1.2247,-1.41416,0.447196,0.447196,0.0,0.999961,1.069,-1.2247,3
-1.2247,-1.41416,0.447196,0.447196,0.0,0.999961,1.069,0.0,3
-1.2247,-1.41416,0.447196,0.447196,0.0,0.999961,1.069,1.2247,0
-1.2247,-1.41416,0.447196,0.447196,1.2247,-0.999961,-1.33625,-1.2247,3
-1.2247,-1.41416,0.447196,0.447196,1.2247,-0.999961,-1.33625,0.0,3
-1.2247,-1.41416,0.447196,0.447196,1.2247,-0.999961,-1.33625,1.2247,0
-1.2247,-1.41416,0.447196,0.447196,1.2247,-0.999961,0.267251,-1.2247,3
-1.2247,-1.41416,0.447196,0.447196,1.2247,-0.999961,0.267251,0.0,3
-1.2247,-1.41416,0.447196,0.447196,1.2247,-0.999961,0.267251,1.2247,0
-1.2247,-1.41416,0.447196,0.447196,1.2247,-0.999961,1.069,-1.2247,3
-1.2247,-1.41416,0.447196,0.447196,1.2247,-0.999961,1.069,0.0,3
-1.2247,-1.41416,0.447196,0.447196,1.2247,-0.999961,1.069,1.2247,0
-1.2247,-1.41416,0.447196,0.447196,1.2247,0.999961,-1.33625,-1.2247,3
-1.2247,-1.41416,0.447196,0.447196,1.2247,0.999961,-1.33625,0.0,3
-1.2247,-1.41416,0.447196,0.447196,1.2247,0.999961,-1.33625,1.2247,0
-1.2247,-1.41416,0.447196,0.447196,1.2247,0.999961,0.267251,-1.2247,3
-1.2247,-1.41416,0.447196,0.447196,1.2247,0.999961,0.267251,0.0,3
-1.2247,-1.41416,0.447196,0.447196,1.2247,0.999961,0.267251,1.2247,0
-1.2247,-1.41416,0.447196,0.447196,1.2247,0.999961,1.069,-1.2247,3
-1.2247,-1.41416,0.447196,0.447196,1.2247,0.999961,1.069,0.0,3
-1.2247,-1.41416,0.447196,0.447196,1.2247,0.999961,1.069,1.2247,0
-1.2247,-1.41416,0.447196,1.34159,-1.2247,-0.999961,-1.33625,-1.2247,2
-1.2247,-1.41416,0.447196,1.34159,-1.2247,-0.999961,-1.33625,0.0,3
-1.2247,-1.41416,0.447196,1.34159,-1.2247,-0.999961,-1.33625,1.2247,0
-1.2247,-1.41416,0.447196,1.34159,-1.2247,-0.999961,0.267251,-1.2247,2
-1.2247,-1.41416,0.447196,1.34159,-1.2247,-0.999961,0.267251,0.0,3
-1.2247,-1.41416,0.447196,1.34159,-1.2247,-0.999961,0.267251,1.2247,0
-1.2247,-1.41416,0.447196,1.34159,-1.2247,-0.999961,1.069,-1.2247,3
-1.2247,-1.41416,0.447196,1.34159,-1.2247,-0.999961,1.069,0.0,3
-1.2247,-1.41416,0.447196,1.34159,-1.2247,-0.999961,1.069,1.2247,0
-1.2247,-1.41416,0.447196,1.34159,-1.2247,0.999961,-1.33625,-1.2247,3
-1.2247,-1.41416,0.447196,1.34159,-1.2247,0.999961,-1.33625,0.0,3
-1.2247,-1.41416,0.447196,1.34159,-1.2247,0.999961,-1.33625,1.2247,0
-1.2247,-1.41416,0.447196,1.34159,-1.2247,0.999961,0.267251,-1.2247,3
-1.2247,-1.41416,0.447196,1.34159,-1.2247,0.999961,0.267251,0.0,3
-1.2247,-1.41416,0.447196,1.34159,-1.2247,0.999961,0.267251,1.2247,0
-1.2247,-1.41416,0.447196,1.34159,-1.2247,0.999961,1.069,-1.2247,3
-1.2247,-1.41416,0.447196,1.34159,-1.2247,0.999961,1.069,0.0,3
-1.2247,-1.41416,0.447196,1.34159,-1.2247,0.999961,1.069,1.2247,0
-1.2247,-1.41416,0.447196,1.34159,0.0,-0.999961,-1.33625,-1.2247,3
-1.2247,-1.41416,0.447196,1.34159,0.0,-0.999961,-1.33625,0.0,3
-1.2247,-1.41416,0.447196,1.34159,0.0,-0.999961,-1.33625,1.2247,0
-1.2247,-1.41416,0.447196,1.34159,0.0,-0.999961,0.267251,-1.2247,3
-1.2247,-1.41416,0.447196,1.34159,0.0,-0.999961,0.267251,0.0,3
-1.2247,-1.41416,0.447196,1.34159,0.0,-0.999961,0.267251,1.2247,0
-1.2247,-1.41416,0.447196,1.34159,0.0,-0.999961,1.069,-1.2247,3
-1.2247,-1.41416,0.447196,1.34159,0.0,-0.999961,1.069,0.0,3
-1.2247,-1.41416,0.447196,1.34159,0.0,-0.999961,1.069,1.2247,0
-1.2247,-1.41416,0.447196,1.34159,0.0,0.999961,-1.33625,-1.2247,3
-1.2247,-1.41416,0.447196,1.34159,0.0,0.999961,-1.33625,0.0,3
-1.2247,-1.41416,0.447196,1.34159,0.0,0.999961,-1.33625,1.2247,0
-1.2247,-1.41416,0.447196,1.34159,0.0,0.999961,0.267251,-1.2247,3
-1.2247,-1.41416,0.447196,1.34159,0.0,0.999961,0.267251,0.0,3
-1.2247,-1.41416,0.447196,1.34159,0.0,0.999961,0.267251,1.2247,0
-1.2247,-1.41416,0.447196,1.34159,0.0,0.999961,1.069,-1.2247,3
-1.2247,-1.41416,0.447196,1.34159,0.0,0.999961,1.069,0.0,3
-1.2247,-1.41416,0.447196,1.34159,0.0,0.999961,1.069,1.2247,0
-1.2247,-1.41416,0.447196,1.34159,1.2247,-0.999961,-1.33625,-1.2247,3
-1.2247,-1.41416,0.447196,1.34159,1.2247,-0.999961,-1.33625,0.0,3
-1.2247,-1.41416,0.447196,1.34159,1.2247,-0.999961,-1.33625,1.2247,0
-1.2247,-1.41416,0.447196,1.34159,1.2247,-0.999961,0.267251,-1.2247,3
-1.2247,-1.41416,0.447196,1.34159,1.2247,-0.999961,0.267251,0.0,3
-1.2247,-1.41416,0.447196,1.34159,1.2247,-0.999961,0.267251,1.2247,0
-1.2247,-1.41416,0.447196,1.34159,1.2247,-0.999961,1.069,-1.2247,3
-1.2247,-1.41416,0.447196,1.34159,1.2247,-0.999961,1.069,0.0,3
-1.2247,-1.41416,0.447196,1.34159,1.2247,-0.999961,1.069,1.2247,0
-1.2247,-1.41416,0.447196,1.34159,1.2247,0.999961,-1.33625,-1.2247,3
-1.2247,-1.41416,0.447196,1.34159,1.2247,0.999961,-1.33625,0.0,3
-1.2247,-1.41416,0.447196,1.34159,1.2247,0.999961,-1.33625,1.2247,0
-1.2247,-1.41416,0.447196,1.34159,1.2247,0.999961,0.267251,-1.2247,3
-1.2247,-1.41416,0.447196,1.34159,1.2247,0.999961,0.267251,0.0,3
-1.2247,-1.41416,0.447196,1.34159,1.2247,0.999961,0.267251,1.2247,0
-1.2247,-1.41416,0.447196,1.34159,1.2247,0.999961,1.069,-1.2247,3
-1.2247,-1.41416,0.447196,1.34159,1.2247,0.999961,1.069,0.0,3
-1.2247,-1.41416,0.447196,1.34159,1.2247,0.999961,1.069,1.2247,0
-1.2247,-1.41416,1.34159,-1.34159,-1.2247,-0.999961,-1.33625,-1.2247,2
-1.2247,-1.41416,1.34159,-1.34159,-1.2247,-0.999961,-1.33625,0.0,3
-1.2247,-1.41416,1.34159,-1.34159,-1.2247,-0.999961,-1.33625,1.2247,0
-1.2247,-1.41416,1.34159,-1.34159,-1.2247,-0.999961,0.267251,-1.2247,2
-1.2247,-1.41416,1.34159,-1.34159,-1.2247,-0.999961,0.267251,0.0,3
-1.2247,-1.41416,1.34159,-1.34159,-1.2247,-0.999961,0.267251,1.2247,0
-1.2247,-1.41416,1.34159,-1.34159,-1.2247,-0.999961,1.069,-1.2247,3
-1.2247,-1.41416,1.34159,-1.34159,-1.2247,-0.999961,1.069,0.0,3
-1.2247,-1.41416,1.34159,-1.34159,-1.2247,-0.999961,1.069,1.2247,0
-1.2247,-1.41416,1.34159,-1.34159,-1.2247,0.999961,-1.33625,-1.2247,3
-1.2247,-1.41416,1.34159,-1.34159,-1.2247,0.999961,-1.33625,0.0,3
-1.2247,-1.41416,1.34159,-1.34159,-1.2247,0.999961,-1.33625,1.2247,0
-1.2247,-1.41416,1.34159,-1.34159,-1.2247,0.999961,0.267251,-1.2247,3
-1.2247,-1.41416,1.34159,-1.34159,-1.2247,0.999961,0.267251,0.0,3
-1.2247,-1.41416,1.34159,-1.34159,-1.2247,0.999961,0.267251,1.2247,0
-1.2247,-1.41416,1.34159,-1.34159,-1.2247,0.999961,1.069,-1.2247,3
-1.2247,-1.41416,1.34159,-1.34159,-1.2247,0.999961,1.069,0.0,3
-1.2247,-1.41416,1.34159,-1.34159,-1.2247,0.999961,1.069,1.2247,0
-1.2247,-1.41416,1.34159,-1.34159,0.0,-0.999961,-1.33625,-1.2247,3
-1.2247,-1.41416,1.34159,-1.34159,0.0,-0.999961,-1.33625,0.0,3
-1.2247,-1.41416,1.34159,-1.34159,0.0,-0.999961,-1.33625,1.2247,0
-1.2247,-1.41416,1.34159,-1.34159,0.0,-0.999961,0.267251,-1.2247,3
-1.2247,-1.41416,1.34159,-1.34159,0.0,-0.999961,0.267251,0.0,3
-1.2247,-1.41416,1.34159,-1.34159,0.0,-0.999961,0.267251,1.2247,0
-1.2247,-1.41416,1.34159,-1.34159,0.0,-0.999961,1.069,-1.2247,3
-1.2247,-1.41416,1.34159,-1.34159,0.0,-0.999961,1.069,0.0,3
-1.2247,-1.41416,1.34159,-1.34159,0.0,-0.999961,1.069,1.2247,0
-1.2247,-1.41416,1.34159,-1.34159,0.0,0.999961,-1.33625,-1.2247,3
-1.2247,-1.41416,1.34159,-1.34159,0.0,0.999961,-1.33625,0.0,3
-1.2247,-1.41416,1.34159,-1.34159,0.0,0.999961,-1.33625,1.2247,0
-1.2247,-1.41416,1.34159,-1.34159,0.0,0.999961,0.267251,-1.2247,3
-1.2247,-1.41416,1.34159,-1.34159,0.0,0.999961,0.267251,0.0,3
-1.2247,-1.41416,1.34159,-1.34159,0.0,0.999961,0.267251,1.2247,0
-1.2247,-1.41416,1.34159,-1.34159,0.0,0.999961,1.069,-1.2247,3
-1.2247,-1.41416,1.34159,-1.34159,0.0,0.999961,1.069,0.0,3
-1.2247,-1.41416,1.34159,-1.34159,0.0,0.999961,1.069,1.2247,0
-1.2247,-1.41416,1.34159,-1.34159,1.2247,-0.999961,-1.33625,-1.2247,3
-1.2247,-1.41416,1.34159,-1.34159,1.2247,-0.999961,-1.33625,0.0,3
-1.2247,-1.41416,1.34159,-1.34159,1.2247,-0.999961,-1.33625,1.2247,0
-1.2247,-1.41416,1.34159,-1.34159,1.2247,-0.999961,0.267251,-1.2247,3
-1.2247,-1.41416,1.34159,-1.34159,1.2247,-0.999961,0.267251,0.0,3
-1.2247,-1.41416,1.34159,-1.34159,1.2247,-0.999961,0.267251,1.2247,0
-1.2247,-1.41416,1.34159,-1.34159,1.2247,-0.999961,1.069,-1.2247,3
-1.2247,-1.41416,1.34159,-1.34159,1.2247,-0.999961,1.069,0.0,3
-1.2247,-1.41416,1.34159,-1.34159,1.2247,-0.999961,1.069,1.2247,0
-1.2247,-1.41416,1.34159,-1.34159,1.2247,0.999961,-1.33625,-1.2247,3
-1.2247,-1.41416,1.34159,-1.34159,1.2247,0.999961,-1.33625,0.0,3
-1.2247,-1.41416,1.34159,-1.34159,1.2247,0.999961,-1.33625,1.2247,0
-1.2247,-1.41416,1.34159,-1.34159,1.2247,0.999961,0.267251,-1.2247,3
-1.2247,-1.41416,1.34159,-1.34159,1.2247,0.999961,0.267251,0.0,3
-1.2247,-1.41416,1.34159,-1.34159,1.2247,0.999961,0.267251,1.2247,0
-1.2247,-1.41416,1.34159,-1.34159,1.2247,0.999961,1.069,-1.2247,3
-1.2247,-1.41416,1.34159,-1.34159,1.2247,0.999961,1.069,0.0,3
-1.2247,-1.41416,1.34159,-1.34159,1.2247,0.999961,1.069,1.2247,0
-1.2247,-1.41416,1.34159,-0.447196,-1.2247,-0.999961,-1.33625,-1.2247,2
-1.2247,-1.41416,1.34159,-0.447196,-1.2247,-0.999961,-1.33625,0.0,3
-1.2247,-1.41416,1.34159,-0.447196,-1.2247,-0.999961,-1.33625,1.2247,0
-1.2247,-1.41416,1.34159,-0.447196,-1.2247,-0.999961,0.267251,-1.2247,2
-1.2247,-1.41416,1.34159,-0.447196,-1.2247,-0.999961,0.267251,0.0,3
-1.2247,-1.41416,1.34159,-0.447196,-1.2247,-0.999961,0.267251,1.2247,0
-1.2247,-1.41416,1.34159,-0.447196,-1.2247,-0.999961,1.069,-1.2247,3
-1.2247,-1.41416,1.34159,-0.447196,-1.2247,-0.999961,1.069,0.0,3
-1.2247,-1.41416,1.34159,-0.447196,-1.2247,-0.999961,1.069,1.2247,0
-1.2247,-1.41416,1.34159,-0.447196,-1.2247,0.999961,-1.33625,-1.2247,3
-1.2247,-1.41416,1.34159,-0.447196,-1.2247,0.999961,-1.33625,0.0,3
-1.2247,-1.41416,1.34159,-0.447196,-1.2247,0.999961,-1.33625,1.2247,0
-1.2247,-1.41416,1.34159,-0.447196,-1.2247,0.999961,0.267251,-1.2247,3
-1.2247,-1.41416,1.34159,-0.447196,-1.2247,0.999961,0.267251,0.0,3
-1.2247,-1.41416,1.34159,-0.447196,-1.2247,0.999961,0.267251,1.2247,0
-1.2247,-1.41416,1.34159,-0.447196,-1.2247,0.999961,1.069,-1.2247,3
-1.2247,-1.41416,1.34159,-0.447196,-1.2247,0.999961,1.069,0.0,3
-1.2247,-1.41416,1.34159,-0.447196,-1.2247,0.999961,1.069,1.2247,0
-1.2247,-1.41416,1.34159,-0.447196,0.0,-0.999961,-1.33625,-1.2247,3
-1.2247,-1.41416,1.34159,-0.447196,0.0,-0.999961,-1.33625,0.0,3
-1.2247,-1.41416,1.34159,-0.447196,0.0,-0.999961,-1.33625,1.2247,0
-1.2247,-1.41416,1.34159,-0.447196,0.0,-0.999961,0.267251,-1.2247,3
-1.2247,-1.41416,1.34159,-0.447196,0.0,-0.999961,0.267251,0.0,3
-1.2247,-1.41416,1.34159,-0.447196,0.0,-0.999961,0.267251,1.2247,0
-1.2247,-1.41416,1.34159,-0.447196,0.0,-0.999961,1.069,-1.2247,3
-1.2247,-1.41416,1.34159,-0.447196,0.0,-0.999961,1.069,0.0,3
-1.2247,-1.41416,1.34159,-0.447196,0.0,-0.999961,1.069,1.2247,0
-1.2247,-1.41416,1.34159,-0.447196,0.0,0.999961,-1.33625,-1.2247,3
-1.2247,-1.41416,1.34159,-0.447196,0.0,0.999961,-1.33625,0.0,3
-1.2247,-1.41416,1.34159,-0.447196,0.0,0.999961,-1.33625,1.2247,0
-1.2247,-1.41416,1.34159,-0.447196,0.0,0.999961,0.267251,-1.2247,3
-1.2247,-1.41416,1.34159,-0.447196,0.0,0.999961,0.267251,0.0,3
-1.2247,-1.41416,1.34159,-0.447196,0.0,0.999961,0.267251,1.2247,0
-1.2247,-1.41416,1.34159,-0.447196,0.0,0.999961,1.069,-1.2247,3
-1.2247,-1.41416,1.34159,-0.447196,0.0,0.999961,1.069,0.0,3
-1.2247,-1.41416,1.34159,-0.447196,0.0,0.999961,1.069,1.2247,0
-1.2247,-1.41416,1.34159,-0.447196,1.2247,-0.999961,-1.33625,-1.2247,3
-1.2247,-1.41416,1.34159,-0.447196,1.2247,-0.999961,-1.33625,0.0,3
-1.2247,-1.41416,1.34159,-0.447196,1.2247,-0.999961,-1.33625,1.2247,0
-1.2247,-1.41416,1.34159,-0.447196,1.2247,-0.999961,0.267251,-1.2247,3
-1.2247,-1.41416,1.34159,-0.447196,1.2247,-0.999961,0.267251,0.0,3
-1.2247,-1.41416,1.34159,-0.447196,1.2247,-0.999961,0.267251,1.2247,0
-1.2247,-1.41416,1.34159,-0.447196,1.2247,-0.999961,1.069,-1.2247,3
-1.2247,-1.41416,1.34159,-0.447196,1.2247,-0.999961,1.069,0.0,3
-1.2247,-1.41416,1.34159,-0.447196,1.2247,-0.999961,1.069,1.2247,0
-1.2247,-1.41416,1.34159,-0.447196,1.2247,0.999961,-1.33625,-1.2247,3
-1.2247,-1.41416,1.34159,-0.447196,1.2247,0.999961,-1.33625,0.0,3
-1.2247,-1.41416,1.34159,-0.447196,1.2247,0.999961,-1.33625,1.2247,0
-1.2247,-1.41416,1.34159,-0.447196,1.2247,0.999961,0.267251,-1.2247,3
-1.2247,-1.41416,1.34159,-0.447196,1.2247,0.999961,0.267251,0.0,3
-1.2247,-1.41416,1.34159,-0.447196,1.2247,0.999961,0.267251,1.2247,0
-1.2247,-1.41416,1.34159,-0.447196,1.2247,0.999961,1.069,-1.2247,3
-1.2247,-1.41416,1.34159,-0.447196,1.2247,0.999961,1.069,0.0,3
-1.2247,-1.41416,1.34159,-0.447196,1.2247,0.999961,1.069,1.2247,0
-1.2247,-1.41416,1.34159,0.447196,-1.2247,-0.999961,-1.33625,-1.2247,2
-1.2247,-1.41416,1.34159,0.447196,-1.2247,-0.999961,-1.33625,0.0,3
-1.2247,-1.41416,1.34159,0.447196,-1.2247,-0.999961,-1.33625,1.2247,0
-1.2247,-1.41416,1.34159,0.447196,-1.2247,-0.999961,0.267251,-1.2247,2
-1.2247,-1.41416,1.34159,0.447196,-1.2247,-0.999961,0.267251,0.0,3
-1.2247,-1.41416,1.34159,0.447196,-1.2247,-0.999961,0.267251,1.2247,0
-1.2247,-1.41416,1.34159,0.447196,-1.2247,-0.999961,1.069,-1.2247,3
-1.2247,-1.41416,1.34159,0.447196,-1.2247,-0.999961,1.069,0.0,3
-1.2247,-1.41416,1.34159,0.447196,-1.2247,-0.999961,1.069,1.2247,0
-1.2247,-1.41416,1.34159,0.447196,-1.2247,0.999961,-1.33625,-1.2247,3
-1.2247,-1.41416,1.34159,0.447196,-1.2247,0.999961,-1.33625,0.0,3
-1.2247,-1.41416,1.34159,0.447196,-1.2247,0.999961,-1.33625,1.2247,0
-1.2247,-1.41416,1.34159,0.447196,-1.2247,0.999961,0.267251,-1.2247,3
-1.2247,-1.41416,1.34159,0.447196,-1.2247,0.999961,0.267251,0.0,3
-1.2247,-1.41416,1.34159,0.447196,-1.2247,0.999961,0.267251,1.2247,0
-1.2247,-1.41416,1.34159,0.447196,-1.2247,0.999961,1.069,-1.2247,3
-1.2247,-1.41416,1.34159,0.447196,-1.2247,0.999961,1.069,0.0,3
-1.2247,-1.41416,1.34159,0.447196,-1.2247,0.999961,1.069,1.2247,0
-1.2247,-1.41416,1.34159,0.447196,0.0,-0.999961,-1.33625,-1.2247,3
-1.2247,-1.41416,1.34159,0.447196,0.0,-0.999961,-1.33625,0.0,3
-1.2247,-1.41416,1.34159,0.447196,0.0,-0.999961,-1.33625,1.2247,0
-1.2247,-1.41416,1.34159,0.447196,0.0,-0.999961,0.267251,-1.2247,3
-1.2247,-1.41416,1.34159,0.447196,0.0,-0.999961,0.267251,0.0,3
-1.2247,-1.41416,1.34159,0.447196,0.0,-0.999961,0.267251,1.2247,0
-1.2247,-1.41416,1.34159,0.447196,0.0,-0.999961,1.069,-1.2247,3
-1.2247,-1.41416,1.34159,0.447196,0.0,-0.999961,1.069,0.0,3
-1.2247,-1.41416,1.34159,0.447196,0.0,-0.999961,1.069,1.2247,0
-1.2247,-1.41416,1.34159,0.447196,0.0,0.999961,-1.33625,-1.2247,3
-1.2247,-1.41416,1.34159,0.447196,0.0,0.999961,-1.33625,0.0,3
-1.2247,-1.41416,1.34159,0.447196,0.0,0.999961,-1.33625,1.2247,0
-1.2247,-1.41416,1.34159,0.447196,0.0,0.999961,0.267251,-1.2247,3
-1.2247,-1.41416,1.34159,0.447196,0.0,0.999961,0.267251,0.0,3
-1.2247,-1.41416,1.34159,0.447196,0.0,0.999961,0.267251,1.2247,0
-1.2247,-1.41416,1.34159,0.447196,0.0,0.999961,1.069,-1.2247,3
-1.2247,-1.41416,1.34159,0.447196,0.0,0.999961,1.069,0.0,3
-1.2247,-1.41416,1.34159,0.447196,0.0,0.999961,1.069,1.2247,0
-1.2247,-1.41416,1.34159,0.447196,1.2247,-0.999961,-1.33625,-1.2247,3
-1.2247,-1.41416,1.34159,0.447196,1.2247,-0.999961,-1.33625,0.0,3
-1.2247,-1.41416,1.34159,0.447196,1.2247,-0.999961,-1.33625,1.2247,0
-1.2247,-1.41416,1.34159,0.447196,1.2247,-0.999961,0.267251,-1.2247,3
-1.2247,-1.41416,1.34159,0.447196,1.2247,-0.999961,0.267251,0.0,3
-1.2247,-1.41416,1.34159,0.447196,1.2247,-0.999961,0.267251,1.2247,0
-1.2247,-1.41416,1.34159,0.447196,1.2247,-0.999961,1.069,-1.2247,3
-1.2247,-1.41416,1.34159,0.447196,1.2247,-0.999961,1.069,0.0,3
-1.2247,-1.41416,1.34159,0.447196,1.2247,-0.999961,1.069,1.2247,0
-1.2247,-1.41416,1.34159,0.447196,1.2247,0.999961,-1.33625,-1.2247,3
-1.2247,-1.41416,1.34159,0.447196,1.2247,0.999961,-1.33625,0.0,3
-1.2247,-1.41416,1.34159,0.447196,1.2247,0.999961,-1.33625,1.2247,0
-1.2247,-1.41416,1.34159,0.447196,1.2247,0.999961,0.267251,-1.2247,3
-1.2247,-1.41416,1.34159,0.447196,1.2247,0.999961,0.267251,0.0,3
-1.2247,-1.41416,1.34159,0.447196,1.2247,0.999961,0.267251,1.2247,0
-1.2247,-1.41416,1.34159,0.447196,1.2247,0.999961,1.069,-1.2247,3
-1.2247,-1.41416,1.34159,0.447196,1.2247,0.999961,1.069,0.0,3
-1.2247,-1.41416,1.34159,0.447196,1.2247,0.999961,1.069,1.2247,0
-1.2247,-1.41416,1.34159,1.34159,-1.2247,-0.999961,-1.33625,-1.2247,2
-1.2247,-1.41416,1.34159,1.34159,-1.2247,-0.999961,-1.33625,0.0,3
-1.2247,-1.41416,1.34159,1.34159,-1.2247,-0.999961,-1.33625,1.2247,0
-1.2247,-1.41416,1.34159,1.34159,-1.2247,-0.999961,0.267251,-1.2247,2
-1.2247,-1.41416,1.34159,1.34159,-1.2247,-0.999961,0.267251,0.0,3
-1.2247,-1.41416,1.34159,1.34159,-1.2247,-0.999961,0.267251,1.2247,0
-1.2247,-1.41416,1.34159,1.34159,-1.2247,-0.999961,1.069,-1.2247,3
-1.2247,-1.41416,1.34159,1.34159,-1.2247,-0.999961,1.069,0.0,3
-1.2247,-1.41416,1.34159,1.34159,-1.2247,-0.999961,1.069,1.2247,0
-1.2247,-1.41416,1.34159,1.34159,-1.2247,0.999961,-1.33625,-1.2247,3
-1.2247,-1.41416,1.34159,1.34159,-1.2247,0.999961,-1.33625,0.0,3
-1.2247,-1.41416,1.34159,1.34159,-1.2247,0.999961,-1.33625,1.2247,0
-1.2247,-1.41416,1.34159,1.34159,-1.2247,0.999961,0.267251,-1.2247,3
-1.2247,-1.41416,1.34159,1.34159,-1.2247,0.999961,0.267251,0.0,3
-1.2247,-1.41416,1.34159,1.34159,-1.2247,0.999961,0.267251,1.2247,0
-1.2247,-1.41416,1.34159,1.34159,-1.2247,0.999961,1.069,-1.2247,3
-1.2247,-1.41416,1.34159,1.34159,-1.2247,0.999961,1.069,0.0,3
-1.2247,-1.41416,1.34159,1.34159,-1.2247,0.999961,1.069,1.2247,0
-1.2247,-1.41416,1.34159,1.34159,0.0,-0.999961,-1.33625,-1.2247,3
-1.2247,-1.41416,1.34159,1.34159,0.0,-0.999961,-1.33625,0.0,3
-1.2247,-1.41416,1.34159,1.34159,0.0,-0.999961,-1.33625,1.2247,0
-1.2247,-1.41416,1.34159,1.34159,0.0,-0.999961,0.267251,-1.2247,3
-1.2247,-1.41416,1.34159,1.34159,0.0,-0.999961,0.267251,0.0,3
-1.2247,-1.41416,1.34159,1.34159,0.0,-0.999961,0.267251,1.2247,0
-1.2247,-1.41416,1.34159,1.34159,0.0,-0.999961,1.069,-1.2247,3
-1.2247,-1.41416,1.34159,1.34159,0.0,-0.999961,1.069,0.0,3
-1.2247,-1.41416,1.34159,1.34159,0.0,-0.999961,1.069,1.2247,0
-1.2247,-1.41416,1.34159,1.34159,0.0,0.999961,-1.33625,-1.2247,3
-1.2247,-1.41416,1.34159,1.34159,0.0,0.999961,-1.33625,0.0,3
-1.2247,-1.41416,1.34159,1.34159,0.0,0.999961,-1.33625,1.2247,0
-1.2247,-1.41416,1.34159,1.34159,0.0,0.999961,0.267251,-1.2247,3
-1.2247,-1.41416,1.34159,1.34159,0.0,0.999961,0.267251,0.0,3
-1.2247,-1.41416,1.34159,1.34159,0.0,0.999961,0.267251,1.2247,0
-1.2247,-1.41416,1.34159,1.34159,0.0,0.999961,1.069,-1.2247,3
-1.2247,-1.41416,1.34159,1.34159,0.0,0.999961,1.069,0.0,3
-1.2247,-1.41416,1.34159,1.34159,0.0,0.999961,1.069,1.2247,0
-1.2247,-1.41416,1.34159,1.34159,1.2247,-0.999961,-1.33625,-1.2247,3
-1.2247,-1.41416,1.34159,1.34159,1.2247,-0.999961,-1.33625,0.0,3
-1.2247,-1.41416,1.34159,1.34159,1.2247,-0.999961,-1.33625,1.2247,0
-1.2247,-1.41416,1.34159,1.34159,1.2247,-0.999961,0.267251,-1.2247,3
-1.2247,-1.41416,1.34159,1.34159,1.2247,-0.999961,0.267251,0.0,3
-1.2247,-1.41416,1.34159,1.34159,1.2247,-0.999961,0.267251,1.2247,0
-1.2247,-1.41416,1.34159,1.34159,1.2247,-0.999961,1.069,-1.2247,3
-1.2247,-1.41416,1.34159,1.34159,1.2247,-0.999961,1.069,0.0,3
-1.2247,-1.41416,1.34159,1.34159,1.2247,-0.999961,1.069,1.2247,0
-1.2247,-1.41416,1.34159,1.34159,1.2247,0.999961,-1.33625,-1.2247,3
-1.2247,-1.41416,1.34159,1.34159,1.2247,0.999961,-1.33625,0.0,3
-1.2247,-1.41416,1.34159,1.34159,1.2247,0.999961,-1.33625,1.2247,0
-1.2247,-1.41416,1.34159,1.34159,1.2247,0.999961,0.267251,-1.2247,3
-1.2247,-1.41416,1.34159,1.34159,1.2247,0.999961,0.267251,0.0,3
-1.2247,-1.41416,1.34159,1.34159,1.2247,0.999961,0.267251,1.2247,0
-1.2247,-1.41416,1.34159,1.34159,1.2247,0.999961,1.069,-1.2247,3
-1.2247,-1.41416,1.34159,1.34159,1.2247,0.999961,1.069,0.0,3
-1.2247,-1.41416,1.34159,1.34159,1.2247,0.999961,1.069,1.2247,0
-1.2247,-0.70708,-1.34159,-1.34159,-1.2247,-0.999961,-1.33625,-1.2247,2
-1.2247,-0.70708,-1.34159,-1.34159,-1.2247,-0.999961,-1.33625,0.0,3
-1.2247,-0.70708,-1.34159,-1.34159,-1.2247,-0.999961,-1.33625,1.2247,0
-1.2247,-0.70708,-1.34159,-1.34159,-1.2247,-0.999961,0.267251,-1.2247,2
-1.2247,-0.70708,-1.34159,-1.34159,-1.2247,-0.999961,0.267251,0.0,3
-1.2247,-0.70708,-1.34159,-1.34159,-1.2247,-0.999961,0.267251,1.2247,0
-1.2247,-0.70708,-1.34159,-1.34159,-1.2247,-0.999961,1.069,-1.2247,3
-1.2247,-0.70708,-1.34159,-1.34159,-1.2247,-0.999961,1.069,0.0,3
-1.2247,-0.70708,-1.34159,-1.34159,-1.2247,-0.999961,1.069,1.2247,0
-1.2247,-0.70708,-1.34159,-1.34159,-1.2247,0.999961,-1.33625,-1.2247,2
-1.2247,-0.70708,-1.34159,-1.34159,-1.2247,0.999961,-1.33625,0.0,3
-1.2247,-0.70708,-1.34159,-1.34159,-1.2247,0.999961,-1.33625,1.2247,0
-1.2247,-0.70708,-1.34159,-1.34159,-1.2247,0.999961,0.267251,-1.2247,2
-1.2247,-0.70708,-1.34159,-1.34159,-1.2247,0.999961,0.267251,0.0,3
-1.2247,-0.70708,-1.34159,-1.34159,-1.2247,0.999961,0.267251,1.2247,0
-1.2247,-0.70708,-1.34159,-1.34159,-1.2247,0.999961,1.069,-1.2247,3
-1.2247,-0.70708,-1.34159,-1.34159,-1.2247,0.999961,1.069,0.0,3
-1.2247,-0.70708,-1.34159,-1.34159,-1.2247,0.999961,1.069,1.2247,0
-1.2247,-0.70708,-1.34159,-1.34159,0.0,-0.999961,-1.33625,-1.2247,2
-1.2247,-0.70708,-1.34159,-1.34159,0.0,-0.999961,-1.33625,0.0,3
-1.2247,-0.70708,-1.34159,-1.34159,0.0,-0.999961,-1.33625,1.2247,0
-1.2247,-0.70708,-1.34159,-1.34159,0.0,-0.999961,0.267251,-1.2247,2
-1.2247,-0.70708,-1.34159,-1.34159,0.0,-0.999961,0.267251,0.0,3
-1.2247,-0.70708,-1.34159,-1.34159,0.0,-0.999961,0.267251,1.2247,0
-1.2247,-0.70708,-1.34159,-1.34159,0.0,-0.999961,1.069,-1.2247,3
-1.2247,-0.70708,-1.34159,-1.34159,0.0,-0.999961,1.069,0.0,3
-1.2247,-0.70708,-1.34159,-1.34159,0.0,-0.999961,1.069,1.2247,0
-1.2247,-0.70708,-1.34159,-1.34159,0.0,0.999961,-1.33625,-1.2247,2
-1.2247,-0.70708,-1.34159,-1.34159,0.0,0.999961,-1.33625,0.0,3
-1.2247,-0.70708,-1.34159,-1.34159,0.0,0.999961,-1.33625,1.2247,0
-1.2247,-0.70708,-1.34159,-1.34159,0.0,0.999961,0.267251,-1.2247,2
-1.2247,-0.70708,-1.34159,-1.34159,0.0,0.999961,0.267251,0.0,3
-1.2247,-0.70708,-1.34159,-1.34159,0.0,0.999961,0.267251,1.2247,0
-1.2247,-0.70708,-1.34159,-1.34159,0.0,0.999961,1.069,-1.2247,3
-1.2247,-0.70708,-1.34159,-1.34159,0.0,0.999961,1.069,0.0,3
-1.2247,-0.70708,-1.34159,-1.34159,0.0,0.999961,1.069,1.2247,0
-1.2247,-0.70708,-1.34159,-1.34159,1.2247,-0.999961,-1.33625,-1.2247,2
-1.2247,-0.70708,-1.34159,-1.34159,1.2247,-0.999961,-1.33625,0.0,3
-1.2247,-0.70708,-1.34159,-1.34159,1.2247,-0.999961,-1.33625,1.2247,0
-1.2247,-0.70708,-1.34159,-1.34159,1.2247,-0.999961,0.267251,-1.2247,2
-1.2247,-0.70708,-1.34159,-1.34159,1.2247,-0.999961,0.267251,0.0,3
-1.2247,-0.70708,-1.34159,-1.34159,1.2247,-0.999961,0.267251,1.2247,0
-1.2247,-0.70708,-1.34159,-1.34159,1.2247,-0.999961,1.069,-1.2247,3
-1.2247,-0.70708,-1.34159,-1.34159,1.2247,-0.999961,1.069,0.0,3
-1.2247,-0.70708,-1.34159,-1.34159,1.2247,-0.999961,1.069,1.2247,0
-1.2247,-0.70708,-1.34159,-1.34159,1.2247,0.999961,-1.33625,-1.2247,2
-1.2247,-0.70708,-1.34159,-1.34159,1.2247,0.999961,-1.33625,0.0,3
-1.2247,-0.70708,-1.34159,-1.34159,1.2247,0.999961,-1.33625,1.2247,0
-1.2247,-0.70708,-1.34159,-1.34159,1.2247,0.999961,0.267251,-1.2247,2
-1.2247,-0.70708,-1.34159,-1.34159,1.2247,0.999961,0.267251,0.0,3
-1.2247,-0.70708,-1.34159,-1.34159,1.2247,0.999961,0.267251,1.2247,0
-1.2247,-0.70708,-1.34159,-1.34159,1.2247,0.999961,1.069,-1.2247,3
-1.2247,-0.70708,-1.34159,-1.34159,1.2247,0.999961,1.069,0.0,3
-1.2247,-0.70708,-1.34159,-1.34159,1.2247,0.999961,1.069,1.2247,0
-1.2247,-0.70708,-1.34159,-0.447196,-1.2247,-0.999961,-1.33625,-1.2247,2
-1.2247,-0.70708,-1.34159,-0.447196,-1.2247,-0.999961,-1.33625,0.0,3
-1.2247,-0.70708,-1.34159,-0.447196,-1.2247,-0.999961,-1.33625,1.2247,0
-1.2247,-0.70708,-1.34159,-0.447196,-1.2247,-0.999961,0.267251,-1.2247,2
-1.2247,-0.70708,-1.34159,-0.447196,-1.2247,-0.999961,0.267251,0.0,3
-1.2247,-0.70708,-1.34159,-0.447196,-1.2247,-0.999961,0.267251,1.2247,0
-1.2247,-0.70708,-1.34159,-0.447196,-1.2247,-0.999961,1.069,-1.2247,3
-1.2247,-0.70708,-1.34159,-0.447196,-1.2247,-0.999961,1.069,0.0,3
-1.2247,-0.70708,-1.34159,-0.447196,-1.2247,-0.999961,1.069,1.2247,0
-1.2247,-0.70708,-1.34159,-0.447196,-1.2247,0.999961,-1.33625,-1.2247,2
-1.2247,-0.70708,-1.34159,-0.447196,-1.2247,0.999961,-1.33625,0.0,3
-1.2247,-0.70708,-1.34159,-0.447196,-1.2247,0.999961,-1.33625,1.2247,0
-1.2247,-0.70708,-1.34159,-0.447196,-1.2247,0.999961,0.267251,-1.2247,2
-1.2247,-0.70708,-1.34159,-0.447196,-1.2247,0.999961,0.267251,0.0,3
-1.2247,-0.70708,-1.34159,-0.447196,-1.2247,0.999961,0.267251,1.2247,0
-1.2247,-0.70708,-1.34159,-0.447196,-1.2247,0.999961,1.069,-1.2247,3
-1.2247,-0.70708,-1.34159,-0.447196,-1.2247,0.999961,1.069,0.0,3
-1.2247,-0.70708,-1.34159,-0.447196,-1.2247,0.999961,1.069,1.2247,0
-1.2247,-0.70708,-1.34159,-0.447196,0.0,-0.999961,-1.33625,-1.2247,2
-1.2247,-0.70708,-1.34159,-0.447196,0.0,-0.999961,-1.33625,0.0,3
-1.2247,-0.70708,-1.34159,-0.447196,0.0,-0.999961,-1.33625,1.2247,0
-1.2247,-0.70708,-1.34159,-0.447196,0.0,-0.999961,0.267251,-1.2247,2
-1.2247,-0.70708,-1.34159,-0.447196,0.0,-0.999961,0.267251,0.0,3
-1.2247,-0.70708,-1.34159,-0.447196,0.0,-0.999961,0.267251,1.2247,0
-1.2247,-0.70708,-1.34159,-0.447196,0.0,-0.999961,1.069,-1.2247,3
-1.2247,-0.70708,-1.34159,-0.447196,0.0,-0.999961,1.069,0.0,3
-1.2247,-0.70708,-1.34159,-0.447196,0.0,-0.999961,1.069,1.2247,0
-1.2247,-0.70708,-1.34159,-0.447196,0.0,0.999961,-1.33625,-1.2247,2
-1.2247,-0.70708,-1.34159,-0.447196,0.0,0.999961,-1.33625,0.0,3
-1.2247,-0.70708,-1.34159,-0.447196,0.0,0.999961,-1.33625,1.2247,0
-1.2247,-0.70708,-1.34159,-0.447196,0.0,0.999961,0.267251,-1.2247,2
-1.2247,-0.70708,-1.34159,-0.447196,0.0,0.999961,0.267251,0.0,3
-1.2247,-0.70708,-1.34159,-0.447196,0.0,0.999961,0.267251,1.2247,0
-1.2247,-0.70708,-1.34159,-0.447196,0.0,0.999961,1.069,-1.2247,3
-1.2247,-0.70708,-1.34159,-0.447196,0.0,0.999961,1.069,0.0,3
-1.2247,-0.70708,-1.34159,-0.447196,0.0,0.999961,1.069,1.2247,0
-1.2247,-0.70708,-1.34159,-0.447196,1.2247,-0.999961,-1.33625,-1.2247,3
-1.2247,-0.70708,-1.34159,-0.447196,1.2247,-0.999961,-1.33625,0.0,3
-1.2247,-0.70708,-1.34159,-0.447196,1.2247,-0.999961,-1.33625,1.2247,0
-1.2247,-0.70708,-1.34159,-0.447196,1.2247,-0.999961,0.267251,-1.2247,3
-1.2247,-0.70708,-1.34159,-0.447196,1.2247,-0.999961,0.267251,0.0,3
-1.2247,-0.70708,-1.34159,-0.447196,1.2247,-0.999961,0.267251,1.2247,0
-1.2247,-0.70708,-1.34159,-0.447196,1.2247,-0.999961,1.069,-1.2247,3
-1.2247,-0.70708,-1.34159,-0.447196,1.2247,-0.999961,1.069,0.0,3
-1.2247,-0.70708,-1.34159,-0.447196,1.2247,-0.999961,1.069,1.2247,0
-1.2247,-0.70708,-1.34159,-0.447196,1.2247,0.999961,-1.33625,-1.2247,3
-1.2247,-0.70708,-1.34159,-0.447196,1.2247,0.999961,-1.33625,0.0,3
-1.2247,-0.70708,-1.34159,-0.447196,1.2247,0.999961,-1.33625,1.2247,0
-1.2247,-0.70708,-1.34159,-0.447196,1.2247,0.999961,0.267251,-1.2247,3
-1.2247,-0.70708,-1.34159,-0.447196,1.2247,0.999961,0.267251,0.0,3
-1.2247,-0.70708,-1.34159,-0.447196,1.2247,0.999961,0.267251,1.2247,0
-1.2247,-0.70708,-1.34159,-0.447196,1.2247,0.999961,1.069,-1.2247,3
-1.2247,-0.70708,-1.34159,-0.447196,1.2247,0.999961,1.069,0.0,3
-1.2247,-0.70708,-1.34159,-0.447196,1.2247,0.999961,1.069,1.2247,0
-1.2247,-0.70708,-1.34159,0.447196,-1.2247,-0.999961,-1.33625,-1.2247,2
-1.2247,-0.70708,-1.34159,0.447196,-1.2247,-0.999961,-1.33625,0.0,3
-1.2247,-0.70708,-1.34159,0.447196,-1.2247,-0.999961,-1.33625,1.2247,0
-1.2247,-0.70708,-1.34159,0.447196,-1.2247,-0.999961,0.267251,-1.2247,2
-1.2247,-0.70708,-1.34159,0.447196,-1.2247,-0.999961,0.267251,0.0,3
-1.2247,-0.70708,-1.34159,0.447196,-1.2247,-0.999961,0.267251,1.2247,0
-1.2247,-0.70708,-1.34159,0.447196,-1.2247,-0.999961,1.069,-1.2247,3
-1.2247,-0.70708,-1.34159,0.447196,-1.2247,-0.999961,1.069,0.0,3
-1.2247,-0.70708,-1.34159,0.447196,-1.2247,-0.999961,1.069,1.2247,0
-1.2247,-0.70708,-1.34159,0.447196,-1.2247,0.999961,-1.33625,-1.2247,3
-1.2247,-0.70708,-1.34159,0.447196,-1.2247,0.999961,-1.33625,0.0,3
-1.2247,-0.70708,-1.34159,0.447196,-1.2247,0.999961,-1.33625,1.2247,0
-1.2247,-0.70708,-1.34159,0.447196,-1.2247,0.999961,0.267251,-1.2247,3
-1.2247,-0.70708,-1.34159,0.447196,-1.2247,0.999961,0.267251,0.0,3
-1.2247,-0.70708,-1.34159,0.447196,-1.2247,0.999961,0.267251,1.2247,0
-1.2247,-0.70708,-1.34159,0.447196,-1.2247,0.999961,1.069,-1.2247,3
-1.2247,-0.70708,-1.34159,0.447196,-1.2247,0.999961,1.069,0.0,3
-1.2247,-0.70708,-1.34159,0.447196,-1.2247,0.999961,1.069,1.2247,0
-1.2247,-0.70708,-1.34159,0.447196,0.0,-0.999961,-1.33625,-1.2247,3
-1.2247,-0.70708,-1.34159,0.447196,0.0,-0.999961,-1.33625,0.0,3
-1.2247,-0.70708,-1.34159,0.447196,0.0,-0.999961,-1.33625,1.2247,0
-1.2247,-0.70708,-1.34159,0.447196,0.0,-0.999961,0.267251,-1.2247,3
-1.2247,-0.70708,-1.34159,0.447196,0.0,-0.999961,0.267251,0.0,3
-1.2247,-0.70708,-1.34159,0.447196,0.0,-0.999961,0.267251,1.2247,0
-1.2247,-0.70708,-1.34159,0.447196,0.0,-0.999961,1.069,-1.2247,3
-1.2247,-0.70708,-1.34159,0.447196,0.0,-0.999961,1.069,0.0,3
-1.2247,-0.70708,-1.34159,0.447196,0.0,-0.999961,1.069,1.2247,0
-1.2247,-0.70708,-1.34159,0.447196,0.0,0.999961,-1.33625,-1.2247,3
-1.2247,-0.70708,-1.34159,0.447196,0.0,0.999961,-1.33625,0.0,3
-1.2247,-0.70708,-1.34159,0.447196,0.0,0.999961,-1.33625,1.2247,0
-1.2247,-0.70708,-1.34159,0.447196,0.0,0.999961,0.267251,-1.2247,3
-1.2247,-0.70708,-1.34159,0.447196,0.0,0.999961,0.267251,0.0,3
-1.2247,-0.70708,-1.34159,0.447196,0.0,0.999961,0.267251,1.2247,0
-1.2247,-0.70708,-1.34159,0.447196,0.0,0.999961,1.069,-1.2247,3
-1.2247,-0.70708,-1.34159,0.447196,0.0,0.999961,1.069,0.0,3
-1.2247,-0.70708,-1.34159,0.447196,0.0,0.999961,1.069,1.2247,0
-1.2247,-0.70708,-1.34159,0.447196,1.2247,-0.999961,-1.33625,-1.2247,3
-1.2247,-0.70708,-1.34159,0.447196,1.2247,-0.999961,-1.33625,0.0,3
-1.2247,-0.70708,-1.34159,0.447196,1.2247,-0.999961,-1.33625,1.2247,0
-1.2247,-0.70708,-1.34159,0.447196,1.2247,-0.999961,0.267251,-1.2247,3
-1.2247,-0.70708,-1.34159,0.447196,1.2247,-0.999961,0.267251,0.0,3
-1.2247,-0.70708,-1.34159,0.447196,1.2247,-0.999961,0.267251,1.2247,0
-1.2247,-0.70708,-1.34159,0.447196,1.2247,-0.999961,1.069,-1.2247,3
-1.2247,-0.70708,-1.34159,0.447196,1.2247,-0.999961,1.069,0.0,3
-1.2247,-0.70708,-1.34159,0.447196,1.2247,-0.999961,1.069,1.2247,0
-1.2247,-0.70708,-1.34159,0.447196,1.2247,0.999961,-1.33625,-1.2247,3
-1.2247,-0.70708,-1.34159,0.447196,1.2247,0.999961,-1.33625,0.0,3
-1.2247,-0.70708,-1.34159,0.447196,1.2247,0.999961,-1.33625,1.2247,0
-1.2247,-0.70708,-1.34159,0.447196,1.2247,0.999961,0.267251,-1.2247,3
-1.2247,-0.70708,-1.34159,0.447196,1.2247,0.999961,0.267251,0.0,3
-1.2247,-0.70708,-1.34159,0.447196,1.2247,0.999961,0.267251,1.2247,0
-1.2247,-0.70708,-1.34159,0.447196,1.2247,0.999961,1.069,-1.2247,3
-1.2247,-0.70708,-1.34159,0.447196,1.2247,0.999961,1.069,0.0,3
-1.2247,-0.70708,-1.34159,0.447196,1.2247,0.999961,1.069,1.2247,0
-1.2247,-0.70708,-1.34159,1.34159,-1.2247,-0.999961,-1.33625,-1.2247,2
-1.2247,-0.70708,-1.34159,1.34159,-1.2247,-0.999961,-1.33625,0.0,3
-1.2247,-0.70708,-1.34159,1.34159,-1.2247,-0.999961,-1.33625,1.2247,0
-1.2247,-0.70708,-1.34159,1.34159,-1.2247,-0.999961,0.267251,-1.2247,2
-1.2247,-0.70708,-1.34159,1.34159,-1.2247,-0.999961,0.267251,0.0,3
-1.2247,-0.70708,-1.34159,1.34159,-1.2247,-0.999961,0.267251,1.2247,0
-1.2247,-0.70708,-1.34159,1.34159,-1.2247,-0.999961,1.069,-1.2247,3
-1.2247,-0.70708,-1.34159,1.34159,-1.2247,-0.999961,1.069,0.0,3
-1.2247,-0.70708,-1.34159,1.34159,-1.2247,-0.999961,1.069,1.2247,0
-1.2247,-0.70708,-1.34159,1.34159,-1.2247,0.999961,-1.33625,-1.2247,3
-1.2247,-0.70708,-1.34159,1.34159,-1.2247,0.999961,-1.33625,0.0,3
-1.2247,-0.70708,-1.34159,1.34159,-1.2247,0.999961,-1.33625,1.2247,0
-1.2247,-0.70708,-1.34159,1.34159,-1.2247,0.999961,0.267251,-1.2247,3
-1.2247,-0.70708,-1.34159,1.34159,-1.2247,0.999961,0.267251,0.0,3
-1.2247,-0.70708,-1.34159,1.34159,-1.2247,0.999961,0.267251,1.2247,0
-1.2247,-0.70708,-1.34159,1.34159,-1.2247,0.999961,1.069,-1.2247,3
-1.2247,-0.70708,-1.34159,1.34159,-1.2247,0.999961,1.069,0.0,3
-1.2247,-0.70708,-1.34159,1.34159,-1.2247,0.999961,1.069,1.2247,0
-1.2247,-0.70708,-1.34159,1.34159,0.0,-0.999961,-1.33625,-1.2247,3
-1.2247,-0.70708,-1.34159,1.34159,0.0,-0.999961,-1.33625,0.0,3
-1.2247,-0.70708,-1.34159,1.34159,0.0,-0.999961,-1.33625,1.2247,0
-1.2247,-0.70708,-1.34159,1.34159,0.0,-0.999961,0.267251,-1.2247,3
-1.2247,-0.70708,-1.34159,1.34159,0.0,-0.999961,0.267251,0.0,3
-1.2247,-0.70708,-1.34159,1.34159,0.0,-0.999961,0.267251,1.2247,0
-1.2247,-0.70708,-1.34159,1.34159,0.0,-0.999961,1.069,-1.2247,3
-1.2247,-0.70708,-1.34159,1.34159,0.0,-0.999961,1.069,0.0,3
-1.2247,-0.70708,-1.34159,1.34159,0.0,-0.999961,1.069,1.2247,0
-1.2247,-0.70708,-1.34159,1.34159,0.0,0.999961,-1.33625,-1.2247,3
-1.2247,-0.70708,-1.34159,1.34159,0.0,0.999961,-1.33625,0.0,3
-1.2247,-0.70708,-1.34159,1.34159,0.0,0.999961,-1.33625,1.2247,0
-1.2247,-0.70708,-1.34159,1.34159,0.0,0.999961,0.267251,-1.2247,3
-1.2247,-0.70708,-1.34159,1.34159,0.0,0.999961,0.267251,0.0,3
-1.2247,-0.70708,-1.34159,1.34159,0.0,0.999961,0.267251,1.2247,0
-1.2247,-0.70708,-1.34159,1.34159,0.0,0.999961,1.069,-1.2247,3
-1.2247,-0.70708,-1.34159,1.34159,0.0,0.999961,1.069,0.0,3
-1.2247,-0.70708,-1.34159,1.34159,0.0,0.999961,1.069,1.2247,0
-1.2247,-0.70708,-1.34159,1.34159,1.2247,-0.999961,-1.33625,-1.2247,3
-1.2247,-0.70708,-1.34159,1.34159,1.2247,-0.999961,-1.33625,0.0,3
-1.2247,-0.70708,-1.34159,1.34159,1.2247,-0.999961,-1.33625,1.2247,0
-1.2247,-0.70708,-1.34159,1.34159,1.2247,-0.999961,0.267251,-1.2247,3
-1.2247,-0.70708,-1.34159,1.34159,1.2247,-0.999961,0.267251,0.0,3
-1.2247,-0.70708,-1.34159,1.34159,1.2247,-0.999961,0.267251,1.2247,0
-1.2247,-0.70708,-1.34159,1.34159,1.2247,-0.999961,1.069,-1.2247,3
-1.2247,-0.70708,-1.34159,1.34159,1.2247,-0.999961,1.069,0.0,3
-1.2247,-0.70708,-1.34159,1.34159,1.2247,-0.999961,1.069,1.2247,0
-1.2247,-0.70708,-1.34159,1.34159,1.2247,0.999961,-1.33625,-1.2247,3
-1.2247,-0.70708,-1.34159,1.34159,1.2247,0.999961,-1.33625,0.0,3
-1.2247,-0.70708,-1.34159,1.34159,1.2247,0.999961,-1.33625,1.2247,0
-1.2247,-0.70708,-1.34159,1.34159,1.2247,0.999961,0.267251,-1.2247,3
-1.2247,-0.70708,-1.34159,1.34159,1.2247,0.999961,0.267251,0.0,3
-1.2247,-0.70708,-1.34159,1.34159,1.2247,0.999961,0.267251,1.2247,0
-1.2247,-0.70708,-1.34159,1.34159,1.2247,0.999961,1.069,-1.2247,3
-1.2247,-0.70708,-1.34159,1.34159,1.2247,0.999961,1.069,0.0,3
-1.2247,-0.70708,-1.34159,1.34159,1.2247,0.999961,1.069,1.2247,0
-1.2247,-0.70708,-0.447196,-1.34159,-1.2247,-0.999961,-1.33625,-1.2247,2
-1.2247,-0.70708,-0.447196,-1.34159,-1.2247,-0.999961,-1.33625,0.0,3
-1.2247,-0.70708,-0.447196,-1.34159,-1.2247,-0.999961,-1.33625,1.2247,0
-1.2247,-0.70708,-0.447196,-1.34159,-1.2247,-0.999961,0.267251,-1.2247,2
-1.2247,-0.70708,-0.447196,-1.34159,-1.2247,-0.999961,0.267251,0.0,3
-1.2247,-0.70708,-0.447196,-1.34159,-1.2247,-0.999961,0.267251,1.2247,0
-1.2247,-0.70708,-0.447196,-1.34159,-1.2247,-0.999961,1.069,-1.2247,3
-1.2247,-0.70708,-0.447196,-1.34159,-1.2247,-0.999961,1.069,0.0,3
-1.2247,-0.70708,-0.447196,-1.34159,-1.2247,-0.999961,1.069,1.2247,0
-1.2247,-0.70708,-0.447196,-1.34159,-1.2247,0.999961,-1.33625,-1.2247,2
-1.2247,-0.70708,-0.447196,-1.34159,-1.2247,0.999961,-1.33625,0.0,3
-1.2247,-0.70708,-0.447196,-1.34159,-1.2247,0.999961,-1.33625,1.2247,0
-1.2247,-0.70708,-0.447196,-1.34159,-1.2247,0.999961,0.267251,-1.2247,2
-1.2247,-0.70708,-0.447196,-1.34159,-1.2247,0.999961,0.267251,0.0,3
-1.2247,-0.70708,-0.447196,-1.34159,-1.2247,0.999961,0.267251,1.2247,0
-1.2247,-0.70708,-0.447196,-1.34159,-1.2247,0.999961,1.069,-1.2247,3
-1.2247,-0.70708,-0.447196,-1.34159,-1.2247,0.999961,1.069,0.0,3
-1.2247,-0.70708,-0.447196,-1.34159,-1.2247,0.999961,1.069,1.2247,0
-1.2247,-0.70708,-0.447196,-1.34159,0.0,-0.999961,-1.33625,-1.2247,2
-1.2247,-0.70708,-0.447196,-1.34159,0.0,-0.999961,-1.33625,0.0,3
-1.2247,-0.70708,-0.447196,-1.34159,0.0,-0.999961,-1.33625,1.2247,0
-1.2247,-0.70708,-0.447196,-1.34159,0.0,-0.999961,0.267251,-1.2247,2
-1.2247,-0.70708,-0.447196,-1.34159,0.0,-0.999961,0.267251,0.0,3
-1.2247,-0.70708,-0.447196,-1.34159,0.0,-0.999961,0.267251,1.2247,0
-1.2247,-0.70708,-0.447196,-1.34159,0.0,-0.999961,1.069,-1.2247,3
-1.2247,-0.70708,-0.447196,-1.34159,0.0,-0.999961,1.069,0.0,3
-1.2247,-0.70708,-0.447196,-1.34159,0.0,-0.999961,1.069,1.2247,0
-1.2247,-0.70708,-0.447196,-1.34159,0.0,0.999961,-1.33625,-1.2247,2
-1.2247,-0.70708,-0.447196,-1.34159,0.0,0.999961,-1.33625,0.0,3
-1.2247,-0.70708,-0.447196,-1.34159,0.0,0.999961,-1.33625,1.2247,0
-1.2247,-0.70708,-0.447196,-1.34159,0.0,0.999961,0.267251,-1.2247,2
-1.2247,-0.70708,-0.447196,-1.34159,0.0,0.999961,0.267251,0.0,3
-1.2247,-0.70708,-0.447196,-1.34159,0.0,0.999961,0.267251,1.2247,0
-1.2247,-0.70708,-0.447196,-1.34159,0.0,0.999961,1.069,-1.2247,3
-1.2247,-0.70708,-0.447196,-1.34159,0.0,0.999961,1.069,0.0,3
-1.2247,-0.70708,-0.447196,-1.34159,0.0,0.999961,1.069,1.2247,0
-1.2247,-0.70708,-0.447196,-1.34159,1.2247,-0.999961,-1.33625,-1.2247,3
-1.2247,-0.70708,-0.447196,-1.34159,1.2247,-0.999961,-1.33625,0.0,3
-1.2247,-0.70708,-0.447196,-1.34159,1.2247,-0.999961,-1.33625,1.2247,0
-1.2247,-0.70708,-0.447196,-1.34159,1.2247,-0.999961,0.267251,-1.2247,3
-1.2247,-0.70708,-0.447196,-1.34159,1.2247,-0.999961,0.267251,0.0,3
-1.2247,-0.70708,-0.447196,-1.34159,1.2247,-0.999961,0.267251,1.2247,0
-1.2247,-0.70708,-0.447196,-1.34159,1.2247,-0.999961,1.069,-1.2247,3
-1.2247,-0.70708,-0.447196,-1.34159,1.2247,-0.999961,1.069,0.0,3
-1.2247,-0.70708,-0.447196,-1.34159,1.2247,-0.999961,1.069,1.2247,0
-1.2247,-0.70708,-0.447196,-1.34159,1.2247,0.999961,-1.33625,-1.2247,3
-1.2247,-0.70708,-0.447196,-1.34159,1.2247,0.999961,-1.33625,0.0,3
-1.2247,-0.70708,-0.447196,-1.34159,1.2247,0.999961,-1.33625,1.2247,0
-1.2247,-0.70708,-0.447196,-1.34159,1.2247,0.999961,0.267251,-1.2247,3
-1.2247,-0.70708,-0.447196,-1.34159,1.2247,0.999961,0.267251,0.0,3
-1.2247,-0.70708,-0.447196,-1.34159,1.2247,0.999961,0.267251,1.2247,0
-1.2247,-0.70708,-0.447196,-1.34159,1.2247,0.999961,1.069,-1.2247,3
-1.2247,-0.70708,-0.447196,-1.34159,1.2247,0.999961,1.069,0.0,3
-1.2247,-0.70708,-0.447196,-1.34159,1.2247,0.999961,1.069,1.2247,0
-1.2247,-0.70708,-0.447196,-0.447196,-1.2247,-0.999961,-1.33625,-1.2247,2
-1.2247,-0.70708,-0.447196,-0.447196,-1.2247,-0.999961,-1.33625,0.0,3
-1.2247,-0.70708,-0.447196,-0.447196,-1.2247,-0.999961,-1.33625,1.2247,0
-1.2247,-0.70708,-0.447196,-0.447196,-1.2247,-0.999961,0.267251,-1.2247,2
-1.2247,-0.70708,-0.447196,-0.447196,-1.2247,-0.999961,0.267251,0.0,3
-1.2247,-0.70708,-0.447196,-0.447196,-1.2247,-0.999961,0.267251,1.2247,0
-1.2247,-0.70708,-0.447196,-0.447196,-1.2247,-0.999961,1.069,-1.2247,3
-1.2247,-0.70708,-0.447196,-0.447196,-1.2247,-0.999961,1.069,0.0,3
-1.2247,-0.70708,-0.447196,-0.447196,-1.2247,-0.999961,1.069,1.2247,0
-1.2247,-0.70708,-0.447196,-0.447196,-1.2247,0.999961,-1.33625,-1.2247,2
-1.2247,-0.70708,-0.447196,-0.447196,-1.2247,0.999961,-1.33625,0.0,3
-1.2247,-0.70708,-0.447196,-0.447196,-1.2247,0.999961,-1.33625,1.2247,0
-1.2247,-0.70708,-0.447196,-0.447196,-1.2247,0.999961,0.267251,-1.2247,2
-1.2247,-0.70708,-0.447196,-0.447196,-1.2247,0.999961,0.267251,0.0,3
-1.2247,-0.70708,-0.447196,-0.447196,-1.2247,0.999961,0.267251,1.2247,0
-1.2247,-0.70708,-0.447196,-0.447196,-1.2247,0.999961,1.069,-1.2247,3
-1.2247,-0.70708,-0.447196,-0.447196,-1.2247,0.999961,1.069,0.0,3
-1.2247,-0.70708,-0.447196,-0.447196,-1.2247,0.999961,1.069,1.2247,0
-1.2247,-0.70708,-0.447196,-0.447196,0.0,-0.999961,-1.33625,-1.2247,2
-1.2247,-0.70708,-0.447196,-0.447196,0.0,-0.999961,-1.33625,0.0,3
-1.2247,-0.70708,-0.447196,-0.447196,0.0,-0.999961,-1.33625,1.2247,0
-1.2247,-0.70708,-0.447196,-0.447196,0.0,-0.999961,0.267251,-1.2247,2
-1.2247,-0.70708,-0.447196,-0.447196,0.0,-0.999961,0.267251,0.0,3
-1.2247,-0.70708,-0.447196,-0.447196,0.0,-0.999961,0.267251,1.2247,0
-1.2247,-0.70708,-0.447196,-0.447196,0.0,-0.999961,1.069,-1.2247,3
-1.2247,-0.70708,-0.447196,-0.447196,0.0,-0.999961,1.069,0.0,3
-1.2247,-0.70708,-0.447196,-0.447196,0.0,-0.999961,1.069,1.2247,0
-1.2247,-0.70708,-0.447196,-0.447196,0.0,0.999961,-1.33625,-1.2247,2
-1.2247,-0.70708,-0.447196,-0.447196,0.0,0.999961,-1.33625,0.0,3
-1.2247,-0.70708,-0.447196,-0.447196,0.0,0.999961,-1.33625,1.2247,0
-1.2247,-0.70708,-0.447196,-0.447196,0.0,0.999961,0.267251,-1.2247,2
-1.2247,-0.70708,-0.447196,-0.447196,0.0,0.999961,0.267251,0.0,3
-1.2247,-0.70708,-0.447196,-0.447196,0.0,0.999961,0.267251,1.2247,0
-1.2247,-0.70708,-0.447196,-0.447196,0.0,0.999961,1.069,-1.2247,3
-1.2247,-0.70708,-0.447196,-0.447196,0.0,0.999961,1.069,0.0,3
-1.2247,-0.70708,-0.447196,-0.447196,0.0,0.999961,1.069,1.2247,0
-1.2247,-0.70708,-0.447196,-0.447196,1.2247,-0.999961,-1.33625,-1.2247,3
-1.2247,-0.70708,-0.447196,-0.447196,1.2247,-0.999961,-1.33625,0.0,3
-1.2247,-0.70708,-0.447196,-0.447196,1.2247,-0.999961,-1.33625,1.2247,0
-1.2247,-0.70708,-0.447196,-0.447196,1.2247,-0.999961,0.267251,-1.2247,3
-1.2247,-0.70708,-0.447196,-0.447196,1.2247,-0.999961,0.267251,0.0,3
-1.2247,-0.70708,-0.447196,-0.447196,1.2247,-0.999961,0.267251,1.2247,0
-1.2247,-0.70708,-0.447196,-0.447196,1.2247,-0.999961,1.069,-1.2247,3
-1.2247,-0.70708,-0.447196,-0.447196,1.2247,-0.999961,1.069,0.0,3
-1.2247,-0.70708,-0.447196,-0.447196,1.2247,-0.999961,1.069,1.2247,0
-1.2247,-0.70708,-0.447196,-0.447196,1.2247,0.999961,-1.33625,-1.2247,3
-1.2247,-0.70708,-0.447196,-0.447196,1.2247,0.999961,-1.33625,0.0,3
-1.2247,-0.70708,-0.447196,-0.447196,1.2247,0.999961,-1.33625,1.2247,0
-1.2247,-0.70708,-0.447196,-0.447196,1.2247,0.999961,0.267251,-1.2247,3
-1.2247,-0.70708,-0.447196,-0.447196,1.2247,0.999961,0.267251,0.0,3
-1.2247,-0.70708,-0.447196,-0.447196,1.2247,0.999961,0.267251,1.2247,0
-1.2247,-0.70708,-0.447196,-0.447196,1.2247,0.999961,1.069,-1.2247,3
-1.2247,-0.70708,-0.447196,-0.447196,1.2247,0.999961,1.069,0.0,3
-1.2247,-0.70708,-0.447196,-0.447196,1.2247,0.999961,1.069,1.2247,0
-1.2247,-0.70708,-0.447196,0.447196,-1.2247,-0.999961,-1.33625,-1.2247,2
-1.2247,-0.70708,-0.447196,0.447196,-1.2247,-0.999961,-1.33625,0.0,3
-1.2247,-0.70708,-0.447196,0.447196,-1.2247,-0.999961,-1.33625,1.2247,0
-1.2247,-0.70708,-0.447196,0.447196,-1.2247,-0.999961,0.267251,-1.2247,2
-1.2247,-0.70708,-0.447196,0.447196,-1.2247,-0.999961,0.267251,0.0,3
-1.2247,-0.70708,-0.447196,0.447196,-1.2247,-0.999961,0.267251,1.2247,0
-1.2247,-0.70708,-0.447196,0.447196,-1.2247,-0.999961,1.069,-1.2247,3
-1.2247,-0.70708,-0.447196,0.447196,-1.2247,-0.999961,1.069,0.0,3
-1.2247,-0.70708,-0.447196,0.447196,-1.2247,-0.999961,1.069,1.2247,0
-1.2247,-0.70708,-0.447196,0.447196,-1.2247,0.999961,-1.33625,-1.2247,3
-1.2247,-0.70708,-0.447196,0.447196,-1.2247,0.999961,-1.33625,0.0,3
-1.2247,-0.70708,-0.447196,0.447196,-1.2247,0.999961,-1.33625,1.2247,0
-1.2247,-0.70708,-0.447196,0.447196,-1.2247,0.999961,0.267251,-1.2247,3
-1.2247,-0.70708,-0.447196,0.447196,-1.2247,0.999961,0.267251,0.0,3
-1.2247,-0.70708,-0.447196,0.447196,-1.2247,0.999961,0.267251,1.2247,0
-1.2247,-0.70708,-0.447196,0.447196,-1.2247,0.999961,1.069,-1.2247,3
-1.2247,-0.70708,-0.447196,0.447196,-1.2247,0.999961,1.069,0.0,3
-1.2247,-0.70708,-0.447196,0.447196,-1.2247,0.999961,1.069,1.2247,0
-1.2247,-0.70708,-0.447196,0.447196,0.0,-0.999961,-1.33625,-1.2247,3
-1.2247,-0.70708,-0.447196,0.447196,0.0,-0.999961,-1.33625,0.0,3
-1.2247,-0.70708,-0.447196,0.447196,0.0,-0.999961,-1.33625,1.2247,0
-1.2247,-0.70708,-0.447196,0.447196,0.0,-0.999961,0.267251,-1.2247,3
-1.2247,-0.70708,-0.447196,0.447196,0.0,-0.999961,0.267251,0.0,3
-1.2247,-0.70708,-0.447196,0.447196,0.0,-0.999961,0.267251,1.2247,0
-1.2247,-0.70708,-0.447196,0.447196,0.0,-0.999961,1.069,-1.2247,3
-1.2247,-0.70708,-0.447196,0.447196,0.0,-0.999961,1.069,0.0,3
-1.2247,-0.70708,-0.447196,0.447196,0.0,-0.999961,1.069,1.2247,0
-1.2247,-0.70708,-0.447196,0.447196,0.0,0.999961,-1.33625,-1.2247,3
-1.2247,-0.70708,-0.447196,0.447196,0.0,0.999961,-1.33625,0.0,3
-1.2247,-0.70708,-0.447196,0.447196,0.0,0.999961,-1.33625,1.2247,0
-1.2247,-0.70708,-0.447196,0.447196,0.0,0.999961,0.267251,-1.2247,3
-1.2247,-0.70708,-0.447196,0.447196,0.0,0.999961,0.267251,0.0,3
-1.2247,-0.70708,-0.447196,0.447196,0.0,0.999961,0.267251,1.2247,0
-1.2247,-0.70708,-0.447196,0.447196,0.0,0.999961,1.069,-1.2247,3
-1.2247,-0.70708,-0.447196,0.447196,0.0,0.999961,1.069,0.0,3
-1.2247,-0.70708,-0.447196,0.447196,0.0,0.999961,1.069,1.2247,0
-1.2247,-0.70708,-0.447196,0.447196,1.2247,-0.999961,-1.33625,-1.2247,3
-1.2247,-0.70708,-0.447196,0.447196,1.2247,-0.999961,-1.33625,0.0,3
-1.2247,-0.70708,-0.447196,0.447196,1.2247,-0.999961,-1.33625,1.2247,0
-1.2247,-0.70708,-0.447196,0.447196,1.2247,-0.999961,0.267251,-1.2247,3
-1.2247,-0.70708,-0.447196,0.447196,1.2247,-0.999961,0.267251,0.0,3
-1.2247,-0.70708,-0.447196,0.447196,1.2247,-0.999961,0.267251,1.2247,0
-1.2247,-0.70708,-0.447196,0.447196,1.2247,-0.999961,1.069,-1.2247,3
-1.2247,-0.70708,-0.447196,0.447196,1.2247,-0.999961,1.069,0.0,3
-1.2247,-0.70708,-0.447196,0.447196,1.2247,-0.999961,1.069,1.2247,0
-1.2247,-0.70708,-0.447196,0.447196,1.2247,0.999961,-1.33625,-1.2247,3
-1.2247,-0.70708,-0.447196,0.447196,1.2247,0.999961,-1.33625,0.0,3
-1.2247,-0.70708,-0.447196,0.447196,1.2247,0.999961,-1.33625,1.2247,0
-1.2247,-0.70708,-0.447196,0.447196,1.2247,0.999961,0.267251,-1.2247,3
-1.2247,-0.70708,-0.447196,0.447196,1.2247,0.999961,0.267251,0.0,3
-1.2247,-0.70708,-0.447196,0.447196,1.2247,0.999961,0.267251,1.2247,0
-1.2247,-0.70708,-0.447196,0.447196,1.2247,0.999961,1.069,-1.2247,3
-1.2247,-0.70708,-0.447196,0.447196,1.2247,0.999961,1.069,0.0,3
-1.2247,-0.70708,-0.447196,0.447196,1.2247,0.999961,1.069,1.2247,0
-1.2247,-0.70708,-0.447196,1.34159,-1.2247,-0.999961,-1.33625,-1.2247,2
-1.2247,-0.70708,-0.447196,1.34159,-1.2247,-0.999961,-1.33625,0.0,3
-1.2247,-0.70708,-0.447196,1.34159,-1.2247,-0.999961,-1.33625,1.2247,0
-1.2247,-0.70708,-0.447196,1.34159,-1.2247,-0.999961,0.267251,-1.2247,2
-1.2247,-0.70708,-0.447196,1.34159,-1.2247,-0.999961,0.267251,0.0,3
-1.2247,-0.70708,-0.447196,1.34159,-1.2247,-0.999961,0.267251,1.2247,0
-1.2247,-0.70708,-0.447196,1.34159,-1.2247,-0.999961,1.069,-1.2247,3
-1.2247,-0.70708,-0.447196,1.34159,-1.2247,-0.999961,1.069,0.0,3
-1.2247,-0.70708,-0.447196,1.34159,-1.2247,-0.999961,1.069,1.2247,0
-1.2247,-0.70708,-0.447196,1.34159,-1.2247,0.999961,-1.33625,-1.2247,3
-1.2247,-0.70708,-0.447196,1.34159,-1.2247,0.999961,-1.33625,0.0,3
-1.2247,-0.70708,-0.447196,1.34159,-1.2247,0.999961,-1.33625,1.2247,0
-1.2247,-0.70708,-0.447196,1.34159,-1.2247,0.999961,0.267251,-1.2247,3
-1.2247,-0.70708,-0.447196,1.34159,-1.2247,0.999961,0.267251,0.0,3
-1.2247,-0.70708,-0.447196,1.34159,-1.2247,0.999961,0.267251,1.2247,0
-1.2247,-0.70708,-0.447196,1.34159,-1.2247,0.999961,1.069,-1.2247,3
-1.2247,-0.70708,-0.447196,1.34159,-1.2247,0.999961,1.069,0.0,3
-1.2247,-0.70708,-0.447196,1.34159,-1.2247,0.999961,1.069,1.2247,0
-1.2247,-0.70708,-0.447196,1.34159,0.0,-0.999961,-1.33625,-1.2247,3
-1.2247,-0.70708,-0.447196,1.34159,0.0,-0.999961,-1.33625,0.0,3
-1.2247,-0.70708,-0.447196,1.34159,0.0,-0.999961,-1.33625,1.2247,0
-1.2247,-0.70708,-0.447196,1.34159,0.0,-0.999961,0.267251,-1.2247,3
-1.2247,-0.70708,-0.447196,1.34159,0.0,-0.999961,0.267251,0.0,3
-1.2247,-0.70708,-0.447196,1.34159,0.0,-0.999961,0.267251,1.2247,0
-1.2247,-0.70708,-0.447196,1.34159,0.0,-0.999961,1.069,-1.2247,3
-1.2247,-0.70708,-0.447196,1.34159,0.0,-0.999961,1.069,0.0,3
-1.2247,-0.70708,-0.447196,1.34159,0.0,-0.999961,1.069,1.2247,0
-1.2247,-0.70708,-0.447196,1.34159,0.0,0.999961,-1.33625,-1.2247,3
-1.2247,-0.70708,-0.447196,1.34159,0.0,0.999961,-1.33625,0.0,3
-1.2247,-0.70708,-0.447196,1.34159,0.0,0.999961,-1.33625,1.2247,0
-1.2247,-0.70708,-0.447196,1.34159,0.0,0.999961,0.267251,-1.2247,3
-1.2247,-0.70708,-0.447196,1.34159,0.0,0.999961,0.267251,0.0,3
-1.2247,-0.70708,-0.447196,1.34159,0.0,0.999961,0.267251,1.2247,0
-1.2247,-0.70708,-0.447196,1.34159,0.0,0.999961,1.069,-1.2247,3
-1.2247,-0.70708,-0.447196,1.34159,0.0,0.999961,1.069,0.0,3
-1.2247,-0.70708,-0.447196,1.34159,0.0,0.999961,1.069,1.2247,0
-1.2247,-0.70708,-0.447196,1.34159,1.2247,-0.999961,-1.33625,-1.2247,3
-1.2247,-0.70708,-0.447196,1.34159,1.2247,-0.999961,-1.33625,0.0,3
-1.2247,-0.70708,-0.447196,1.34159,1.2247,-0.999961,-1.33625,1.2247,0
-1.2247,-0.70708,-0.447196,1.34159,1.2247,-0.999961,0.267251,-1.2247,3
-1.2247,-0.70708,-0.447196,1.34159,1.2247,-0.999961,0.267251,0.0,3
-1.2247,-0.70708,-0.447196,1.34159,1.2247,-0.999961,0.267251,1.2247,0
-1.2247,-0.70708,-0.447196,1.34159,1.2247,-0.999961,1.069,-1.2247,3
-1.2247,-0.70708,-0.447196,1.34159,1.2247,-0.999961,1.069,0.0,3
-1.2247,-0.70708,-0.447196,1.34159,1.2247,-0.999961,1.069,1.2247,0
-1.2247,-0.70708,-0.447196,1.34159,1.2247,0.999961,-1.33625,-1.2247,3
-1.2247,-0.70708,-0.447196,1.34159,1.2247,0.999961,-1.33625,0.0,3
-1.2247,-0.70708,-0.447196,1.34159,1.2247,0.999961,-1.33625,1.2247,0
-1.2247,-0.70708,-0.447196,1.34159,1.2247,0.999961,0.267251,-1.2247,3
-1.2247,-0.70708,-0.447196,1.34159,1.2247,0.999961,0.267251,0.0,3
-1.2247,-0.70708,-0.447196,1.34159,1.2247,0.999961,0.267251,1.2247,0
-1.2247,-0.70708,-0.447196,1.34159,1.2247,0.999961,1.069,-1.2247,3
-1.2247,-0.70708,-0.447196,1.34159,1.2247,0.999961,1.069,0.0,3
-1.2247,-0.70708,-0.447196,1.34159,1.2247,0.999961,1.069,1.2247,0
-1.2247,-0.70708,0.447196,-1.34159,-1.2247,-0.999961,-1.33625,-1.2247,2
-1.2247,-0.70708,0.447196,-1.34159,-1.2247,-0.999961,-1.33625,0.0,3
-1.2247,-0.70708,0.447196,-1.34159,-1.2247,-0.999961,-1.33625,1.2247,0
-1.2247,-0.70708,0.447196,-1.34159,-1.2247,-0.999961,0.267251,-1.2247,2
-1.2247,-0.70708,0.447196,-1.34159,-1.2247,-0.999961,0.267251,0.0,3
-1.2247,-0.70708,0.447196,-1.34159,-1.2247,-0.999961,0.267251,1.2247,0
-1.2247,-0.70708,0.447196,-1.34159,-1.2247,-0.999961,1.069,-1.2247,3
-1.2247,-0.70708,0.447196,-1.34159,-1.2247,-0.999961,1.069,0.0,3
-1.2247,-0.70708,0.447196,-1.34159,-1.2247,-0.999961,1.069,1.2247,0
-1.2247,-0.70708,0.447196,-1.34159,-1.2247,0.999961,-1.33625,-1.2247,2
-1.2247,-0.70708,0.447196,-1.34159,-1.2247,0.999961,-1.33625,0.0,3
-1.2247,-0.70708,0.447196,-1.34159,-1.2247,0.999961,-1.33625,1.2247,0
-1.2247,-0.70708,0.447196,-1.34159,-1.2247,0.999961,0.267251,-1.2247,2
-1.2247,-0.70708,0.447196,-1.34159,-1.2247,0.999961,0.267251,0.0,3
-1.2247,-0.70708,0.447196,-1.34159,-1.2247,0.999961,0.267251,1.2247,0
-1.2247,-0.70708,0.447196,-1.34159,-1.2247,0.999961,1.069,-1.2247,3
-1.2247,-0.70708,0.447196,-1.34159,-1.2247,0.999961,1.069,0.0,3
-1.2247,-0.70708,0.447196,-1.34159,-1.2247,0.999961,1.069,1.2247,0
-1.2247,-0.70708,0.447196,-1.34159,0.0,-0.999961,-1.33625,-1.2247,2
-1.2247,-0.70708,0.447196,-1.34159,0.0,-0.999961,-1.33625,0.0,3
-1.2247,-0.70708,0.447196,-1.34159,0.0,-0.999961,-1.33625,1.2247,0
-1.2247,-0.70708,0.447196,-1.34159,0.0,-0.999961,0.267251,-1.2247,2
-1.2247,-0.70708,0.447196,-1.34159,0.0,-0.999961,0.267251,0.0,3
-1.2247,-0.70708,0.447196,-1.34159,0.0,-0.999961,0.267251,1.2247,0
-1.2247,-0.70708,0.447196,-1.34159,0.0,-0.999961,1.069,-1.2247,3
-1.2247,-0.70708,0.447196,-1.34159,0.0,-0.999961,1.069,0.0,3
-1.2247,-0.70708,0.447196,-1.34159,0.0,-0.999961,1.069,1.2247,0
-1.2247,-0.70708,0.447196,-1.34159,0.0,0.999961,-1.33625,-1.2247,2
-1.2247,-0.70708,0.447196,-1.34159,0.0,0.999961,-1.33625,0.0,3
-1.2247,-0.70708,0.447196,-1.34159,0.0,0.999961,-1.33625,1.2247,0
-1.2247,-0.70708,0.447196,-1.34159,0.0,0.999961,0.267251,-1.2247,2
-1.2247,-0.70708,0.447196,-1.34159,0.0,0.999961,0.267251,0.0,3
-1.2247,-0.70708,0.447196,-1.34159,0.0,0.999961,0.267251,1.2247,0
-1.2247,-0.70708,0.447196,-1.34159,0.0,0.999961,1.069,-1.2247,3
-1.2247,-0.70708,0.447196,-1.34159,0.0,0.999961,1.069,0.0,3
-1.2247,-0.70708,0.447196,-1.34159,0.0,0.999961,1.069,1.2247,0
-1.2247,-0.70708,0.447196,-1.34159,1.2247,-0.999961,-1.33625,-1.2247,3
-1.2247,-0.70708,0.447196,-1.34159,1.2247,-0.999961,-1.33625,0.0,3
-1.2247,-0.70708,0.447196,-1.34159,1.2247,-0.999961,-1.33625,1.2247,0
-1.2247,-0.70708,0.447196,-1.34159,1.2247,-0.999961,0.267251,-1.2247,3
-1.2247,-0.70708,0.447196,-1.34159,1.2247,-0.999961,0.267251,0.0,3
-1.2247,-0.70708,0.447196,-1.34159,1.2247,-0.999961,0.267251,1.2247,0
-1.2247,-0.70708,0.447196,-1.34159,1.2247,-0.999961,1.069,-1.2247,3
-1.2247,-0.70708,0.447196,-1.34159,1.2247,-0.999961,1.069,0.0,3
-1.2247,-0.70708,0.447196,-1.34159,1.2247,-0.999961,1.069,1.2247,0
-1.2247,-0.70708,0.447196,-1.34159,1.2247,0.999961,-1.33625,-1.2247,3
-1.2247,-0.70708,0.447196,-1.34159,1.2247,0.999961,-1.33625,0.0,3
-1.2247,-0.70708,0.447196,-1.34159,1.2247,0.999961,-1.33625,1.2247,0
-1.2247,-0.70708,0.447196,-1.34159,1.2247,0.999961,0.267251,-1.2247,3
-1.2247,-0.70708,0.447196,-1.34159,1.2247,0.999961,0.267251,0.0,3
-1.2247,-0.70708,0.447196,-1.34159,1.2247,0.999961,0.267251,1.2247,0
-1.2247,-0.70708,0.447196,-1.34159,1.2247,0.999961,1.069,-1.2247,3
-1.2247,-0.70708,0.447196,-1.34159,1.2247,0.999961,1.069,0.0,3
-1.2247,-0.70708,0.447196,-1.34159,1.2247,0.999961,1.069,1.2247,0
-1.2247,-0.70708,0.447196,-0.447196,-1.2247,-0.999961,-1.33625,-1.2247,2
-1.2247,-0.70708,0.447196,-0.447196,-1.2247,-0.999961,-1.33625,0.0,3
-1.2247,-0.70708,0.447196,-0.447196,-1.2247,-0.999961,-1.33625,1.2247,0
-1.2247,-0.70708,0.447196,-0.447196,-1.2247,-0.999961,0.267251,-1.2247,2
-1.2247,-0.70708,0.447196,-0.447196,-1.2247,-0.999961,0.267251,0.0,3
-1.2247,-0.70708,0.447196,-0.447196,-1.2247,-0.999961,0.267251,1.2247,0
-1.2247,-0.70708,0.447196,-0.447196,-1.2247,-0.999961,1.069,-1.2247,3
-1.2247,-0.70708,0.447196,-0.447196,-1.2247,-0.999961,1.069,0.0,3
-1.2247,-0.70708,0.447196,-0.447196,-1.2247,-0.999961,1.069,1.2247,0
-1.2247,-0.70708,0.447196,-0.447196,-1.2247,0.999961,-1.33625,-1.2247,3
-1.2247,-0.70708,0.447196,-0.447196,-1.2247,0.999961,-1.33625,0.0,3
-1.2247,-0.70708,0.447196,-0.447196,-1.2247,0.999961,-1.33625,1.2247,0
-1.2247,-0.70708,0.447196,-0.447196,-1.2247,0.999961,0.267251,-1.2247,3
-1.2247,-0.70708,0.447196,-0.447196,-1.2247,0.999961,0.267251,0.0,3
-1.2247,-0.70708,0.447196,-0.447196,-1.2247,0.999961,0.267251,1.2247,0
-1.2247,-0.70708,0.447196,-0.447196,-1.2247,0.999961,1.069,-1.2247,3
-1.2247,-0.70708,0.447196,-0.447196,-1.2247,0.999961,1.069,0.0,3
-1.2247,-0.70708,0.447196,-0.447196,-1.2247,0.999961,1.069,1.2247,0
-1.2247,-0.70708,0.447196,-0.447196,0.0,-0.999961,-1.33625,-1.2247,3
-1.2247,-0.70708,0.447196,-0.447196,0.0,-0.999961,-1.33625,0.0,3
-1.2247,-0.70708,0.447196,-0.447196,0.0,-0.999961,-1.33625,1.2247,0
-1.2247,-0.70708,0.447196,-0.447196,0.0,-0.999961,0.267251,-1.2247,3
-1.2247,-0.70708,0.447196,-0.447196,0.0,-0.999961,0.267251,0.0,3
-1.2247,-0.70708,0.447196,-0.447196,0.0,-0.999961,0.267251,1.2247,0
-1.2247,-0.70708,0.447196,-0.447196,0.0,-0.999961,1.069,-1.2247,3
-1.2247,-0.70708,0.447196,-0.447196,0.0,-0.999961,1.069,0.0,3
-1.2247,-0.70708,0.447196,-0.447196,0.0,-0.999961,1.069,1.2247,0
-1.2247,-0.70708,0.447196,-0.447196,0.0,0.999961,-1.33625,-1.2247,3
-1.2247,-0.70708,0.447196,-0.447196,0.0,0.999961,-1.33625,0.0,3
-1.2247,-0.70708,0.447196,-0.447196,0.0,0.999961,-1.33625,1.2247,0
-1.2247,-0.70708,0.447196,-0.447196,0.0,0.999961,0.267251,-1.2247,3
-1.2247,-0.70708,0.447196,-0.447196,0.0,0.999961,0.267251,0.0,3
-1.2247,-0.70708,0.447196,-0.447196,0.0,0.999961,0.267251,1.2247,0
-1.2247,-0.70708,0.447196,-0.447196,0.0,0.999961,1.069,-1.2247,3
-1.2247,-0.70708,0.447196,-0.447196,0.0,0.999961,1.069,0.0,3
-1.2247,-0.70708,0.447196,-0.447196,0.0,0.999961,1.069,1.2247,0
-1.2247,-0.70708,0.447196,-0.447196,1.2247,-0.999961,-1.33625,-1.2247,3
-1.2247,-0.70708,0.447196,-0.447196,1.2247,-0.999961,-1.33625,0.0,3
-1.2247,-0.70708,0.447196,-0.447196,1.2247,-0.999961,-1.33625,1.2247,0
-1.2247,-0.70708,0.447196,-0.447196,1.2247,-0.999961,0.267251,-1.2247,3
-1.2247,-0.70708,0.447196,-0.447196,1.2247,-0.999961,0.267251,0.0,3
-1.2247,-0.70708,0.447196,-0.447196,1.2247,-0.999961,0.267251,1.2247,0
-1.2247,-0.70708,0.447196,-0.447196,1.2247,-0.999961,1.069,-1.2247,3
-1.2247,-0.70708,0.447196,-0.447196,1.2247,-0.999961,1.069,0.0,3
-1.2247,-0.70708,0.447196,-0.447196,1.2247,-0.999961,1.069,1.2247,0
-1.2247,-0.70708,0.447196,-0.447196,1.2247,0.999961,-1.33625,-1.2247,3
-1.2247,-0.70708,0.447196,-0.447196,1.2247,0.999961,-1.33625,0.0,3
-1.2247,-0.70708,0.447196,-0.447196,1.2247,0.999961,-1.33625,1.2247,0
-1.2247,-0.70708,0.447196,-0.447196,1.2247,0.999961,0.267251,-1.2247,3
-1.2247,-0.70708,0.447196,-0.447196,1.2247,0.999961,0.267251,0.0,3
-1.2247,-0.70708,0.447196,-0.447196,1.2247,0.999961,0.267251,1.2247,0
-1.2247,-0.70708,0.447196,-0.447196,1.2247,0.999961,1.069,-1.2247,3
-1.2247,-0.70708,0.447196,-0.447196,1.2247,0.999961,1.069,0.0,3
-1.2247,-0.70708,0.447196,-0.447196,1.2247,0.999961,1.069,1.2247,0
-1.2247,-0.70708,0.447196,0.447196,-1.2247,-0.999961,-1.33625,-1.2247,2
-1.2247,-0.70708,0.447196,0.447196,-1.2247,-0.999961,-1.33625,0.0,3
-1.2247,-0.70708,0.447196,0.447196,-1.2247,-0.999961,-1.33625,1.2247,0
-1.2247,-0.70708,0.447196,0.447196,-1.2247,-0.999961,0.267251,-1.2247,2
-1.2247,-0.70708,0.447196,0.447196,-1.2247,-0.999961,0.267251,0.0,3
-1.2247,-0.70708,0.447196,0.447196,-1.2247,-0.999961,0.267251,1.2247,0
-1.2247,-0.70708,0.447196,0.447196,-1.2247,-0.999961,1.069,-1.2247,3
-1.2247,-0.70708,0.447196,0.447196,-1.2247,-0.999961,1.069,0.0,3
-1.2247,-0.70708,0.447196,0.447196,-1.2247,-0.999961,1.069,1.2247,0
-1.2247,-0.70708,0.447196,0.447196,-1.2247,0.999961,-1.33625,-1.2247,3
-1.2247,-0.70708,0.447196,0.447196,-1.2247,0.999961,-1.33625,0.0,3
-1.2247,-0.70708,0.447196,0.447196,-1.2247,0.999961,-1.33625,1.2247,0
-1.2247,-0.70708,0.447196,0.447196,-1.2247,0.999961,0.267251,-1.2247,3
-1.2247,-0.70708,0.447196,0.447196,-1.2247,0.999961,0.267251,0.0,3
-1.2247,-0.70708,0.447196,0.447196,-1.2247,0.999961,0.267251,1.2247,0
-1.2247,-0.70708,0.447196,0.447196,-1.2247,0.999961,1.069,-1.2247,3
-1.2247,-0.70708,0.447196,0.447196,-1.2247,0.999961,1.069,0.0,3
-1.2247,-0.70708,0.447196,0.447196,-1.2247,0.999961,1.069,1.2247,0
-1.2247,-0.70708,0.447196,0.447196,0.0,-0.999961,-1.33625,-1.2247,3
-1.2247,-0.70708,0.447196,0.447196,0.0,-0.999961,-1.33625,0.0,3
-1.2247,-0.70708,0.447196,0.447196,0.0,-0.999961,-1.33625,1.2247,0
-1.2247,-0.70708,0.447196,0.447196,0.0,-0.999961,0.267251,-1.2247,3
-1.2247,-0.70708,0.447196,0.447196,0.0,-0.999961,0.267251,0.0,3
-1.2247,-0.70708,0.447196,0.447196,0.0,-0.999961,0.267251,1.2247,0
-1.2247,-0.70708,0.447196,0.447196,0.0,-0.999961,1.069,-1.2247,3
-1.2247,-0.70708,0.447196,0.447196,0.0,-0.999961,1.069,0.0,3
-1.2247,-0.70708,0.447196,0.447196,0.0,-0.999961,1.069,1.2247,0
-1.2247,-0.70708,0.447196,0.447196,0.0,0.999961,-1.33625,-1.2247,3
-1.2247,-0.70708,0.447196,0.447196,0.0,0.999961,-1.33625,0.0,3
-1.2247,-0.70708,0.447196,0.447196,0.0,0.999961,-1.33625,1.2247,0
-1.2247,-0.70708,0.447196,0.447196,0.0,0.999961,0.267251,-1.2247,3
-1.2247,-0.70708,0.447196,0.447196,0.0,0.999961,0.267251,0.0,3
-1.2247,-0.70708,0.447196,0.447196,0.0,0.999961,0.267251,1.2247,0
-1.2247,-0.70708,0.447196,0.447196,0.0,0.999961,1.069,-1.2247,3
-1.2247,-0.70708,0.447196,0.447196,0.0,0.999961,1.069,0.0,3
-1.2247,-0.70708,0.447196,0.447196,0.0,0.999961,1.069,1.2247,0
-1.2247,-0.70708,0.447196,0.447196,1.2247,-0.999961,-1.33625,-1.2247,3
-1.2247,-0.70708,0.447196,0.447196,1.2247,-0.999961,-1.33625,0.0,3
-1.2247,-0.70708,0.447196,0.447196,1.2247,-0.999961,-1.33625,1.2247,0
-1.2247,-0.70708,0.447196,0.447196,1.2247,-0.999961,0.267251,-1.2247,3
-1.2247,-0.70708,0.447196,0.447196,1.2247,-0.999961,0.267251,0.0,3
-1.2247,-0.70708,0.447196,0.447196,1.2247,-0.999961,0.267251,1.2247,0
-1.2247,-0.70708,0.447196,0.447196,1.2247,-0.999961,1.069,-1.2247,3
-1.2247,-0.70708,0.447196,0.447196,1.2247,-0.999961,1.069,0.0,3
-1.2247,-0.70708,0.447196,0.447196,1.2247,-0.999961,1.069,1.2247,0
-1.2247,-0.70708,0.447196,0.447196,1.2247,0.999961,-1.33625,-1.2247,3
-1.2247,-0.70708,0.447196,0.447196,1.2247,0.999961,-1.33625,0.0,3
-1.2247,-0.70708,0.447196,0.447196,1.2247,0.999961,-1.33625,1.2247,0
-1.2247,-0.70708,0.447196,0.447196,1.2247,0.999961,0.267251,-1.2247,3
-1.2247,-0.70708,0.447196,0.447196,1.2247,0.999961,0.267251,0.0,3
-1.2247,-0.70708,0.447196,0.447196,1.2247,0.999961,0.267251,1.2247,0
-1.2247,-0.70708,0.447196,0.447196,1.2247,0.999961,1.069,-1.2247,3
-1.2247,-0.70708,0.447196,0.447196,1.2247,0.999961,1.069,0.0,3
-1.2247,-0.70708,0.447196,0.447196,1.2247,0.999961,1.069,1.2247,0
-1.2247,-0.70708,0.447196,1.34159,-1.2247,-0.999961,-1.33625,-1.2247,2
-1.2247,-0.70708,0.447196,1.34159,-1.2247,-0.999961,-1.33625,0.0,3
-1.2247,-0.70708,0.447196,1.34159,-1.2247,-0.999961,-1.33625,1.2247,0
-1.2247,-0.70708,0.447196,1.34159,-1.2247,-0.999961,0.267251,-1.2247,2
-1.2247,-0.70708,0.447196,1.34159,-1.2247,-0.999961,0.267251,0.0,3
-1.2247,-0.70708,0.447196,1.34159,-1.2247,-0.999961,0.267251,1.2247,0
-1.2247,-0.70708,0.447196,1.34159,-1.2247,-0.999961,1.069,-1.2247,3
-1.2247,-0.70708,0.447196,1.34159,-1.2247,-0.999961,1.069,0.0,3
-1.2247,-0.70708,0.447196,1.34159,-1.2247,-0.999961,1.069,1.2247,0
-1.2247,-0.70708,0.447196,1.34159,-1.2247,0.999961,-1.33625,-1.2247,3
-1.2247,-0.70708,0.447196,1.34159,-1.2247,0.999961,-1.33625,0.0,3
-1.2247,-0.70708,0.447196,1.34159,-1.2247,0.999961,-1.33625,1.2247,0
-1.2247,-0.70708,0.447196,1.34159,-1.2247,0.999961,0.267251,-1.2247,3
-1.2247,-0.70708,0.447196,1.34159,-1.2247,0.999961,0.267251,0.0,3
-1.2247,-0.70708,0.447196,1.34159,-1.2247,0.999961,0.267251,1.2247,0
-1.2247,-0.70708,0.447196,1.34159,-1.2247,0.999961,1.069,-1.2247,3
-1.2247,-0.70708,0.447196,1.34159,-1.2247,0.999961,1.069,0.0,3
-1.2247,-0.70708,0.447196,1.34159,-1.2247,0.999961,1.069,1.2247,0
-1.2247,-0.70708,0.447196,1.34159,0.0,-0.999961,-1.33625,-1.2247,3
-1.2247,-0.70708,0.447196,1.34159,0.0,-0.999961,-1.33625,0.0,3
-1.2247,-0.70708,0.447196,1.34159,0.0,-0.999961,-1.33625,1.2247,0
-1.2247,-0.70708,0.447196,1.34159,0.0,-0.999961,0.267251,-1.2247,3
-1.2247,-0.70708,0.447196,1.34159,0.0,-0.999961,0.267251,0.0,3
-1.2247,-0.70708,0.447196,1.34159,0.0,-0.999961,0.267251,1.2247,0
-1.2247,-0.70708,0.447196,1.34159,0.0,-0.999961,1.069,-1.2247,3
-1.2247,-0.70708,0.447196,1.34159,0.0,-0.999961,1.069,0.0,3
-1.2247,-0.70708,0.447196,1.34159,0.0,-0.999961,1.069,1.2247,0
-1.2247,-0.70708,0.447196,1.34159,0.0,0.999961,-1.33625,-1.2247,3
-1.2247,-0.70708,0.447196,1.34159,0.0,0.999961,-1.33625,0.0,3
-1.2247,-0.70708,0.447196,1.34159,0.0,0.999961,-1.33625,1.2247,0
-1.2247,-0.70708,0.447196,1.34159,0.0,0.999961,0.267251,-1.2247,3
-1.2247,-0.70708,0.447196,1.34159,0.0,0.999961,0.267251,0.0,3
-1.2247,-0.70708,0.447196,1.34159,0.0,0.999961,0.267251,1.2247,0
-1.2247,-0.70708,0.447196,1.34159,0.0,0.999961,1.069,-1.2247,3
-1.2247,-0.70708,0.447196,1.34159,0.0,0.999961,1.069,0.0,3
-1.2247,-0.70708,0.447196,1.34159,0.0,0.999961,1.069,1.2247,0
-1.2247,-0.70708,0.447196,1.34159,1.2247,-0.999961,-1.33625,-1.2247,3
-1.2247,-0.70708,0.447196,1.34159,1.2247,-0.999961,-1.33625,0.0,3
-1.2247,-0.70708,0.447196,1.34159,1.2247,-0.999961,-1.33625,1.2247,0
-1.2247,-0.70708,0.447196,1.34159,1.2247,-0.999961,0.267251,-1.2247,3
-1.2247,-0.70708,0.447196,1.34159,1.2247,-0.999961,0.267251,0.0,3
-1.2247,-0.70708,0.447196,1.34159,1.2247,-0.999961,0.267251,1.2247,0
-1.2247,-0.70708,0.447196,1.34159,1.2247,-0.999961,1.069,-1.2247,3
-1.2247,-0.70708,0.447196,1.34159,1.2247,-0.999961,1.069,0.0,3
-1.2247,-0.70708,0.447196,1.34159,1.2247,-0.999961,1.069,1.2247,0
-1.2247,-0.70708,0.447196,1.34159,1.2247,0.999961,-1.33625,-1.2247,3
-1.2247,-0.70708,0.447196,1.34159,1.2247,0.999961,-1.33625,0.0,3
-1.2247,-0.70708,0.447196,1.34159,1.2247,0.999961,-1.33625,1.2247,0
-1.2247,-0.70708,0.447196,1.34159,1.2247,0.999961,0.267251,-1.2247,3
-1.2247,-0.70708,0.447196,1.34159,1.2247,0.999961,0.267251,0.0,3
-1.2247,-0.70708,0.447196,1.34159,1.2247,0.999961,0.267251,1.2247,0
-1.2247,-0.70708,0.447196,1.34159,1.2247,0.999961,1.069,-1.2247,3
-1.2247,-0.70708,0.447196,1.34159,1.2247,0.999961,1.069,0.0,3
-1.2247,-0.70708,0.447196,1.34159,1.2247,0.999961,1.069,1.2247,0
-1.2247,-0.70708,1.34159,-1.34159,-1.2247,-0.999961,-1.33625,-1.2247,2
-1.2247,-0.70708,1.34159,-1.34159,-1.2247,-0.999961,-1.33625,0.0,3
-1.2247,-0.70708,1.34159,-1.34159,-1.2247,-0.999961,-1.33625,1.2247,0
-1.2247,-0.70708,1.34159,-1.34159,-1.2247,-0.999961,0.267251,-1.2247,2
-1.2247,-0.70708,1.34159,-1.34159,-1.2247,-0.999961,0.267251,0.0,3
-1.2247,-0.70708,1.34159,-1.34159,-1.2247,-0.999961,0.267251,1.2247,0
-1.2247,-0.70708,1.34159,-1.34159,-1.2247,-0.999961,1.069,-1.2247,3
-1.2247,-0.70708,1.34159,-1.34159,-1.2247,-0.999961,1.069,0.0,3
-1.2247,-0.70708,1.34159,-1.34159,-1.2247,-0.999961,1.069,1.2247,0
-1.2247,-0.70708,1.34159,-1.34159,-1.2247,0.999961,-1.33625,-1.2247,3
-1.2247,-0.70708,1.34159,-1.34159,-1.2247,0.999961,-1.33625,0.0,3
-1.2247,-0.70708,1.34159,-1.34159,-1.2247,0.999961,-1.33625,1.2247,0
-1.2247,-0.70708,1.34159,-1.34159,-1.2247,0.999961,0.267251,-1.2247,3
-1.2247,-0.70708,1.34159,-1.34159,-1.2247,0.999961,0.267251,0.0,3
-1.2247,-0.70708,1.34159,-1.34159,-1.2247,0.999961,0.267251,1.2247,0
-1.2247,-0.70708,1.34159,-1.34159,-1.2247,0.999961,1.069,-1.2247,3
-1.2247,-0.70708,1.34159,-1.34159,-1.2247,0.999961,1.069,0.0,3
-1.2247,-0.70708,1.34159,-1.34159,-1.2247,0.999961,1.069,1.2247,0
-1.2247,-0.70708,1.34159,-1.34159,0.0,-0.999961,-1.33625,-1.2247,3
-1.2247,-0.70708,1.34159,-1.34159,0.0,-0.999961,-1.33625,0.0,3
-1.2247,-0.70708,1.34159,-1.34159,0.0,-0.999961,-1.33625,1.2247,0
-1.2247,-0.70708,1.34159,-1.34159,0.0,-0.999961,0.267251,-1.2247,3
-1.2247,-0.70708,1.34159,-1.34159,0.0,-0.999961,0.267251,0.0,3
-1.2247,-0.70708,1.34159,-1.34159,0.0,-0.999961,0.267251,1.2247,0
-1.2247,-0.70708,1.34159,-1.34159,0.0,-0.999961,1.069,-1.2247,3
-1.2247,-0.70708,1.34159,-1.34159,0.0,-0.999961,1.069,0.0,3
-1.2247,-0.70708,1.34159,-1.34159,0.0,-0.999961,1.069,1.2247,0
-1.2247,-0.70708,1.34159,-1.34159,0.0,0.999961,-1.33625,-1.2247,3
-1.2247,-0.70708,1.34159,-1.34159,0.0,0.999961,-1.33625,0.0,3
-1.2247,-0.70708,1.34159,-1.34159,0.0,0.999961,-1.33625,1.2247,0
-1.2247,-0.70708,1.34159,-1.34159,0.0,0.999961,0.267251,-1.2247,3
-1.2247,-0.70708,1.34159,-1.34159,0.0,0.999961,0.267251,0.0,3
-1.2247,-0.70708,1.34159,-1.34159,0.0,0.999961,0.267251,1.2247,0
-1.2247,-0.70708,1.34159,-1.34159,0.0,0.999961,1.069,-1.2247,3
-1.2247,-0.70708,1.34159,-1.34159,0.0,0.999961,1.069,0.0,3
-1.2247,-0.70708,1.34159,-1.34159,0.0,0.999961,1.069,1.2247,0
-1.2247,-0.70708,1.34159,-1.34159,1.2247,-0.999961,-1.33625,-1.2247,3
-1.2247,-0.70708,1.34159,-1.34159,1.2247,-0.999961,-1.33625,0.0,3
-1.2247,-0.70708,1.34159,-1.34159,1.2247,-0.999961,-1.33625,1.2247,0
-1.2247,-0.70708,1.34159,-1.34159,1.2247,-0.999961,0.267251,-1.2247,3
-1.2247,-0.70708,1.34159,-1.34159,1.2247,-0.999961,0.267251,0.0,3
-1.2247,-0.70708,1.34159,-1.34159,1.2247,-0.999961,0.267251,1.2247,0
-1.2247,-0.70708,1.34159,-1.34159,1.2247,-0.999961,1.069,-1.2247,3
-1.2247,-0.70708,1.34159,-1.34159,1.2247,-0.999961,1.069,0.0,3
-1.2247,-0.70708,1.34159,-1.34159,1.2247,-0.999961,1.069,1.2247,0
-1.2247,-0.70708,1.34159,-1.34159,1.2247,0.999961,-1.33625,-1.2247,3
-1.2247,-0.70708,1.34159,-1.34159,1.2247,0.999961,-1.33625,0.0,3
-1.2247,-0.70708,1.34159,-1.34159,1.2247,0.999961,-1.33625,1.2247,0
-1.2247,-0.70708,1.34159,-1.34159,1.2247,0.999961,0.267251,-1.2247,3
-1.2247,-0.70708,1.34159,-1.34159,1.2247,0.999961,0.267251,0.0,3
-1.2247,-0.70708,1.34159,-1.34159,1.2247,0.999961,0.267251,1.2247,0
-1.2247,-0.70708,1.34159,-1.34159,1.2247,0.999961,1.069,-1.2247,3
-1.2247,-0.70708,1.34159,-1.34159,1.2247,0.999961,1.069,0.0,3
-1.2247,-0.70708,1.34159,-1.34159,1.2247,0.999961,1.069,1.2247,0
-1.2247,-0.70708,1.34159,-0.447196,-1.2247,-0.999961,-1.33625,-1.2247,2
-1.2247,-0.70708,1.34159,-0.447196,-1.2247,-0.999961,-1.33625,0.0,3
-1.2247,-0.70708,1.34159,-0.447196,-1.2247,-0.999961,-1.33625,1.2247,0
-1.2247,-0.70708,1.34159,-0.447196,-1.2247,-0.999961,0.267251,-1.2247,2
-1.2247,-0.70708,1.34159,-0.447196,-1.2247,-0.999961,0.267251,0.0,3
-1.2247,-0.70708,1.34159,-0.447196,-1.2247,-0.999961,0.267251,1.2247,0
-1.2247,-0.70708,1.34159,-0.447196,-1.2247,-0.999961,1.069,-1.2247,3
-1.2247,-0.70708,1.34159,-0.447196,-1.2247,-0.999961,1.069,0.0,3
-1.2247,-0.70708,1.34159,-0.447196,-1.2247,-0.999961,1.069,1.2247,0
-1.2247,-0.70708,1.34159,-0.447196,-1.2247,0.999961,-1.33625,-1.2247,3
-1.2247,-0.70708,1.34159,-0.447196,-1.2247,0.999961,-1.33625,0.0,3
-1.2247,-0.70708,1.34159,-0.447196,-1.2247,0.999961,-1.33625,1.2247,0
-1.2247,-0.70708,1.34159,-0.447196,-1.2247,0.999961,0.267251,-1.2247,3
-1.2247,-0.70708,1.34159,-0.447196,-1.2247,0.999961,0.267251,0.0,3
-1.2247,-0.70708,1.34159,-0.447196,-1.2247,0.999961,0.267251,1.2247,0
-1.2247,-0.70708,1.34159,-0.447196,-1.2247,0.999961,1.069,-1.2247,3
-1.2247,-0.70708,1.34159,-0.447196,-1.2247,0.999961,1.069,0.0,3
-1.2247,-0.70708,1.34159,-0.447196,-1.2247,0.999961,1.069,1.2247,0
-1.2247,-0.70708,1.34159,-0.447196,0.0,-0.999961,-1.33625,-1.2247,3
-1.2247,-0.70708,1.34159,-0.447196,0.0,-0.999961,-1.33625,0.0,3
-1.2247,-0.70708,1.34159,-0.447196,0.0,-0.999961,-1.33625,1.2247,0
-1.2247,-0.70708,1.34159,-0.447196,0.0,-0.999961,0.267251,-1.2247,3
-1.2247,-0.70708,1.34159,-0.447196,0.0,-0.999961,0.267251,0.0,3
-1.2247,-0.70708,1.34159,-0.447196,0.0,-0.999961,0.267251,1.2247,0
-1.2247,-0.70708,1.34159,-0.447196,0.0,-0.999961,1.069,-1.2247,3
-1.2247,-0.70708,1.34159,-0.447196,0.0,-0.999961,1.069,0.0,3
-1.2247,-0.70708,1.34159,-0.447196,0.0,-0.999961,1.069,1.2247,0
-1.2247,-0.70708,1.34159,-0.447196,0.0,0.999961,-1.33625,-1.2247,3
-1.2247,-0.70708,1.34159,-0.447196,0.0,0.999961,-1.33625,0.0,3
-1.2247,-0.70708,1.34159,-0.447196,0.0,0.999961,-1.33625,1.2247,0
-1.2247,-0.70708,1.34159,-0.447196,0.0,0.999961,0.267251,-1.2247,3
-1.2247,-0.70708,1.34159,-0.447196,0.0,0.999961,0.267251,0.0,3
-1.2247,-0.70708,1.34159,-0.447196,0.0,0.999961,0.267251,1.2247,0
-1.2247,-0.70708,1.34159,-0.447196,0.0,0.999961,1.069,-1.2247,3
-1.2247,-0.70708,1.34159,-0.447196,0.0,0.999961,1.069,0.0,3
-1.2247,-0.70708,1.34159,-0.447196,0.0,0.999961,1.069,1.2247,0
-1.2247,-0.70708,1.34159,-0.447196,1.2247,-0.999961,-1.33625,-1.2247,3
-1.2247,-0.70708,1.34159,-0.447196,1.2247,-0.999961,-1.33625,0.0,3
-1.2247,-0.70708,1.34159,-0.447196,1.2247,-0.999961,-1.33625,1.2247,0
-1.2247,-0.70708,1.34159,-0.447196,1.2247,-0.999961,0.267251,-1.2247,3
-1.2247,-0.70708,1.34159,-0.447196,1.2247,-0.999961,0.267251,0.0,3
-1.2247,-0.70708,1.34159,-0.447196,1.2247,-0.999961,0.267251,1.2247,0
-1.2247,-0.70708,1.34159,-0.447196,1.2247,-0.999961,1.069,-1.2247,3
-1.2247,-0.70708,1.34159,-0.447196,1.2247,-0.999961,1.069,0.0,3
-1.2247,-0.70708,1.34159,-0.447196,1.2247,-0.999961,1.069,1.2247,0
-1.2247,-0.70708,1.34159,-0.447196,1.2247,0.999961,-1.33625,-1.2247,3
-1.2247,-0.70708,1.34159,-0.447196,1.2247,0.999961,-1.33625,0.0,3
-1.2247,-0.70708,1.34159,-0.447196,1.2247,0.999961,-1.33625,1.2247,0
-1.2247,-0.70708,1.34159,-0.447196,1.2247,0.999961,0.267251,-1.2247,3
-1.2247,-0.70708,1.34159,-0.447196,1.2247,0.999961,0.267251,0.0,3
-1.2247,-0.70708,1.34159,-0.447196,1.2247,0.999961,0.267251,1.2247,0
-1.2247,-0.70708,1.34159,-0.447196,1.2247,0.999961,1.069,-1.2247,3
-1.2247,-0.70708,1.34159,-0.447196,1.2247,0.999961,1.069,0.0,3
-1.2247,-0.70708,1.34159,-0.447196,1.2247,0.999961,1.069,1.2247,0
-1.2247,-0.70708,1.34159,0.447196,-1.2247,-0.999961,-1.33625,-1.2247,2
-1.2247,-0.70708,1.34159,0.447196,-1.2247,-0.999961,-1.33625,0.0,3
-1.2247,-0.70708,1.34159,0.447196,-1.2247,-0.999961,-1.33625,1.2247,0
-1.2247,-0.70708,1.34159,0.447196,-1.2247,-0.999961,0.267251,-1.2247,2
-1.2247,-0.70708,1.34159,0.447196,-1.2247,-0.999961,0.267251,0.0,3
-1.2247,-0.70708,1.34159,0.447196,-1.2247,-0.999961,0.267251,1.2247,0
-1.2247,-0.70708,1.34159,0.447196,-1.2247,-0.999961,1.069,-1.2247,3
-1.2247,-0.70708,1.34159,0.447196,-1.2247,-0.999961,1.069,0.0,3
-1.2247,-0.70708,1.34159,0.447196,-1.2247,-0.999961,1.069,1.2247,0
-1.2247,-0.70708,1.34159,0.447196,-1.2247,0.999961,-1.33625,-1.2247,3
-1.2247,-0.70708,1.34159,0.447196,-1.2247,0.999961,-1.33625,0.0,3
-1.2247,-0.70708,1.34159,0.447196,-1.2247,0.999961,-1.33625,1.2247,0
-1.2247,-0.70708,1.34159,0.447196,-1.2247,0.999961,0.267251,-1.2247,3
-1.2247,-0.70708,1.34159,0.447196,-1.2247,0.999961,0.267251,0.0,3
-1.2247,-0.70708,1.34159,0.447196,-1.2247,0.999961,0.267251,1.2247,0
-1.2247,-0.70708,1.34159,0.447196,-1.2247,0.999961,1.069,-1.2247,3
-1.2247,-0.70708,1.34159,0.447196,-1.2247,0.999961,1.069,0.0,3
-1.2247,-0.70708,1.34159,0.447196,-1.2247,0.999961,1.069,1.2247,0
-1.2247,-0.70708,1.34159,0.447196,0.0,-0.999961,-1.33625,-1.2247,3
-1.2247,-0.70708,1.34159,0.447196,0.0,-0.999961,-1.33625,0.0,3
-1.2247,-0.70708,1.34159,0.447196,0.0,-0.999961,-1.33625,1.2247,0
-1.2247,-0.70708,1.34159,0.447196,0.0,-0.999961,0.267251,-1.2247,3
-1.2247,-0.70708,1.34159,0.447196,0.0,-0.999961,0.267251,0.0,3
-1.2247,-0.70708,1.34159,0.447196,0.0,-0.999961,0.267251,1.2247,0
-1.2247,-0.70708,1.34159,0.447196,0.0,-0.999961,1.069,-1.2247,3
-1.2247,-0.70708,1.34159,0.447196,0.0,-0.999961,1.069,0.0,3
-1.2247,-0.70708,1.34159,0.447196,0.0,-0.999961,1.069,1.2247,0
-1.2247,-0.70708,1.34159,0.447196,0.0,0.999961,-1.33625,-1.2247,3
-1.2247,-0.70708,1.34159,0.447196,0.0,0.999961,-1.33625,0.0,3
-1.2247,-0.70708,1.34159,0.447196,0.0,0.999961,-1.33625,1.2247,0
-1.2247,-0.70708,1.34159,0.447196,0.0,0.999961,0.267251,-1.2247,3
-1.2247,-0.70708,1.34159,0.447196,0.0,0.999961,0.267251,0.0,3
-1.2247,-0.70708,1.34159,0.447196,0.0,0.999961,0.267251,1.2247,0
-1.2247,-0.70708,1.34159,0.447196,0.0,0.999961,1.069,-1.2247,3
-1.2247,-0.70708,1.34159,0.447196,0.0,0.999961,1.069,0.0,3
-1.2247,-0.70708,1.34159,0.447196,0.0,0.999961,1.069,1.2247,0
-1.2247,-0.70708,1.34159,0.447196,1.2247,-0.999961,-1.33625,-1.2247,3
-1.2247,-0.70708,1.34159,0.447196,1.2247,-0.999961,-1.33625,0.0,3
-1.2247,-0.70708,1.34159,0.447196,1.2247,-0.999961,-1.33625,1.2247,0
-1.2247,-0.70708,1.34159,0.447196,1.2247,-0.999961,0.267251,-1.2247,3
-1.2247,-0.70708,1.34159,0.447196,1.2247,-0.999961,0.267251,0.0,3
-1.2247,-0.70708,1.34159,0.447196,1.2247,-0.999961,0.267251,1.2247,0
-1.2247,-0.70708,1.34159,0.447196,1.2247,-0.999961,1.069,-1.2247,3
-1.2247,-0.70708,1.34159,0.447196,1.2247,-0.999961,1.069,0.0,3
-1.2247,-0.70708,1.34159,0.447196,1.2247,-0.999961,1.069,1.2247,0
-1.2247,-0.70708,1.34159,0.447196,1.2247,0.999961,-1.33625,-1.2247,3
-1.2247,-0.70708,1.34159,0.447196,1.2247,0.999961,-1.33625,0.0,3
-1.2247,-0.70708,1.34159,0.447196,1.2247,0.999961,-1.33625,1.2247,0
-1.2247,-0.70708,1.34159,0.447196,1.2247,0.999961,0.267251,-1.2247,3
-1.2247,-0.70708,1.34159,0.447196,1.2247,0.999961,0.267251,0.0,3
-1.2247,-0.70708,1.34159,0.447196,1.2247,0.999961,0.267251,1.2247,0
-1.2247,-0.70708,1.34159,0.447196,1.2247,0.999961,1.069,-1.2247,3
-1.2247,-0.70708,1.34159,0.447196,1.2247,0.999961,1.069,0.0,3
-1.2247,-0.70708,1.34159,0.447196,1.2247,0.999961,1.069,1.2247,0
-1.2247,-0.70708,1.34159,1.34159,-1.2247,-0.999961,-1.33625,-1.2247,2
-1.2247,-0.70708,1.34159,1.34159,-1.2247,-0.999961,-1.33625,0.0,3
-1.2247,-0.70708,1.34159,1.34159,-1.2247,-0.999961,-1.33625,1.2247,0
-1.2247,-0.70708,1.34159,1.34159,-1.2247,-0.999961,0.267251,-1.2247,2
-1.2247,-0.70708,1.34159,1.34159,-1.2247,-0.999961,0.267251,0.0,3
-1.2247,-0.70708,1.34159,1.34159,-1.2247,-0.999961,0.267251,1.2247,0
-1.2247,-0.70708,1.34159,1.34159,-1.2247,-0.999961,1.069,-1.2247,3
-1.2247,-0.70708,1.34159,1.34159,-1.2247,-0.999961,1.069,0.0,3
-1.2247,-0.70708,1.34159,1.34159,-1.2247,-0.999961,1.069,1.2247,0
-1.2247,-0.70708,1.34159,1.34159,-1.2247,0.999961,-1.33625,-1.2247,3
-1.2247,-0.70708,1.34159,1.34159,-1.2247,0.999961,-1.33625,0.0,3
-1.2247,-0.70708,1.34159,1.34159,-1.2247,0.999961,-1.33625,1.2247,0
-1.2247,-0.70708,1.34159,1.34159,-1.2247,0.999961,0.267251,-1.2247,3
-1.2247,-0.70708,1.34159,1.34159,-1.2247,0.999961,0.267251,0.0,3
-1.2247,-0.70708,1.34159,1.34159,-1.2247,0.999961,0.267251,1.2247,0
-1.2247,-0.70708,1.34159,1.34159,-1.2247,0.999961,1.069,-1.2247,3
-1.2247,-0.70708,1.34159,1.34159,-1.2247,0.999961,1.069,0.0,3
-1.2247,-0.70708,1.34159,1.34159,-1.2247,0.999961,1.069,1.2247,0
-1.2247,-0.70708,1.34159,1.34159,0.0,-0.999961,-1.33625,-1.2247,3
-1.2247,-0.70708,1.34159,1.34159,0.0,-0.999961,-1.33625,0.0,3
-1.2247,-0.70708,1.34159,1.34159,0.0,-0.999961,-1.33625,1.2247,0
-1.2247,-0.70708,1.34159,1.34159,0.0,-0.999961,0.267251,-1.2247,3
-1.2247,-0.70708,1.34159,1.34159,0.0,-0.999961,0.267251,0.0,3
-1.2247,-0.70708,1.34159,1.34159,0.0,-0.999961,0.267251,1.2247,0
-1.2247,-0.70708,1.34159,1.34159,0.0,-0.999961,1.069,-1.2247,3
-1.2247,-0.70708,1.34159,1.34159,0.0,-0.999961,1.069,0.0,3
-1.2247,-0.70708,1.34159,1.34159,0.0,-0.999961,1.069,1.2247,0
-1.2247,-0.70708,1.34159,1.34159,0.0,0.999961,-1.33625,-1.2247,3
-1.2247,-0.70708,1.34159,1.34159,0.0,0.999961,-1.33625,0.0,3
-1.2247,-0.70708,1.34159,1.34159,0.0,0.999961,-1.33625,1.2247,0
-1.2247,-0.70708,1.34159,1.34159,0.0,0.999961,0.267251,-1.2247,3
-1.2247,-0.70708,1.34159,1.34159,0.0,0.999961,0.267251,0.0,3
-1.2247,-0.70708,1.34159,1.34159,0.0,0.999961,0.267251,1.2247,0
-1.2247,-0.70708,1.34159,1.34159,0.0,0.999961,1.069,-1.2247,3
-1.2247,-0.70708,1.34159,1.34159,0.0,0.999961,1.069,0.0,3
-1.2247,-0.70708,1.34159,1.34159,0.0,0.999961,1.069,1.2247,0
-1.2247,-0.70708,1.34159,1.34159,1.2247,-0.999961,-1.33625,-1.2247,3
-1.2247,-0.70708,1.34159,1.34159,1.2247,-0.999961,-1.33625,0.0,3
-1.2247,-0.70708,1.34159,1.34159,1.2247,-0.999961,-1.33625,1.2247,0
-1.2247,-0.70708,1.34159,1.34159,1.2247,-0.999961,0.267251,-1.2247,3
-1.2247,-0.70708,1.34159,1.34159,1.2247,-0.999961,0.267251,0.0,3
-1.2247,-0.70708,1.34159,1.34159,1.2247,-0.999961,0.267251,1.2247,0
-1.2247,-0.70708,1.34159,1.34159,1.2247,-0.999961,1.069,-1.2247,3
-1.2247,-0.70708,1.34159,1.34159,1.2247,-0.999961,1.069,0.0,3
-1.2247,-0.70708,1.34159,1.34159,1.2247,-0.999961,1.069,1.2247,0
-1.2247,-0.70708,1.34159,1.34159,1.2247,0.999961,-1.33625,-1.2247,3
-1.2247,-0.70708,1.34159,1.34159,1.2247,0.999961,-1.33625,0.0,3
-1.2247,-0.70708,1.34159,1.34159,1.2247,0.999961,-1.33625,1.2247,0
-1.2247,-0.70708,1.34159,1.34159,1.2247,0.999961,0.267251,-1.2247,3
-1.2247,-0.70708,1.34159,1.34159,1.2247,0.999961,0.267251,0.0,3
-1.2247,-0.70708,1.34159,1.34159,1.2247,0.999961,0.267251,1.2247,0
-1.2247,-0.70708,1.34159,1.34159,1.2247,0.999961,1.069,-1.2247,3
-1.2247,-0.70708,1.34159,1.34159,1.2247,0.999961,1.069,0.0,3
-1.2247,-0.70708,1.34159,1.34159,1.2247,0.999961,1.069,1.2247,0
-1.2247,0.0,-1.34159,-1.34159,-1.2247,-0.999961,-1.33625,-1.2247,2
-1.2247,0.0,-1.34159,-1.34159,-1.2247,-0.999961,-1.33625,0.0,3
-1.2247,0.0,-1.34159,-1.34159,-1.2247,-0.999961,-1.33625,1.2247,0
-1.2247,0.0,-1.34159,-1.34159,-1.2247,-0.999961,0.267251,-1.2247,2
-1.2247,0.0,-1.34159,-1.34159,-1.2247,-0.999961,0.267251,0.0,3
-1.2247,0.0,-1.34159,-1.34159,-1.2247,-0.999961,0.267251,1.2247,0
-1.2247,0.0,-1.34159,-1.34159,-1.2247,-0.999961,1.069,-1.2247,3
-1.2247,0.0,-1.34159,-1.34159,-1.2247,-0.999961,1.069,0.0,3
-1.2247,0.0,-1.34159,-1.34159,-1.2247,-0.999961,1.069,1.2247,0
-1.2247,0.0,-1.34159,-1.34159,-1.2247,0.999961,-1.33625,-1.2247,2
-1.2247,0.0,-1.34159,-1.34159,-1.2247,0.999961,-1.33625,0.0,3
-1.2247,0.0,-1.34159,-1.34159,-1.2247,0.999961,-1.33625,1.2247,0
-1.2247,0.0,-1.34159,-1.34159,-1.2247,0.999961,0.267251,-1.2247,2
-1.2247,0.0,-1.34159,-1.34159,-1.2247,0.999961,0.267251,0.0,3
-1.2247,0.0,-1.34159,-1.34159,-1.2247,0.999961,0.267251,1.2247,0
-1.2247,0.0,-1.34159,-1.34159,-1.2247,0.999961,1.069,-1.2247,3
-1.2247,0.0,-1.34159,-1.34159,-1.2247,0.999961,1.069,0.0,3
-1.2247,0.0,-1.34159,-1.34159,-1.2247,0.999961,1.069,1.2247,0
-1.2247,0.0,-1.34159,-1.34159,0.0,-0.999961,-1.33625,-1.2247,2
-1.2247,0.0,-1.34159,-1.34159,0.0,-0.999961,-1.33625,0.0,3
-1.2247,0.0,-1.34159,-1.34159,0.0,-0.999961,-1.33625,1.2247,0
-1.2247,0.0,-1.34159,-1.34159,0.0,-0.999961,0.267251,-1.2247,2
-1.2247,0.0,-1.34159,-1.34159,0.0,-0.999961,0.267251,0.0,3
-1.2247,0.0,-1.34159,-1.34159,0.0,-0.999961,0.267251,1.2247,0
-1.2247,0.0,-1.34159,-1.34159,0.0,-0.999961,1.069,-1.2247,3
-1.2247,0.0,-1.34159,-1.34159,0.0,-0.999961,1.069,0.0,3
-1.2247,0.0,-1.34159,-1.34159,0.0,-0.999961,1.069,1.2247,0
-1.2247,0.0,-1.34159,-1.34159,0.0,0.999961,-1.33625,-1.2247,2
-1.2247,0.0,-1.34159,-1.34159,0.0,0.999961,-1.33625,0.0,3
-1.2247,0.0,-1.34159,-1.34159,0.0,0.999961,-1.33625,1.2247,0
-1.2247,0.0,-1.34159,-1.34159,0.0,0.999961,0.267251,-1.2247,2
-1.2247,0.0,-1.34159,-1.34159,0.0,0.999961,0.267251,0.0,3
-1.2247,0.0,-1.34159,-1.34159,0.0,0.999961,0.267251,1.2247,0
-1.2247,0.0,-1.34159,-1.34159,0.0,0.999961,1.069,-1.2247,3
-1.2247,0.0,-1.34159,-1.34159,0.0,0.999961,1.069,0.0,3
-1.2247,0.0,-1.34159,-1.34159,0.0,0.999961,1.069,1.2247,0
-1.2247,0.0,-1.34159,-1.34159,1.2247,-0.999961,-1.33625,-1.2247,2
-1.2247,0.0,-1.34159,-1.34159,1.2247,-0.999961,-1.33625,0.0,3
-1.2247,0.0,-1.34159,-1.34159,1.2247,-0.999961,-1.33625,1.2247,0
-1.2247,0.0,-1.34159,-1.34159,1.2247,-0.999961,0.267251,-1.2247,2
-1.2247,0.0,-1.34159,-1.34159,1.2247,-0.999961,0.267251,0.0,3
-1.2247,0.0,-1.34159,-1.34159,1.2247,-0.999961,0.267251,1.2247,0
-1.2247,0.0,-1.34159,-1.34159,1.2247,-0.999961,1.069,-1.2247,3
-1.2247,0.0,-1.34159,-1.34159,1.2247,-0.999961,1.069,0.0,3
-1.2247,0.0,-1.34159,-1.34159,1.2247,-0.999961,1.069,1.2247,0
-1.2247,0.0,-1.34159,-1.34159,1.2247,0.999961,-1.33625,-1.2247,2
-1.2247,0.0,-1.34159,-1.34159,1.2247,0.999961,-1.33625,0.0,3
-1.2247,0.0,-1.34159,-1.34159,1.2247,0.999961,-1.33625,1.2247,0
-1.2247,0.0,-1.34159,-1.34159,1.2247,0.999961,0.267251,-1.2247,2
-1.2247,0.0,-1.34159,-1.34159,1.2247,0.999961,0.267251,0.0,3
-1.2247,0.0,-1.34159,-1.34159,1.2247,0.999961,0.267251,1.2247,0
-1.2247,0.0,-1.34159,-1.34159,1.2247,0.999961,1.069,-1.2247,3
-1.2247,0.0,-1.34159,-1.34159,1.2247,0.999961,1.069,0.0,3
-1.2247,0.0,-1.34159,-1.34159,1.2247,0.999961,1.069,1.2247,0
-1.2247,0.0,-1.34159,-0.447196,-1.2247,-0.999961,-1.33625,-1.2247,2
-1.2247,0.0,-1.34159,-0.447196,-1.2247,-0.999961,-1.33625,0.0,3
-1.2247,0.0,-1.34159,-0.447196,-1.2247,-0.999961,-1.33625,1.2247,0
-1.2247,0.0,-1.34159,-0.447196,-1.2247,-0.999961,0.267251,-1.2247,2
-1.2247,0.0,-1.34159,-0.447196,-1.2247,-0.999961,0.267251,0.0,3
-1.2247,0.0,-1.34159,-0.447196,-1.2247,-0.999961,0.267251,1.2247,0
-1.2247,0.0,-1.34159,-0.447196,-1.2247,-0.999961,1.069,-1.2247,3
-1.2247,0.0,-1.34159,-0.447196,-1.2247,-0.999961,1.069,0.0,3
-1.2247,0.0,-1.34159,-0.447196,-1.2247,-0.999961,1.069,1.2247,0
-1.2247,0.0,-1.34159,-0.447196,-1.2247,0.999961,-1.33625,-1.2247,2
-1.2247,0.0,-1.34159,-0.447196,-1.2247,0.999961,-1.33625,0.0,3
-1.2247,0.0,-1.34159,-0.447196,-1.2247,0.999961,-1.33625,1.2247,0
-1.2247,0.0,-1.34159,-0.447196,-1.2247,0.999961,0.267251,-1.2247,2
-1.2247,0.0,-1.34159,-0.447196,-1.2247,0.999961,0.267251,0.0,3
-1.2247,0.0,-1.34159,-0.447196,-1.2247,0.999961,0.267251,1.2247,0
-1.2247,0.0,-1.34159,-0.447196,-1.2247,0.999961,1.069,-1.2247,3
-1.2247,0.0,-1.34159,-0.447196,-1.2247,0.999961,1.069,0.0,3
-1.2247,0.0,-1.34159,-0.447196,-1.2247,0.999961,1.069,1.2247,0
-1.2247,0.0,-1.34159,-0.447196,0.0,-0.999961,-1.33625,-1.2247,2
-1.2247,0.0,-1.34159,-0.447196,0.0,-0.999961,-1.33625,0.0,3
-1.2247,0.0,-1.34159,-0.447196,0.0,-0.999961,-1.33625,1.2247,0
-1.2247,0.0,-1.34159,-0.447196,0.0,-0.999961,0.267251,-1.2247,2
-1.2247,0.0,-1.34159,-0.447196,0.0,-0.999961,0.267251,0.0,3
-1.2247,0.0,-1.34159,-0.447196,0.0,-0.999961,0.267251,1.2247,0
-1.2247,0.0,-1.34159,-0.447196,0.0,-0.999961,1.069,-1.2247,3
-1.2247,0.0,-1.34159,-0.447196,0.0,-0.999961,1.069,0.0,3
-1.2247,0.0,-1.34159,-0.447196,0.0,-0.999961,1.069,1.2247,0
-1.2247,0.0,-1.34159,-0.447196,0.0,0.999961,-1.33625,-1.2247,2
-1.2247,0.0,-1.34159,-0.447196,0.0,0.999961,-1.33625,0.0,3
-1.2247,0.0,-1.34159,-0.447196,0.0,0.999961,-1.33625,1.2247,0
-1.2247,0.0,-1.34159,-0.447196,0.0,0.999961,0.267251,-1.2247,2
-1.2247,0.0,-1.34159,-0.447196,0.0,0.999961,0.267251,0.0,3
-1.2247,0.0,-1.34159,-0.447196,0.0,0.999961,0.267251,1.2247,0
-1.2247,0.0,-1.34159,-0.447196,0.0,0.999961,1.069,-1.2247,3
-1.2247,0.0,-1.34159,-0.447196,0.0,0.999961,1.069,0.0,3
-1.2247,0.0,-1.34159,-0.447196,0.0,0.999961,1.069,1.2247,0
-1.2247,0.0,-1.34159,-0.447196,1.2247,-0.999961,-1.33625,-1.2247,3
-1.2247,0.0,-1.34159,-0.447196,1.2247,-0.999961,-1.33625,0.0,3
-1.2247,0.0,-1.34159,-0.447196,1.2247,-0.999961,-1.33625,1.2247,0
-1.2247,0.0,-1.34159,-0.447196,1.2247,-0.999961,0.267251,-1.2247,3
-1.2247,0.0,-1.34159,-0.447196,1.2247,-0.999961,0.267251,0.0,3
-1.2247,0.0,-1.34159,-0.447196,1.2247,-0.999961,0.267251,1.2247,0
-1.2247,0.0,-1.34159,-0.447196,1.2247,-0.999961,1.069,-1.2247,3
-1.2247,0.0,-1.34159,-0.447196,1.2247,-0.999961,1.069,0.0,3
-1.2247,0.0,-1.34159,-0.447196,1.2247,-0.999961,1.069,1.2247,0
-1.2247,0.0,-1.34159,-0.447196,1.2247,0.999961,-1.33625,-1.2247,3
-1.2247,0.0,-1.34159,-0.447196,1.2247,0.999961,-1.33625,0.0,3
-1.2247,0.0,-1.34159,-0.447196,1.2247,0.999961,-1.33625,1.2247,0
-1.2247,0.0,-1.34159,-0.447196,1.2247,0.999961,0.267251,-1.2247,3
-1.2247,0.0,-1.34159,-0.447196,1.2247,0.999961,0.267251,0.0,3
-1.2247,0.0,-1.34159,-0.447196,1.2247,0.999961,0.267251,1.2247,0
-1.2247,0.0,-1.34159,-0.447196,1.2247,0.999961,1.069,-1.2247,3
-1.2247,0.0,-1.34159,-0.447196,1.2247,0.999961,1.069,0.0,3
-1.2247,0.0,-1.34159,-0.447196,1.2247,0.999961,1.069,1.2247,0
-1.2247,0.0,-1.34159,0.447196,-1.2247,-0.999961,-1.33625,-1.2247,2
-1.2247,0.0,-1.34159,0.447196,-1.2247,-0.999961,-1.33625,0.0,3
-1.2247,0.0,-1.34159,0.447196,-1.2247,-0.999961,-1.33625,1.2247,0
-1.2247,0.0,-1.34159,0.447196,-1.2247,-0.999961,0.267251,-1.2247,2
-1.2247,0.0,-1.34159,0.447196,-1.2247,-0.999961,0.267251,0.0,3
-1.2247,0.0,-1.34159,0.447196,-1.2247,-0.999961,0.267251,1.2247,0
-1.2247,0.0,-1.34159,0.447196,-1.2247,-0.999961,1.069,-1.2247,3
-1.2247,0.0,-1.34159,0.447196,-1.2247,-0.999961,1.069,0.0,3
-1.2247,0.0,-1.34159,0.447196,-1.2247,-0.999961,1.069,1.2247,0
-1.2247,0.0,-1.34159,0.447196,-1.2247,0.999961,-1.33625,-1.2247,3
-1.2247,0.0,-1.34159,0.447196,-1.2247,0.999961,-1.33625,0.0,3
-1.2247,0.0,-1.34159,0.447196,-1.2247,0.999961,-1.33625,1.2247,0
-1.2247,0.0,-1.34159,0.447196,-1.2247,0.999961,0.267251,-1.2247,3
-1.2247,0.0,-1.34159,0.447196,-1.2247,0.999961,0.267251,0.0,3
-1.2247,0.0,-1.34159,0.447196,-1.2247,0.999961,0.267251,1.2247,0
-1.2247,0.0,-1.34159,0.447196,-1.2247,0.999961,1.069,-1.2247,3
-1.2247,0.0,-1.34159,0.447196,-1.2247,0.999961,1.069,0.0,3
-1.2247,0.0,-1.34159,0.447196,-1.2247,0.999961,1.069,1.2247,0
-1.2247,0.0,-1.34159,0.447196,0.0,-0.999961,-1.33625,-1.2247,3
-1.2247,0.0,-1.34159,0.447196,0.0,-0.999961,-1.33625,0.0,3
-1.2247,0.0,-1.34159,0.447196,0.0,-0.999961,-1.33625,1.2247,0
-1.2247,0.0,-1.34159,0.447196,0.0,-0.999961,0.267251,-1.2247,3
-1.2247,0.0,-1.34159,0.447196,0.0,-0.999961,0.267251,0.0,3
-1.2247,0.0,-1.34159,0.447196,0.0,-0.999961,0.267251,1.2247,0
-1.2247,0.0,-1.34159,0.447196,0.0,-0.999961,1.069,-1.2247,3
-1.2247,0.0,-1.34159,0.447196,0.0,-0.999961,1.069,0.0,3
-1.2247,0.0,-1.34159,0.447196,0.0,-0.999961,1.069,1.2247,0
-1.2247,0.0,-1.34159,0.447196,0.0,0.999961,-1.33625,-1.2247,3
-1.2247,0.0,-1.34159,0.447196,0.0,0.999961,-1.33625,0.0,3
-1.2247,0.0,-1.34159,0.447196,0.0,0.999961,-1.33625,1.2247,0
-1.2247,0.0,-1.34159,0.447196,0.0,0.999961,0.267251,-1.2247,3
-1.2247,0.0,-1.34159,0.447196,0.0,0.999961,0.267251,0.0,3
-1.2247,0.0,-1.34159,0.447196,0.0,0.999961,0.267251,1.2247,0
-1.2247,0.0,-1.34159,0.447196,0.0,0.999961,1.069,-1.2247,3
-1.2247,0.0,-1.34159,0.447196,0.0,0.999961,1.069,0.0,3
-1.2247,0.0,-1.34159,0.447196,0.0,0.999961,1.069,1.2247,0
-1.2247,0.0,-1.34159,0.447196,1.2247,-0.999961,-1.33625,-1.2247,3
-1.2247,0.0,-1.34159,0.447196,1.2247,-0.999961,-1.33625,0.0,3
-1.2247,0.0,-1.34159,0.447196,1.2247,-0.999961,-1.33625,1.2247,0
-1.2247,0.0,-1.34159,0.447196,1.2247,-0.999961,0.267251,-1.2247,3
-1.2247,0.0,-1.34159,0.447196,1.2247,-0.999961,0.267251,0.0,3
-1.2247,0.0,-1.34159,0.447196,1.2247,-0.999961,0.267251,1.2247,0
-1.2247,0.0,-1.34159,0.447196,1.2247,-0.999961,1.069,-1.2247,3
-1.2247,0.0,-1.34159,0.447196,1.2247,-0.999961,1.069,0.0,3
-1.2247,0.0,-1.34159,0.447196,1.2247,-0.999961,1.069,1.2247,0
-1.2247,0.0,-1.34159,0.447196,1.2247,0.999961,-1.33625,-1.2247,3
-1.2247,0.0,-1.34159,0.447196,1.2247,0.999961,-1.33625,0.0,3
-1.2247,0.0,-1.34159,0.447196,1.2247,0.999961,-1.33625,1.2247,0
-1.2247,0.0,-1.34159,0.447196,1.2247,0.999961,0.267251,-1.2247,3
-1.2247,0.0,-1.34159,0.447196,1.2247,0.999961,0.267251,0.0,3
-1.2247,0.0,-1.34159,0.447196,1.2247,0.999961,0.267251,1.2247,0
-1.2247,0.0,-1.34159,0.447196,1.2247,0.999961,1.069,-1.2247,3
-1.2247,0.0,-1.34159,0.447196,1.2247,0.999961,1.069,0.0,3
-1.2247,0.0,-1.34159,0.447196,1.2247,0.999961,1.069,1.2247,0
-1.2247,0.0,-1.34159,1.34159,-1.2247,-0.999961,-1.33625,-1.2247,2
-1.2247,0.0,-1.34159,1.34159,-1.2247,-0.999961,-1.33625,0.0,3
-1.2247,0.0,-1.34159,1.34159,-1.2247,-0.999961,-1.33625,1.2247,0
-1.2247,0.0,-1.34159,1.34159,-1.2247,-0.999961,0.267251,-1.2247,2
-1.2247,0.0,-1.34159,1.34159,-1.2247,-0.999961,0.267251,0.0,3
-1.2247,0.0,-1.34159,1.34159,-1.2247,-0.999961,0.267251,1.2247,0
-1.2247,0.0,-1.34159,1.34159,-1.2247,-0.999961,1.069,-1.2247,3
-1.2247,0.0,-1.34159,1.34159,-1.2247,-0.999961,1.069,0.0,3
-1.2247,0.0,-1.34159,1.34159,-1.2247,-0.999961,1.069,1.2247,0
-1.2247,0.0,-1.34159,1.34159,-1.2247,0.999961,-1.33625,-1.2247,3
-1.2247,0.0,-1.34159,1.34159,-1.2247,0.999961,-1.33625,0.0,3
-1.2247,0.0,-1.34159,1.34159,-1.2247,0.999961,-1.33625,1.2247,0
-1.2247,0.0,-1.34159,1.34159,-1.2247,0.999961,0.267251,-1.2247,3
-1.2247,0.0,-1.34159,1.34159,-1.2247,0.999961,0.267251,0.0,3
-1.2247,0.0,-1.34159,1.34159,-1.2247,0.999961,0.267251,1.2247,0
-1.2247,0.0,-1.34159,1.34159,-1.2247,0.999961,1.069,-1.2247,3
-1.2247,0.0,-1.34159,1.34159,-1.2247,0.999961,1.069,0.0,3
-1.2247,0.0,-1.34159,1.34159,-1.2247,0.999961,1.069,1.2247,0
-1.2247,0.0,-1.34159,1.34159,0.0,-0.999961,-1.33625,-1.2247,3
-1.2247,0.0,-1.34159,1.34159,0.0,-0.999961,-1.33625,0.0,3
-1.2247,0.0,-1.34159,1.34159,0.0,-0.999961,-1.33625,1.2247,0
-1.2247,0.0,-1.34159,1.34159,0.0,-0.999961,0.267251,-1.2247,3
-1.2247,0.0,-1.34159,1.34159,0.0,-0.999961,0.267251,0.0,3
-1.2247,0.0,-1.34159,1.34159,0.0,-0.999961,0.267251,1.2247,0
-1.2247,0.0,-1.34159,1.34159,0.0,-0.999961,1.069,-1.2247,3
-1.2247,0.0,-1.34159,1.34159,0.0,-0.999961,1.069,0.0,3
-1.2247,0.0,-1.34159,1.34159,0.0,-0.999961,1.069,1.2247,0
-1.2247,0.0,-1.34159,1.34159,0.0,0.999961,-1.33625,-1.2247,3
-1.2247,0.0,-1.34159,1.34159,0.0,0.999961,-1.33625,0.0,3
-1.2247,0.0,-1.34159,1.34159,0.0,0.999961,-1.33625,1.2247,0
-1.2247,0.0,-1.34159,1.34159,0.0,0.999961,0.267251,-1.2247,3
-1.2247,0.0,-1.34159,1.34159,0.0,0.999961,0.267251,0.0,3
-1.2247,0.0,-1.34159,1.34159,0.0,0.999961,0.267251,1.2247,0
-1.2247,0.0,-1.34159,1.34159,0.0,0.999961,1.069,-1.2247,3
-1.2247,0.0,-1.34159,1.34159,0.0,0.999961,1.069,0.0,3
-1.2247,0.0,-1.34159,1.34159,0.0,0.999961,1.069,1.2247,0
-1.2247,0.0,-1.34159,1.34159,1.2247,-0.999961,-1.33625,-1.2247,3
-1.2247,0.0,-1.34159,1.34159,1.2247,-0.999961,-1.33625,0.0,3
-1.2247,0.0,-1.34159,1.34159,1.2247,-0.999961,-1.33625,1.2247,0
-1.2247,0.0,-1.34159,1.34159,1.2247,-0.999961,0.267251,-1.2247,3
-1.2247,0.0,-1.34159,1.34159,1.2247,-0.999961,0.267251,0.0,3
-1.2247,0.0,-1.34159,1.34159,1.2247,-0.999961,0.267251,1.2247,0
-1.2247,0.0,-1.34159,1.34159,1.2247,-0.999961,1.069,-1.2247,3
-1.2247,0.0,-1.34159,1.34159,1.2247,-0.999961,1.069,0.0,3
-1.2247,0.0,-1.34159,1.34159,1.2247,-0.999961,1.069,1.2247,0
-1.2247,0.0,-1.34159,1.34159,1.2247,0.999961,-1.33625,-1.2247,3
-1.2247,0.0,-1.34159,1.34159,1.2247,0.999961,-1.33625,0.0,3
-1.2247,0.0,-1.34159,1.34159,1.2247,0.999961,-1.33625,1.2247,0
-1.2247,0.0,-1.34159,1.34159,1.2247,0.999961,0.267251,-1.2247,3
-1.2247,0.0,-1.34159,1.34159,1.2247,0.999961,0.267251,0.0,3
-1.2247,0.0,-1.34159,1.34159,1.2247,0.999961,0.267251,1.2247,0
-1.2247,0.0,-1.34159,1.34159,1.2247,0.999961,1.069,-1.2247,3
-1.2247,0.0,-1.34159,1.34159,1.2247,0.999961,1.069,0.0,3
-1.2247,0.0,-1.34159,1.34159,1.2247,0.999961,1.069,1.2247,0
-1.2247,0.0,-0.447196,-1.34159,-1.2247,-0.999961,-1.33625,-1.2247,2
-1.2247,0.0,-0.447196,-1.34159,-1.2247,-0.999961,-1.33625,0.0,3
-1.2247,0.0,-0.447196,-1.34159,-1.2247,-0.999961,-1.33625,1.2247,0
-1.2247,0.0,-0.447196,-1.34159,-1.2247,-0.999961,0.267251,-1.2247,2
-1.2247,0.0,-0.447196,-1.34159,-1.2247,-0.999961,0.267251,0.0,3
-1.2247,0.0,-0.447196,-1.34159,-1.2247,-0.999961,0.267251,1.2247,0
-1.2247,0.0,-0.447196,-1.34159,-1.2247,-0.999961,1.069,-1.2247,3
-1.2247,0.0,-0.447196,-1.34159,-1.2247,-0.999961,1.069,0.0,3
-1.2247,0.0,-0.447196,-1.34159,-1.2247,-0.999961,1.069,1.2247,0
-1.2247,0.0,-0.447196,-1.34159,-1.2247,0.999961,-1.33625,-1.2247,2
-1.2247,0.0,-0.447196,-1.34159,-1.2247,0.999961,-1.33625,0.0,3
-1.2247,0.0,-0.447196,-1.34159,-1.2247,0.999961,-1.33625,1.2247,0
-1.2247,0.0,-0.447196,-1.34159,-1.2247,0.999961,0.267251,-1.2247,2
-1.2247,0.0,-0.447196,-1.34159,-1.2247,0.999961,0.267251,0.0,3
-1.2247,0.0,-0.447196,-1.34159,-1.2247,0.999961,0.267251,1.2247,0
-1.2247,0.0,-0.447196,-1.34159,-1.2247,0.999961,1.069,-1.2247,3
-1.2247,0.0,-0.447196,-1.34159,-1.2247,0.999961,1.069,0.0,3
-1.2247,0.0,-0.447196,-1.34159,-1.2247,0.999961,1.069,1.2247,0
-1.2247,0.0,-0.447196,-1.34159,0.0,-0.999961,-1.33625,-1.2247,2
-1.2247,0.0,-0.447196,-1.34159,0.0,-0.999961,-1.33625,0.0,3
-1.2247,0.0,-0.447196,-1.34159,0.0,-0.999961,-1.33625,1.2247,0
-1.2247,0.0,-0.447196,-1.34159,0.0,-0.999961,0.267251,-1.2247,2
-1.2247,0.0,-0.447196,-1.34159,0.0,-0.999961,0.267251,0.0,3
-1.2247,0.0,-0.447196,-1.34159,0.0,-0.999961,0.267251,1.2247,0
-1.2247,0.0,-0.447196,-1.34159,0.0,-0.999961,1.069,-1.2247,3
-1.2247,0.0,-0.447196,-1.34159,0.0,-0.999961,1.069,0.0,3
-1.2247,0.0,-0.447196,-1.34159,0.0,-0.999961,1.069,1.2247,0
-1.2247,0.0,-0.447196,-1.34159,0.0,0.999961,-1.33625,-1.2247,2
-1.2247,0.0,-0.447196,-1.34159,0.0,0.999961,-1.33625,0.0,3
-1.2247,0.0,-0.447196,-1.34159,0.0,0.999961,-1.33625,1.2247,0
-1.2247,0.0,-0.447196,-1.34159,0.0,0.999961,0.267251,-1.2247,2
-1.2247,0.0,-0.447196,-1.34159,0.0,0.999961,0.267251,0.0,3
-1.2247,0.0,-0.447196,-1.34159,0.0,0.999961,0.267251,1.2247,0
-1.2247,0.0,-0.447196,-1.34159,0.0,0.999961,1.069,-1.2247,3
-1.2247,0.0,-0.447196,-1.34159,0.0,0.999961,1.069,0.0,3
-1.2247,0.0,-0.447196,-1.34159,0.0,0.999961,1.069,1.2247,0
-1.2247,0.0,-0.447196,-1.34159,1.2247,-0.999961,-1.33625,-1.2247,3
-1.2247,0.0,-0.447196,-1.34159,1.2247,-0.999961,-1.33625,0.0,3
-1.2247,0.0,-0.447196,-1.34159,1.2247,-0.999961,-1.33625,1.2247,0
-1.2247,0.0,-0.447196,-1.34159,1.2247,-0.999961,0.267251,-1.2247,3
-1.2247,0.0,-0.447196,-1.34159,1.2247,-0.999961,0.267251,0.0,3
-1.2247,0.0,-0.447196,-1.34159,1.2247,-0.999961,0.267251,1.2247,0
-1.2247,0.0,-0.447196,-1.34159,1.2247,-0.999961,1.069,-1.2247,3
-1.2247,0.0,-0.447196,-1.34159,1.2247,-0.999961,1.069,0.0,3
-1.2247,0.0,-0.447196,-1.34159,1.2247,-0.999961,1.069,1.2247,0
-1.2247,0.0,-0.447196,-1.34159,1.2247,0.999961,-1.33625,-1.2247,3
-1.2247,0.0,-0.447196,-1.34159,1.2247,0.999961,-1.33625,0.0,3
-1.2247,0.0,-0.447196,-1.34159,1.2247,0.999961,-1.33625,1.2247,0
-1.2247,0.0,-0.447196,-1.34159,1.2247,0.999961,0.267251,-1.2247,3
-1.2247,0.0,-0.447196,-1.34159,1.2247,0.999961,0.267251,0.0,3
-1.2247,0.0,-0.447196,-1.34159,1.2247,0.999961,0.267251,1.2247,0
-1.2247,0.0,-0.447196,-1.34159,1.2247,0.999961,1.069,-1.2247,3
-1.2247,0.0,-0.447196,-1.34159,1.2247,0.999961,1.069,0.0,3
-1.2247,0.0,-0.447196,-1.34159,1.2247,0.999961,1.069,1.2247,0
-1.2247,0.0,-0.447196,-0.447196,-1.2247,-0.999961,-1.33625,-1.2247,2
-1.2247,0.0,-0.447196,-0.447196,-1.2247,-0.999961,-1.33625,0.0,3
-1.2247,0.0,-0.447196,-0.447196,-1.2247,-0.999961,-1.33625,1.2247,0
-1.2247,0.0,-0.447196,-0.447196,-1.2247,-0.999961,0.267251,-1.2247,2
-1.2247,0.0,-0.447196,-0.447196,-1.2247,-0.999961,0.267251,0.0,3
-1.2247,0.0,-0.447196,-0.447196,-1.2247,-0.999961,0.267251,1.2247,0
-1.2247,0.0,-0.447196,-0.447196,-1.2247,-0.999961,1.069,-1.2247,3
-1.2247,0.0,-0.447196,-0.447196,-1.2247,-0.999961,1.069,0.0,3
-1.2247,0.0,-0.447196,-0.447196,-1.2247,-0.999961,1.069,1.2247,0
-1.2247,0.0,-0.447196,-0.447196,-1.2247,0.999961,-1.33625,-1.2247,2
-1.2247,0.0,-0.447196,-0.447196,-1.2247,0.999961,-1.33625,0.0,3
-1.2247,0.0,-0.447196,-0.447196,-1.2247,0.999961,-1.33625,1.2247,0
-1.2247,0.0,-0.447196,-0.447196,-1.2247,0.999961,0.267251,-1.2247,2
-1.2247,0.0,-0.447196,-0.447196,-1.2247,0.999961,0.267251,0.0,3
-1.2247,0.0,-0.447196,-0.447196,-1.2247,0.999961,0.267251,1.2247,0
-1.2247,0.0,-0.447196,-0.447196,-1.2247,0.999961,1.069,-1.2247,3
-1.2247,0.0,-0.447196,-0.447196,-1.2247,0.999961,1.069,0.0,3
-1.2247,0.0,-0.447196,-0.447196,-1.2247,0.999961,1.069,1.2247,0
-1.2247,0.0,-0.447196,-0.447196,0.0,-0.999961,-1.33625,-1.2247,2
-1.2247,0.0,-0.447196,-0.447196,0.0,-0.999961,-1.33625,0.0,3
-1.2247,0.0,-0.447196,-0.447196,0.0,-0.999961,-1.33625,1.2247,0
-1.2247,0.0,-0.447196,-0.447196,0.0,-0.999961,0.267251,-1.2247,2
-1.2247,0.0,-0.447196,-0.447196,0.0,-0.999961,0.267251,0.0,3
-1.2247,0.0,-0.447196,-0.447196,0.0,-0.999961,0.267251,1.2247,0
-1.2247,0.0,-0.447196,-0.447196,0.0,-0.999961,1.069,-1.2247,3
-1.2247,0.0,-0.447196,-0.447196,0.0,-0.999961,1.069,0.0,3
-1.2247,0.0,-0.447196,-0.447196,0.0,-0.999961,1.069,1.2247,0
-1.2247,0.0,-0.447196,-0.447196,0.0,0.999961,-1.33625,-1.2247,2
-1.2247,0.0,-0.447196,-0.447196,0.0,0.999961,-1.33625,0.0,3
-1.2247,0.0,-0.447196,-0.447196,0.0,0.999961,-1.33625,1.2247,0
-1.2247,0.0,-0.447196,-0.447196,0.0,0.999961,0.267251,-1.2247,2
-1.2247,0.0,-0.447196,-0.447196,0.0,0.999961,0.267251,0.0,3
-1.2247,0.0,-0.447196,-0.447196,0.0,0.999961,0.267251,1.2247,0
-1.2247,0.0,-0.447196,-0.447196,0.0,0.999961,1.069,-1.2247,3
-1.2247,0.0,-0.447196,-0.447196,0.0,0.999961,1.069,0.0,3
-1.2247,0.0,-0.447196,-0.447196,0.0,0.999961,1.069,1.2247,0
-1.2247,0.0,-0.447196,-0.447196,1.2247,-0.999961,-1.33625,-1.2247,3
-1.2247,0.0,-0.447196,-0.447196,1.2247,-0.999961,-1.33625,0.0,3
-1.2247,0.0,-0.447196,-0.447196,1.2247,-0.999961,-1.33625,1.2247,0
-1.2247,0.0,-0.447196,-0.447196,1.2247,-0.999961,0.267251,-1.2247,3
-1.2247,0.0,-0.447196,-0.447196,1.2247,-0.999961,0.267251,0.0,3
-1.2247,0.0,-0.447196,-0.447196,1.2247,-0.999961,0.267251,1.2247,0
-1.2247,0.0,-0.447196,-0.447196,1.2247,-0.999961,1.069,-1.2247,3
-1.2247,0.0,-0.447196,-0.447196,1.2247,-0.999961,1.069,0.0,3
-1.2247,0.0,-0.447196,-0.447196,1.2247,-0.999961,1.069,1.2247,0
-1.2247,0.0,-0.447196,-0.447196,1.2247,0.999961,-1.33625,-1.2247,3
-1.2247,0.0,-0.447196,-0.447196,1.2247,0.999961,-1.33625,0.0,3
-1.2247,0.0,-0.447196,-0.447196,1.2247,0.999961,-1.33625,1.2247,0
-1.2247,0.0,-0.447196,-0.447196,1.2247,0.999961,0.267251,-1.2247,3
-1.2247,0.0,-0.447196,-0.447196,1.2247,0.999961,0.267251,0.0,3
-1.2247,0.0,-0.447196,-0.447196,1.2247,0.999961,0.267251,1.2247,0
-1.2247,0.0,-0.447196,-0.447196,1.2247,0.999961,1.069,-1.2247,3
-1.2247,0.0,-0.447196,-0.447196,1.2247,0.999961,1.069,0.0,3
-1.2247,0.0,-0.447196,-0.447196,1.2247,0.999961,1.069,1.2247,0
-1.2247,0.0,-0.447196,0.447196,-1.2247,-0.999961,-1.33625,-1.2247,2
-1.2247,0.0,-0.447196,0.447196,-1.2247,-0.999961,-1.33625,0.0,3
-1.2247,0.0,-0.447196,0.447196,-1.2247,-0.999961,-1.33625,1.2247,0
-1.2247,0.0,-0.447196,0.447196,-1.2247,-0.999961,0.267251,-1.2247,2
-1.2247,0.0,-0.447196,0.447196,-1.2247,-0.999961,0.267251,0.0,3
-1.2247,0.0,-0.447196,0.447196,-1.2247,-0.999961,0.267251,1.2247,0
-1.2247,0.0,-0.447196,0.447196,-1.2247,-0.999961,1.069,-1.2247,3
-1.2247,0.0,-0.447196,0.447196,-1.2247,-0.999961,1.069,0.0,3
-1.2247,0.0,-0.447196,0.447196,-1.2247,-0.999961,1.069,1.2247,0
-1.2247,0.0,-0.447196,0.447196,-1.2247,0.999961,-1.33625,-1.2247,3
-1.2247,0.0,-0.447196,0.447196,-1.2247,0.999961,-1.33625,0.0,3
-1.2247,0.0,-0.447196,0.447196,-1.2247,0.999961,-1.33625,1.2247,0
-1.2247,0.0,-0.447196,0.447196,-1.2247,0.999961,0.267251,-1.2247,3
-1.2247,0.0,-0.447196,0.447196,-1.2247,0.999961,0.267251,0.0,3
-1.2247,0.0,-0.447196,0.447196,-1.2247,0.999961,0.267251,1.2247,0
-1.2247,0.0,-0.447196,0.447196,-1.2247,0.999961,1.069,-1.2247,3
-1.2247,0.0,-0.447196,0.447196,-1.2247,0.999961,1.069,0.0,3
-1.2247,0.0,-0.447196,0.447196,-1.2247,0.999961,1.069,1.2247,0
-1.2247,0.0,-0.447196,0.447196,0.0,-0.999961,-1.33625,-1.2247,3
-1.2247,0.0,-0.447196,0.447196,0.0,-0.999961,-1.33625,0.0,3
-1.2247,0.0,-0.447196,0.447196,0.0,-0.999961,-1.33625,1.2247,0
-1.2247,0.0,-0.447196,0.447196,0.0,-0.999961,0.267251,-1.2247,3
-1.2247,0.0,-0.447196,0.447196,0.0,-0.999961,0.267251,0.0,3
-1.2247,0.0,-0.447196,0.447196,0.0,-0.999961,0.267251,1.2247,0
-1.2247,0.0,-0.447196,0.447196,0.0,-0.999961,1.069,-1.2247,3
-1.2247,0.0,-0.447196,0.447196,0.0,-0.999961,1.069,0.0,3
-1.2247,0.0,-0.447196,0.447196,0.0,-0.999961,1.069,1.2247,0
-1.2247,0.0,-0.447196,0.447196,0.0,0.999961,-1.33625,-1.2247,3
-1.2247,0.0,-0.447196,0.447196,0.0,0.999961,-1.33625,0.0,3
-1.2247,0.0,-0.447196,0.447196,0.0,0.999961,-1.33625,1.2247,0
-1.2247,0.0,-0.447196,0.447196,0.0,0.999961,0.267251,-1.2247,3
-1.2247,0.0,-0.447196,0.447196,0.0,0.999961,0.267251,0.0,3
-1.2247,0.0,-0.447196,0.447196,0.0,0.999961,0.267251,1.2247,0
-1.2247,0.0,-0.447196,0.447196,0.0,0.999961,1.069,-1.2247,3
-1.2247,0.0,-0.447196,0.447196,0.0,0.999961,1.069,0.0,3
-1.2247,0.0,-0.447196,0.447196,0.0,0.999961,1.069,1.2247,0
-1.2247,0.0,-0.447196,0.447196,1.2247,-0.999961,-1.33625,-1.2247,3
-1.2247,0.0,-0.447196,0.447196,1.2247,-0.999961,-1.33625,0.0,3
-1.2247,0.0,-0.447196,0.447196,1.2247,-0.999961,-1.33625,1.2247,0
-1.2247,0.0,-0.447196,0.447196,1.2247,-0.999961,0.267251,-1.2247,3
-1.2247,0.0,-0.447196,0.447196,1.2247,-0.999961,0.267251,0.0,3
-1.2247,0.0,-0.447196,0.447196,1.2247,-0.999961,0.267251,1.2247,0
-1.2247,0.0,-0.447196,0.447196,1.2247,-0.999961,1.069,-1.2247,3
-1.2247,0.0,-0.447196,0.447196,1.2247,-0.999961,1.069,0.0,3
-1.2247,0.0,-0.447196,0.447196,1.2247,-0.999961,1.069,1.2247,0
-1.2247,0.0,-0.447196,0.447196,1.2247,0.999961,-1.33625,-1.2247,3
-1.2247,0.0,-0.447196,0.447196,1.2247,0.999961,-1.33625,0.0,3
-1.2247,0.0,-0.447196,0.447196,1.2247,0.999961,-1.33625,1.2247,0
-1.2247,0.0,-0.447196,0.447196,1.2247,0.999961,0.267251,-1.2247,3
-1.2247,0.0,-0.447196,0.447196,1.2247,0.999961,0.267251,0.0,3
-1.2247,0.0,-0.447196,0.447196,1.2247,0.999961,0.267251,1.2247,0
-1.2247,0.0,-0.447196,0.447196,1.2247,0.999961,1.069,-1.2247,3
-1.2247,0.0,-0.447196,0.447196,1.2247,0.999961,1.069,0.0,3
-1.2247,0.0,-0.447196,0.447196,1.2247,0.999961,1.069,1.2247,0
-1.2247,0.0,-0.447196,1.34159,-1.2247,-0.999961,-1.33625,-1.2247,2
-1.2247,0.0,-0.447196,1.34159,-1.2247,-0.999961,-1.33625,0.0,3
-1.2247,0.0,-0.447196,1.34159,-1.2247,-0.999961,-1.33625,1.2247,0
-1.2247,0.0,-0.447196,1.34159,-1.2247,-0.999961,0.267251,-1.2247,2
-1.2247,0.0,-0.447196,1.34159,-1.2247,-0.999961,0.267251,0.0,3
-1.2247,0.0,-0.447196,1.34159,-1.2247,-0.999961,0.267251,1.2247,0
-1.2247,0.0,-0.447196,1.34159,-1.2247,-0.999961,1.069,-1.2247,3
-1.2247,0.0,-0.447196,1.34159,-1.2247,-0.999961,1.069,0.0,3
-1.2247,0.0,-0.447196,1.34159,-1.2247,-0.999961,1.069,1.2247,0
-1.2247,0.0,-0.447196,1.34159,-1.2247,0.999961,-1.33625,-1.2247,3
-1.2247,0.0,-0.447196,1.34159,-1.2247,0.999961,-1.33625,0.0,3
-1.2247,0.0,-0.447196,1.34159,-1.2247,0.999961,-1.33625,1.2247,0
-1.2247,0.0,-0.447196,1.34159,-1.2247,0.999961,0.267251,-1.2247,3
-1.2247,0.0,-0.447196,1.34159,-1.2247,0.999961,0.267251,0.0,3
-1.2247,0.0,-0.447196,1.34159,-1.2247,0.999961,0.267251,1.2247,0
-1.2247,0.0,-0.447196,1.34159,-1.2247,0.999961,1.069,-1.2247,3
-1.2247,0.0,-0.447196,1.34159,-1.2247,0.999961,1.069,0.0,3
-1.2247,0.0,-0.447196,1.34159,-1.2247,0.999961,1.069,1.2247,0
-1.2247,0.0,-0.447196,1.34159,0.0,-0.999961,-1.33625,-1.2247,3
-1.2247,0.0,-0.447196,1.34159,0.0,-0.999961,-1.33625,0.0,3
-1.2247,0.0,-0.447196,1.34159,0.0,-0.999961,-1.33625,1.2247,0
-1.2247,0.0,-0.447196,1.34159,0.0,-0.999961,0.267251,-1.2247,3
-1.2247,0.0,-0.447196,1.34159,0.0,-0.999961,0.267251,0.0,3
-1.2247,0.0,-0.447196,1.34159,0.0,-0.999961,0.267251,1.2247,0
-1.2247,0.0,-0.447196,1.34159,0.0,-0.999961,1.069,-1.2247,3
-1.2247,0.0,-0.447196,1.34159,0.0,-0.999961,1.069,0.0,3
-1.2247,0.0,-0.447196,1.34159,0.0,-0.999961,1.069,1.2247,0
-1.2247,0.0,-0.447196,1.34159,0.0,0.999961,-1.33625,-1.2247,3
-1.2247,0.0,-0.447196,1.34159,0.0,0.999961,-1.33625,0.0,3
-1.2247,0.0,-0.447196,1.34159,0.0,0.999961,-1.33625,1.2247,0
-1.2247,0.0,-0.447196,1.34159,0.0,0.999961,0.267251,-1.2247,3
-1.2247,0.0,-0.447196,1.34159,0.0,0.999961,0.267251,0.0,3
-1.2247,0.0,-0.447196,1.34159,0.0,0.999961,0.267251,1.2247,0
-1.2247,0.0,-0.447196,1.34159,0.0,0.999961,1.069,-1.2247,3
-1.2247,0.0,-0.447196,1.34159,0.0,0.999961,1.069,0.0,3
-1.2247,0.0,-0.447196,1.34159,0.0,0.999961,1.069,1.2247,0
-1.2247,0.0,-0.447196,1.34159,1.2247,-0.999961,-1.33625,-1.2247,3
-1.2247,0.0,-0.447196,1.34159,1.2247,-0.999961,-1.33625,0.0,3
-1.2247,0.0,-0.447196,1.34159,1.2247,-0.999961,-1.33625,1.2247,0
-1.2247,0.0,-0.447196,1.34159,1.2247,-0.999961,0.267251,-1.2247,3
-1.2247,0.0,-0.447196,1.34159,1.2247,-0.999961,0.267251,0.0,3
-1.2247,0.0,-0.447196,1.34159,1.2247,-0.999961,0.267251,1.2247,0
-1.2247,0.0,-0.447196,1.34159,1.2247,-0.999961,1.069,-1.2247,3
-1.2247,0.0,-0.447196,1.34159,1.2247,-0.999961,1.069,0.0,3
-1.2247,0.0,-0.447196,1.34159,1.2247,-0.999961,1.069,1.2247,0
-1.2247,0.0,-0.447196,1.34159,1.2247,0.999961,-1.33625,-1.2247,3
-1.2247,0.0,-0.447196,1.34159,1.2247,0.999961,-1.33625,0.0,3
-1.2247,0.0,-0.447196,1.34159,1.2247,0.999961,-1.33625,1.2247,0
-1.2247,0.0,-0.447196,1.34159,1.2247,0.999961,0.267251,-1.2247,3
-1.2247,0.0,-0.447196,1.34159,1.2247,0.999961,0.267251,0.0,3
-1.2247,0.0,-0.447196,1.34159,1.2247,0.999961,0.267251,1.2247,0
-1.2247,0.0,-0.447196,1.34159,1.2247,0.999961,1.069,-1.2247,3
-1.2247,0.0,-0.447196,1.34159,1.2247,0.999961,1.069,0.0,3
-1.2247,0.0,-0.447196,1.34159,1.2247,0.999961,1.069,1.2247,0
-1.2247,0.0,0.447196,-1.34159,-1.2247,-0.999961,-1.33625,-1.2247,2
-1.2247,0.0,0.447196,-1.34159,-1.2247,-0.999961,-1.33625,0.0,3
-1.2247,0.0,0.447196,-1.34159,-1.2247,-0.999961,-1.33625,1.2247,0
-1.2247,0.0,0.447196,-1.34159,-1.2247,-0.999961,0.267251,-1.2247,2
-1.2247,0.0,0.447196,-1.34159,-1.2247,-0.999961,0.267251,0.0,3
-1.2247,0.0,0.447196,-1.34159,-1.2247,-0.999961,0.267251,1.2247,0
-1.2247,0.0,0.447196,-1.34159,-1.2247,-0.999961,1.069,-1.2247,3
-1.2247,0.0,0.447196,-1.34159,-1.2247,-0.999961,1.069,0.0,3
-1.2247,0.0,0.447196,-1.34159,-1.2247,-0.999961,1.069,1.2247,0
-1.2247,0.0,0.447196,-1.34159,-1.2247,0.999961,-1.33625,-1.2247,2
-1.2247,0.0,0.447196,-1.34159,-1.2247,0.999961,-1.33625,0.0,3
-1.2247,0.0,0.447196,-1.34159,-1.2247,0.999961,-1.33625,1.2247,0
-1.2247,0.0,0.447196,-1.34159,-1.2247,0.999961,0.267251,-1.2247,2
-1.2247,0.0,0.447196,-1.34159,-1.2247,0.999961,0.267251,0.0,3
-1.2247,0.0,0.447196,-1.34159,-1.2247,0.999961,0.267251,1.2247,0
-1.2247,0.0,0.447196,-1.34159,-1.2247,0.999961,1.069,-1.2247,3
-1.2247,0.0,0.447196,-1.34159,-1.2247,0.999961,1.069,0.0,3
-1.2247,0.0,0.447196,-1.34159,-1.2247,0.999961,1.069,1.2247,0
-1.2247,0.0,0.447196,-1.34159,0.0,-0.999961,-1.33625,-1.2247,2
-1.2247,0.0,0.447196,-1.34159,0.0,-0.999961,-1.33625,0.0,3
-1.2247,0.0,0.447196,-1.34159,0.0,-0.999961,-1.33625,1.2247,0
-1.2247,0.0,0.447196,-1.34159,0.0,-0.999961,0.267251,-1.2247,2
-1.2247,0.0,0.447196,-1.34159,0.0,-0.999961,0.267251,0.0,3
-1.2247,0.0,0.447196,-1.34159,0.0,-0.999961,0.267251,1.2247,0
-1.2247,0.0,0.447196,-1.34159,0.0,-0.999961,1.069,-1.2247,3
-1.2247,0.0,0.447196,-1.34159,0.0,-0.999961,1.069,0.0,3
-1.2247,0.0,0.447196,-1.34159,0.0,-0.999961,1.069,1.2247,0
-1.2247,0.0,0.447196,-1.34159,0.0,0.999961,-1.33625,-1.2247,2
-1.2247,0.0,0.447196,-1.34159,0.0,0.999961,-1.33625,0.0,3
-1.2247,0.0,0.447196,-1.34159,0.0,0.999961,-1.33625,1.2247,0
-1.2247,0.0,0.447196,-1.34159,0.0,0.999961,0.267251,-1.2247,2
-1.2247,0.0,0.447196,-1.34159,0.0,0.999961,0.267251,0.0,3
-1.2247,0.0,0.447196,-1.34159,0.0,0.999961,0.267251,1.2247,0
-1.2247,0.0,0.447196,-1.34159,0.0,0.999961,1.069,-1.2247,3
-1.2247,0.0,0.447196,-1.34159,0.0,0.999961,1.069,0.0,3
-1.2247,0.0,0.447196,-1.34159,0.0,0.999961,1.069,1.2247,0
-1.2247,0.0,0.447196,-1.34159,1.2247,-0.999961,-1.33625,-1.2247,3
-1.2247,0.0,0.447196,-1.34159,1.2247,-0.999961,-1.33625,0.0,3
-1.2247,0.0,0.447196,-1.34159,1.2247,-0.999961,-1.33625,1.2247,0
-1.2247,0.0,0.447196,-1.34159,1.2247,-0.999961,0.267251,-1.2247,3
-1.2247,0.0,0.447196,-1.34159,1.2247,-0.999961,0.267251,0.0,3
-1.2247,0.0,0.447196,-1.34159,1.2247,-0.999961,0.267251,1.2247,0
-1.2247,0.0,0.447196,-1.34159,1.2247,-0.999961,1.069,-1.2247,3
-1.2247,0.0,0.447196,-1.34159,1.2247,-0.999961,1.069,0.0,3
-1.2247,0.0,0.447196,-1.34159,1.2247,-0.999961,1.069,1.2247,0
-1.2247,0.0,0.447196,-1.34159,1.2247,0.999961,-1.33625,-1.2247,3
-1.2247,0.0,0.447196,-1.34159,1.2247,0.999961,-1.33625,0.0,3
-1.2247,0.0,0.447196,-1.34159,1.2247,0.999961,-1.33625,1.2247,0
-1.2247,0.0,0.447196,-1.34159,1.2247,0.999961,0.267251,-1.2247,3
-1.2247,0.0,0.447196,-1.34159,1.2247,0.999961,0.267251,0.0,3
-1.2247,0.0,0.447196,-1.34159,1.2247,0.999961,0.267251,1.2247,0
-1.2247,0.0,0.447196,-1.34159,1.2247,0.999961,1.069,-1.2247,3
-1.2247,0.0,0.447196,-1.34159,1.2247,0.999961,1.069,0.0,3
-1.2247,0.0,0.447196,-1.34159,1.2247,0.999961,1.069,1.2247,0
-1.2247,0.0,0.447196,-0.447196,-1.2247,-0.999961,-1.33625,-1.2247,2
-1.2247,0.0,0.447196,-0.447196,-1.2247,-0.999961,-1.33625,0.0,3
-1.2247,0.0,0.447196,-0.447196,-1.2247,-0.999961,-1.33625,1.2247,0
-1.2247,0.0,0.447196,-0.447196,-1.2247,-0.999961,0.267251,-1.2247,2
-1.2247,0.0,0.447196,-0.447196,-1.2247,-0.999961,0.267251,0.0,3
-1.2247,0.0,0.447196,-0.447196,-1.2247,-0.999961,0.267251,1.2247,0
-1.2247,0.0,0.447196,-0.447196,-1.2247,-0.999961,1.069,-1.2247,3
-1.2247,0.0,0.447196,-0.447196,-1.2247,-0.999961,1.069,0.0,3
-1.2247,0.0,0.447196,-0.447196,-1.2247,-0.999961,1.069,1.2247,0
-1.2247,0.0,0.447196,-0.447196,-1.2247,0.999961,-1.33625,-1.2247,3
-1.2247,0.0,0.447196,-0.447196,-1.2247,0.999961,-1.33625,0.0,3
-1.2247,0.0,0.447196,-0.447196,-1.2247,0.999961,-1.33625,1.2247,0
-1.2247,0.0,0.447196,-0.447196,-1.2247,0.999961,0.267251,-1.2247,3
-1.2247,0.0,0.447196,-0.447196,-1.2247,0.999961,0.267251,0.0,3
-1.2247,0.0,0.447196,-0.447196,-1.2247,0.999961,0.267251,1.2247,0
-1.2247,0.0,0.447196,-0.447196,-1.2247,0.999961,1.069,-1.2247,3
-1.2247,0.0,0.447196,-0.447196,-1.2247,0.999961,1.069,0.0,3
-1.2247,0.0,0.447196,-0.447196,-1.2247,0.999961,1.069,1.2247,0
-1.2247,0.0,0.447196,-0.447196,0.0,-0.999961,-1.33625,-1.2247,3
-1.2247,0.0,0.447196,-0.447196,0.0,-0.999961,-1.33625,0.0,3
-1.2247,0.0,0.447196,-0.447196,0.0,-0.999961,-1.33625,1.2247,0
-1.2247,0.0,0.447196,-0.447196,0.0,-0.999961,0.267251,-1.2247,3
-1.2247,0.0,0.447196,-0.447196,0.0,-0.999961,0.267251,0.0,3
-1.2247,0.0,0.447196,-0.447196,0.0,-0.999961,0.267251,1.2247,0
-1.2247,0.0,0.447196,-0.447196,0.0,-0.999961,1.069,-1.2247,3
-1.2247,0.0,0.447196,-0.447196,0.0,-0.999961,1.069,0.0,3
-1.2247,0.0,0.447196,-0.447196,0.0,-0.999961,1.069,1.2247,0
-1.2247,0.0,0.447196,-0.447196,0.0,0.999961,-1.33625,-1.2247,3
-1.2247,0.0,0.447196,-0.447196,0.0,0.999961,-1.33625,0.0,3
-1.2247,0.0,0.447196,-0.447196,0.0,0.999961,-1.33625,1.2247,0
-1.2247,0.0,0.447196,-0.447196,0.0,0.999961,0.267251,-1.2247,3
-1.2247,0.0,0.447196,-0.447196,0.0,0.999961,0.267251,0.0,3
-1.2247,0.0,0.447196,-0.447196,0.0,0.999961,0.267251,1.2247,0
-1.2247,0.0,0.447196,-0.447196,0.0,0.999961,1.069,-1.2247,3
-1.2247,0.0,0.447196,-0.447196,0.0,0.999961,1.069,0.0,3
-1.2247,0.0,0.447196,-0.447196,0.0,0.999961,1.069,1.2247,0
-1.2247,0.0,0.447196,-0.447196,1.2247,-0.999961,-1.33625,-1.2247,3
-1.2247,0.0,0.447196,-0.447196,1.2247,-0.999961,-1.33625,0.0,3
-1.2247,0.0,0.447196,-0.447196,1.2247,-0.999961,-1.33625,1.2247,0
-1.2247,0.0,0.447196,-0.447196,1.2247,-0.999961,0.267251,-1.2247,3
-1.2247,0.0,0.447196,-0.447196,1.2247,-0.999961,0.267251,0.0,3
-1.2247,0.0,0.447196,-0.447196,1.2247,-0.999961,0.267251,1.2247,0
-1.2247,0.0,0.447196,-0.447196,1.2247,-0.999961,1.069,-1.2247,3
-1.2247,0.0,0.447196,-0.447196,1.2247,-0.999961,1.069,0.0,3
-1.2247,0.0,0.447196,-0.447196,1.2247,-0.999961,1.069,1.2247,0
-1.2247,0.0,0.447196,-0.447196,1.2247,0.999961,-1.33625,-1.2247,3
-1.2247,0.0,0.447196,-0.447196,1.2247,0.999961,-1.33625,0.0,3
-1.2247,0.0,0.447196,-0.447196,1.2247,0.999961,-1.33625,1.2247,0
-1.2247,0.0,0.447196,-0.447196,1.2247,0.999961,0.267251,-1.2247,3
-1.2247,0.0,0.447196,-0.447196,1.2247,0.999961,0.267251,0.0,3
-1.2247,0.0,0.447196,-0.447196,1.2247,0.999961,0.267251,1.2247,0
-1.2247,0.0,0.447196,-0.447196,1.2247,0.999961,1.069,-1.2247,3
-1.2247,0.0,0.447196,-0.447196,1.2247,0.999961,1.069,0.0,3
-1.2247,0.0,0.447196,-0.447196,1.2247,0.999961,1.069,1.2247,0
-1.2247,0.0,0.447196,0.447196,-1.2247,-0.999961,-1.33625,-1.2247,2
-1.2247,0.0,0.447196,0.447196,-1.2247,-0.999961,-1.33625,0.0,3
-1.2247,0.0,0.447196,0.447196,-1.2247,-0.999961,-1.33625,1.2247,0
-1.2247,0.0,0.447196,0.447196,-1.2247,-0.999961,0.267251,-1.2247,2
-1.2247,0.0,0.447196,0.447196,-1.2247,-0.999961,0.267251,0.0,3
-1.2247,0.0,0.447196,0.447196,-1.2247,-0.999961,0.267251,1.2247,0
-1.2247,0.0,0.447196,0.447196,-1.2247,-0.999961,1.069,-1.2247,3
-1.2247,0.0,0.447196,0.447196,-1.2247,-0.999961,1.069,0.0,3
-1.2247,0.0,0.447196,0.447196,-1.2247,-0.999961,1.069,1.2247,0
-1.2247,0.0,0.447196,0.447196,-1.2247,0.999961,-1.33625,-1.2247,3
-1.2247,0.0,0.447196,0.447196,-1.2247,0.999961,-1.33625,0.0,3
-1.2247,0.0,0.447196,0.447196,-1.2247,0.999961,-1.33625,1.2247,0
-1.2247,0.0,0.447196,0.447196,-1.2247,0.999961,0.267251,-1.2247,3
-1.2247,0.0,0.447196,0.447196,-1.2247,0.999961,0.267251,0.0,3
-1.2247,0.0,0.447196,0.447196,-1.2247,0.999961,0.267251,1.2247,0
-1.2247,0.0,0.447196,0.447196,-1.2247,0.999961,1.069,-1.2247,3
-1.2247,0.0,0.447196,0.447196,-1.2247,0.999961,1.069,0.0,3
-1.2247,0.0,0.447196,0.447196,-1.2247,0.999961,1.069,1.2247,0
-1.2247,0.0,0.447196,0.447196,0.0,-0.999961,-1.33625,-1.2247,3
-1.2247,0.0,0.447196,0.447196,0.0,-0.999961,-1.33625,0.0,3
-1.2247,0.0,0.447196,0.447196,0.0,-0.999961,-1.33625,1.2247,0
-1.2247,0.0,0.447196,0.447196,0.0,-0.999961,0.267251,-1.2247,3
-1.2247,0.0,0.447196,0.447196,0.0,-0.999961,0.267251,0.0,3
-1.2247,0.0,0.447196,0.447196,0.0,-0.999961,0.267251,1.2247,0
-1.2247,0.0,0.447196,0.447196,0.0,-0.999961,1.069,-1.2247,3
-1.2247,0.0,0.447196,0.447196,0.0,-0.999961,1.069,0.0,3
-1.2247,0.0,0.447196,0.447196,0.0,-0.999961,1.069,1.2247,0
-1.2247,0.0,0.447196,0.447196,0.0,0.999961,-1.33625,-1.2247,3
-1.2247,0.0,0.447196,0.447196,0.0,0.999961,-1.33625,0.0,3
-1.2247,0.0,0.447196,0.447196,0.0,0.999961,-1.33625,1.2247,0
-1.2247,0.0,0.447196,0.447196,0.0,0.999961,0.267251,-1.2247,3
-1.2247,0.0,0.447196,0.447196,0.0,0.999961,0.267251,0.0,3
-1.2247,0.0,0.447196,0.447196,0.0,0.999961,0.267251,1.2247,0
-1.2247,0.0,0.447196,0.447196,0.0,0.999961,1.069,-1.2247,3
-1.2247,0.0,0.447196,0.447196,0.0,0.999961,1.069,0.0,3
-1.2247,0.0,0.447196,0.447196,0.0,0.999961,1.069,1.2247,0
-1.2247,0.0,0.447196,0.447196,1.2247,-0.999961,-1.33625,-1.2247,3
-1.2247,0.0,0.447196,0.447196,1.2247,-0.999961,-1.33625,0.0,3
-1.2247,0.0,0.447196,0.447196,1.2247,-0.999961,-1.33625,1.2247,0
-1.2247,0.0,0.447196,0.447196,1.2247,-0.999961,0.267251,-1.2247,3
-1.2247,0.0,0.447196,0.447196,1.2247,-0.999961,0.267251,0.0,3
-1.2247,0.0,0.447196,0.447196,1.2247,-0.999961,0.267251,1.2247,0
-1.2247,0.0,0.447196,0.447196,1.2247,-0.999961,1.069,-1.2247,3
-1.2247,0.0,0.447196,0.447196,1.2247,-0.999961,1.069,0.0,3
-1.2247,0.0,0.447196,0.447196,1.2247,-0.999961,1.069,1.2247,0
-1.2247,0.0,0.447196,0.447196,1.2247,0.999961,-1.33625,-1.2247,3
-1.2247,0.0,0.447196,0.447196,1.2247,0.999961,-1.33625,0.0,3
-1.2247,0.0,0.447196,0.447196,1.2247,0.999961,-1.33625,1.2247,0
-1.2247,0.0,0.447196,0.447196,1.2247,0.999961,0.267251,-1.2247,3
-1.2247,0.0,0.447196,0.447196,1.2247,0.999961,0.267251,0.0,3
-1.2247,0.0,0.447196,0.447196,1.2247,0.999961,0.267251,1.2247,0
-1.2247,0.0,0.447196,0.447196,1.2247,0.999961,1.069,-1.2247,3
-1.2247,0.0,0.447196,0.447196,1.2247,0.999961,1.069,0.0,3
-1.2247,0.0,0.447196,0.447196,1.2247,0.999961,1.069,1.2247,0
-1.2247,0.0,0.447196,1.34159,-1.2247,-0.999961,-1.33625,-1.2247,2
-1.2247,0.0,0.447196,1.34159,-1.2247,-0.999961,-1.33625,0.0,3
-1.2247,0.0,0.447196,1.34159,-1.2247,-0.999961,-1.33625,1.2247,0
-1.2247,0.0,0.447196,1.34159,-1.2247,-0.999961,0.267251,-1.2247,2
-1.2247,0.0,0.447196,1.34159,-1.2247,-0.999961,0.267251,0.0,3
-1.2247,0.0,0.447196,1.34159,-1.2247,-0.999961,0.267251,1.2247,0
-1.2247,0.0,0.447196,1.34159,-1.2247,-0.999961,1.069,-1.2247,3
-1.2247,0.0,0.447196,1.34159,-1.2247,-0.999961,1.069,0.0,3
-1.2247,0.0,0.447196,1.34159,-1.2247,-0.999961,1.069,1.2247,0
-1.2247,0.0,0.447196,1.34159,-1.2247,0.999961,-1.33625,-1.2247,3
-1.2247,0.0,0.447196,1.34159,-1.2247,0.999961,-1.33625,0.0,3
-1.2247,0.0,0.447196,1.34159,-1.2247,0.999961,-1.33625,1.2247,0
-1.2247,0.0,0.447196,1.34159,-1.2247,0.999961,0.267251,-1.2247,3
-1.2247,0.0,0.447196,1.34159,-1.2247,0.999961,0.267251,0.0,3
-1.2247,0.0,0.447196,1.34159,-1.2247,0.999961,0.267251,1.2247,0
-1.2247,0.0,0.447196,1.34159,-1.2247,0.999961,1.069,-1.2247,3
-1.2247,0.0,0.447196,1.34159,-1.2247,0.999961,1.069,0.0,3
-1.2247,0.0,0.447196,1.34159,-1.2247,0.999961,1.069,1.2247,0
-1.2247,0.0,0.447196,1.34159,0.0,-0.999961,-1.33625,-1.2247,3
-1.2247,0.0,0.447196,1.34159,0.0,-0.999961,-1.33625,0.0,3
-1.2247,0.0,0.447196,1.34159,0.0,-0.999961,-1.33625,1.2247,0
-1.2247,0.0,0.447196,1.34159,0.0,-0.999961,0.267251,-1.2247,3
-1.2247,0.0,0.447196,1.34159,0.0,-0.999961,0.267251,0.0,3
-1.2247,0.0,0.447196,1.34159,0.0,-0.999961,0.267251,1.2247,0
-1.2247,0.0,0.447196,1.34159,0.0,-0.999961,1.069,-1.2247,3
-1.2247,0.0,0.447196,1.34159,0.0,-0.999961,1.069,0.0,3
-1.2247,0.0,0.447196,1.34159,0.0,-0.999961,1.069,1.2247,0
-1.2247,0.0,0.447196,1.34159,0.0,0.999961,-1.33625,-1.2247,3
-1.2247,0.0,0.447196,1.34159,0.0,0.999961,-1.33625,0.0,3
-1.2247,0.0,0.447196,1.34159,0.0,0.999961,-1.33625,1.2247,0
-1.2247,0.0,0.447196,1.34159,0.0,0.999961,0.267251,-1.2247,3
-1.2247,0.0,0.447196,1.34159,0.0,0.999961,0.267251,0.0,3
-1.2247,0.0,0.447196,1.34159,0.0,0.999961,0.267251,1.2247,0
-1.2247,0.0,0.447196,1.34159,0.0,0.999961,1.069,-1.2247,3
-1.2247,0.0,0.447196,1.34159,0.0,0.999961,1.069,0.0,3
-1.2247,0.0,0.447196,1.34159,0.0,0.999961,1.069,1.2247,0
-1.2247,0.0,0.447196,1.34159,1.2247,-0.999961,-1.33625,-1.2247,3
-1.2247,0.0,0.447196,1.34159,1.2247,-0.999961,-1.33625,0.0,3
-1.2247,0.0,0.447196,1.34159,1.2247,-0.999961,-1.33625,1.2247,0
-1.2247,0.0,0.447196,1.34159,1.2247,-0.999961,0.267251,-1.2247,3
-1.2247,0.0,0.447196,1.34159,1.2247,-0.999961,0.267251,0.0,3
-1.2247,0.0,0.447196,1.34159,1.2247,-0.999961,0.267251,1.2247,0
-1.2247,0.0,0.447196,1.34159,1.2247,-0.999961,1.069,-1.2247,3
-1.2247,0.0,0.447196,1.34159,1.2247,-0.999961,1.069,0.0,3
-1.2247,0.0,0.447196,1.34159,1.2247,-0.999961,1.069,1.2247,0
-1.2247,0.0,0.447196,1.34159,1.2247,0.999961,-1.33625,-1.2247,3
-1.2247,0.0,0.447196,1.34159,1.2247,0.999961,-1.33625,0.0,3
-1.2247,0.0,0.447196,1.34159,1.2247,0.999961,-1.33625,1.2247,0
-1.2247,0.0,0.447196,1.34159,1.2247,0.999961,0.267251,-1.2247,3
-1.2247,0.0,0.447196,1.34159,1.2247,0.999961,0.267251,0.0,3
-1.2247,0.0,0.447196,1.34159,1.2247,0.999961,0.267251,1.2247,0
-1.2247,0.0,0.447196,1.34159,1.2247,0.999961,1.069,-1.2247,3
-1.2247,0.0,0.447196,1.34159,1.2247,0.999961,1.069,0.0,3
-1.2247,0.0,0.447196,1.34159,1.2247,0.999961,1.069,1.2247,0
-1.2247,0.0,1.34159,-1.34159,-1.2247,-0.999961,-1.33625,-1.2247,2
-1.2247,0.0,1.34159,-1.34159,-1.2247,-0.999961,-1.33625,0.0,3
-1.2247,0.0,1.34159,-1.34159,-1.2247,-0.999961,-1.33625,1.2247,0
-1.2247,0.0,1.34159,-1.34159,-1.2247,-0.999961,0.267251,-1.2247,2
-1.2247,0.0,1.34159,-1.34159,-1.2247,-0.999961,0.267251,0.0,3
-1.2247,0.0,1.34159,-1.34159,-1.2247,-0.999961,0.267251,1.2247,0
-1.2247,0.0,1.34159,-1.34159,-1.2247,-0.999961,1.069,-1.2247,3
-1.2247,0.0,1.34159,-1.34159,-1.2247,-0.999961,1.069,0.0,3
-1.2247,0.0,1.34159,-1.34159,-1.2247,-0.999961,1.069,1.2247,0
-1.2247,0.0,1.34159,-1.34159,-1.2247,0.999961,-1.33625,-1.2247,3
-1.2247,0.0,1.34159,-1.34159,-1.2247,0.999961,-1.33625,0.0,3
-1.2247,0.0,1.34159,-1.34159,-1.2247,0.999961,-1.33625,1.2247,0
-1.2247,0.0,1.34159,-1.34159,-1.2247,0.999961,0.267251,-1.2247,3
-1.2247,0.0,1.34159,-1.34159,-1.2247,0.999961,0.267251,0.0,3
-1.2247,0.0,1.34159,-1.34159,-1.2247,0.999961,0.267251,1.2247,0
-1.2247,0.0,1.34159,-1.34159,-1.2247,0.999961,1.069,-1.2247,3
-1.2247,0.0,1.34159,-1.34159,-1.2247,0.999961,1.069,0.0,3
-1.2247,0.0,1.34159,-1.34159,-1.2247,0.999961,1.069,1.2247,0
-1.2247,0.0,1.34159,-1.34159,0.0,-0.999961,-1.33625,-1.2247,3
-1.2247,0.0,1.34159,-1.34159,0.0,-0.999961,-1.33625,0.0,3
-1.2247,0.0,1.34159,-1.34159,0.0,-0.999961,-1.33625,1.2247,0
-1.2247,0.0,1.34159,-1.34159,0.0,-0.999961,0.267251,-1.2247,3
-1.2247,0.0,1.34159,-1.34159,0.0,-0.999961,0.267251,0.0,3
-1.2247,0.0,1.34159,-1.34159,0.0,-0.999961,0.267251,1.2247,0
-1.2247,0.0,1.34159,-1.34159,0.0,-0.999961,1.069,-1.2247,3
-1.2247,0.0,1.34159,-1.34159,0.0,-0.999961,1.069,0.0,3
-1.2247,0.0,1.34159,-1.34159,0.0,-0.999961,1.069,1.2247,0
-1.2247,0.0,1.34159,-1.34159,0.0,0.999961,-1.33625,-1.2247,3
-1.2247,0.0,1.34159,-1.34159,0.0,0.999961,-1.33625,0.0,3
-1.2247,0.0,1.34159,-1.34159,0.0,0.999961,-1.33625,1.2247,0
-1.2247,0.0,1.34159,-1.34159,0.0,0.999961,0.267251,-1.2247,3
-1.2247,0.0,1.34159,-1.34159,0.0,0.999961,0.267251,0.0,3
-1.2247,0.0,1.34159,-1.34159,0.0,0.999961,0.267251,1.2247,0
-1.2247,0.0,1.34159,-1.34159,0.0,0.999961,1.069,-1.2247,3
-1.2247,0.0,1.34159,-1.34159,0.0,0.999961,1.069,0.0,3
-1.2247,0.0,1.34159,-1.34159,0.0,0.999961,1.069,1.2247,0
-1.2247,0.0,1.34159,-1.34159,1.2247,-0.999961,-1.33625,-1.2247,3
-1.2247,0.0,1.34159,-1.34159,1.2247,-0.999961,-1.33625,0.0,3
-1.2247,0.0,1.34159,-1.34159,1.2247,-0.999961,-1.33625,1.2247,0
-1.2247,0.0,1.34159,-1.34159,1.2247,-0.999961,0.267251,-1.2247,3
-1.2247,0.0,1.34159,-1.34159,1.2247,-0.999961,0.267251,0.0,3
-1.2247,0.0,1.34159,-1.34159,1.2247,-0.999961,0.267251,1.2247,0
-1.2247,0.0,1.34159,-1.34159,1.2247,-0.999961,1.069,-1.2247,3
-1.2247,0.0,1.34159,-1.34159,1.2247,-0.999961,1.069,0.0,3
-1.2247,0.0,1.34159,-1.34159,1.2247,-0.999961,1.069,1.2247,0
-1.2247,0.0,1.34159,-1.34159,1.2247,0.999961,-1.33625,-1.2247,3
-1.2247,0.0,1.34159,-1.34159,1.2247,0.999961,-1.33625,0.0,3
-1.2247,0.0,1.34159,-1.34159,1.2247,0.999961,-1.33625,1.2247,0
-1.2247,0.0,1.34159,-1.34159,1.2247,0.999961,0.267251,-1.2247,3
-1.2247,0.0,1.34159,-1.34159,1.2247,0.999961,0.267251,0.0,3
-1.2247,0.0,1.34159,-1.34159,1.2247,0.999961,0.267251,1.2247,0
-1.2247,0.0,1.34159,-1.34159,1.2247,0.999961,1.069,-1.2247,3
-1.2247,0.0,1.34159,-1.34159,1.2247,0.999961,1.069,0.0,3
-1.2247,0.0,1.34159,-1.34159,1.2247,0.999961,1.069,1.2247,0
-1.2247,0.0,1.34159,-0.447196,-1.2247,-0.999961,-1.33625,-1.2247,2
-1.2247,0.0,1.34159,-0.447196,-1.2247,-0.999961,-1.33625,0.0,3
-1.2247,0.0,1.34159,-0.447196,-1.2247,-0.999961,-1.33625,1.2247,0
-1.2247,0.0,1.34159,-0.447196,-1.2247,-0.999961,0.267251,-1.2247,2
-1.2247,0.0,1.34159,-0.447196,-1.2247,-0.999961,0.267251,0.0,3
-1.2247,0.0,1.34159,-0.447196,-1.2247,-0.999961,0.267251,1.2247,0
-1.2247,0.0,1.34159,-0.447196,-1.2247,-0.999961,1.069,-1.2247,3
-1.2247,0.0,1.34159,-0.447196,-1.2247,-0.999961,1.069,0.0,3
-1.2247,0.0,1.34159,-0.447196,-1.2247,-0.999961,1.069,1.2247,0
-1.2247,0.0,1.34159,-0.447196,-1.2247,0.999961,-1.33625,-1.2247,3
-1.2247,0.0,1.34159,-0.447196,-1.2247,0.999961,-1.33625,0.0,3
-1.2247,0.0,1.34159,-0.447196,-1.2247,0.999961,-1.33625,1.2247,0
-1.2247,0.0,1.34159,-0.447196,-1.2247,0.999961,0.267251,-1.2247,3
-1.2247,0.0,1.34159,-0.447196,-1.2247,0.999961,0.267251,0.0,3
-1.2247,0.0,1.34159,-0.447196,-1.2247,0.999961,0.267251,1.2247,0
-1.2247,0.0,1.34159,-0.447196,-1.2247,0.999961,1.069,-1.2247,3
-1.2247,0.0,1.34159,-0.447196,-1.2247,0.999961,1.069,0.0,3
-1.2247,0.0,1.34159,-0.447196,-1.2247,0.999961,1.069,1.2247,0
-1.2247,0.0,1.34159,-0.447196,0.0,-0.999961,-1.33625,-1.2247,3
-1.2247,0.0,1.34159,-0.447196,0.0,-0.999961,-1.33625,0.0,3
-1.2247,0.0,1.34159,-0.447196,0.0,-0.999961,-1.33625,1.2247,0
-1.2247,0.0,1.34159,-0.447196,0.0,-0.999961,0.267251,-1.2247,3
-1.2247,0.0,1.34159,-0.447196,0.0,-0.999961,0.267251,0.0,3
-1.2247,0.0,1.34159,-0.447196,0.0,-0.999961,0.267251,1.2247,0
-1.2247,0.0,1.34159,-0.447196,0.0,-0.999961,1.069,-1.2247,3
-1.2247,0.0,1.34159,-0.447196,0.0,-0.999961,1.069,0.0,3
-1.2247,0.0,1.34159,-0.447196,0.0,-0.999961,1.069,1.2247,0
-1.2247,0.0,1.34159,-0.447196,0.0,0.999961,-1.33625,-1.2247,3
-1.2247,0.0,1.34159,-0.447196,0.0,0.999961,-1.33625,0.0,3
-1.2247,0.0,1.34159,-0.447196,0.0,0.999961,-1.33625,1.2247,0
-1.2247,0.0,1.34159,-0.447196,0.0,0.999961,0.267251,-1.2247,3
-1.2247,0.0,1.34159,-0.447196,0.0,0.999961,0.267251,0.0,3
-1.2247,0.0,1.34159,-0.447196,0.0,0.999961,0.267251,1.2247,0
-1.2247,0.0,1.34159,-0.447196,0.0,0.999961,1.069,-1.2247,3
-1.2247,0.0,1.34159,-0.447196,0.0,0.999961,1.069,0.0,3
-1.2247,0.0,1.34159,-0.447196,0.0,0.999961,1.069,1.2247,0
-1.2247,0.0,1.34159,-0.447196,1.2247,-0.999961,-1.33625,-1.2247,3
-1.2247,0.0,1.34159,-0.447196,1.2247,-0.999961,-1.33625,0.0,3
-1.2247,0.0,1.34159,-0.447196,1.2247,-0.999961,-1.33625,1.2247,0
-1.2247,0.0,1.34159,-0.447196,1.2247,-0.999961,0.267251,-1.2247,3
-1.2247,0.0,1.34159,-0.447196,1.2247,-0.999961,0.267251,0.0,3
-1.2247,0.0,1.34159,-0.447196,1.2247,-0.999961,0.267251,1.2247,0
-1.2247,0.0,1.34159,-0.447196,1.2247,-0.999961,1.069,-1.2247,3
-1.2247,0.0,1.34159,-0.447196,1.2247,-0.999961,1.069,0.0,3
-1.2247,0.0,1.34159,-0.447196,1.2247,-0.999961,1.069,1.2247,0
-1.2247,0.0,1.34159,-0.447196,1.2247,0.999961,-1.33625,-1.2247,3
-1.2247,0.0,1.34159,-0.447196,1.2247,0.999961,-1.33625,0.0,3
-1.2247,0.0,1.34159,-0.447196,1.2247,0.999961,-1.33625,1.2247,0
-1.2247,0.0,1.34159,-0.447196,1.2247,0.999961,0.267251,-1.2247,3
-1.2247,0.0,1.34159,-0.447196,1.2247,0.999961,0.267251,0.0,3
-1.2247,0.0,1.34159,-0.447196,1.2247,0.999961,0.267251,1.2247,0
-1.2247,0.0,1.34159,-0.447196,1.2247,0.999961,1.069,-1.2247,3
-1.2247,0.0,1.34159,-0.447196,1.2247,0.999961,1.069,0.0,3
-1.2247,0.0,1.34159,-0.447196,1.2247,0.999961,1.069,1.2247,0
-1.2247,0.0,1.34159,0.447196,-1.2247,-0.999961,-1.33625,-1.2247,2
-1.2247,0.0,1.34159,0.447196,-1.2247,-0.999961,-1.33625,0.0,3
-1.2247,0.0,1.34159,0.447196,-1.2247,-0.999961,-1.33625,1.2247,0
-1.2247,0.0,1.34159,0.447196,-1.2247,-0.999961,0.267251,-1.2247,2
-1.2247,0.0,1.34159,0.447196,-1.2247,-0.999961,0.267251,0.0,3
-1.2247,0.0,1.34159,0.447196,-1.2247,-0.999961,0.267251,1.2247,0
-1.2247,0.0,1.34159,0.447196,-1.2247,-0.999961,1.069,-1.2247,3
-1.2247,0.0,1.34159,0.447196,-1.2247,-0.999961,1.069,0.0,3
-1.2247,0.0,1.34159,0.447196,-1.2247,-0.999961,1.069,1.2247,0
-1.2247,0.0,1.34159,0.447196,-1.2247,0.999961,-1.33625,-1.2247,3
-1.2247,0.0,1.34159,0.447196,-1.2247,0.999961,-1.33625,0.0,3
-1.2247,0.0,1.34159,0.447196,-1.2247,0.999961,-1.33625,1.2247,0
-1.2247,0.0,1.34159,0.447196,-1.2247,0.999961,0.267251,-1.2247,3
-1.2247,0.0,1.34159,0.447196,-1.2247,0.999961,0.267251,0.0,3
-1.2247,0.0,1.34159,0.447196,-1.2247,0.999961,0.267251,1.2247,0
-1.2247,0.0,1.34159,0.447196,-1.2247,0.999961,1.069,-1.2247,3
-1.2247,0.0,1.34159,0.447196,-1.2247,0.999961,1.069,0.0,3
-1.2247,0.0,1.34159,0.447196,-1.2247,0.999961,1.069,1.2247,0
-1.2247,0.0,1.34159,0.447196,0.0,-0.999961,-1.33625,-1.2247,3
-1.2247,0.0,1.34159,0.447196,0.0,-0.999961,-1.33625,0.0,3
-1.2247,0.0,1.34159,0.447196,0.0,-0.999961,-1.33625,1.2247,0
-1.2247,0.0,1.34159,0.447196,0.0,-0.999961,0.267251,-1.2247,3
-1.2247,0.0,1.34159,0.447196,0.0,-0.999961,0.267251,0.0,3
-1.2247,0.0,1.34159,0.447196,0.0,-0.999961,0.267251,1.2247,0
-1.2247,0.0,1.34159,0.447196,0.0,-0.999961,1.069,-1.2247,3
-1.2247,0.0,1.34159,0.447196,0.0,-0.999961,1.069,0.0,3
-1.2247,0.0,1.34159,0.447196,0.0,-0.999961,1.069,1.2247,0
-1.2247,0.0,1.34159,0.447196,0.0,0.999961,-1.33625,-1.2247,3
-1.2247,0.0,1.34159,0.447196,0.0,0.999961,-1.33625,0.0,3
-1.2247,0.0,1.34159,0.447196,0.0,0.999961,-1.33625,1.2247,0
-1.2247,0.0,1.34159,0.447196,0.0,0.999961,0.267251,-1.2247,3
-1.2247,0.0,1.34159,0.447196,0.0,0.999961,0.267251,0.0,3
-1.2247,0.0,1.34159,0.447196,0.0,0.999961,0.267251,1.2247,0
-1.2247,0.0,1.34159,0.447196,0.0,0.999961,1.069,-1.2247,3
-1.2247,0.0,1.34159,0.447196,0.0,0.999961,1.069,0.0,3
-1.2247,0.0,1.34159,0.447196,0.0,0.999961,1.069,1.2247,0
-1.2247,0.0,1.34159,0.447196,1.2247,-0.999961,-1.33625,-1.2247,3
-1.2247,0.0,1.34159,0.447196,1.2247,-0.999961,-1.33625,0.0,3
-1.2247,0.0,1.34159,0.447196,1.2247,-0.999961,-1.33625,1.2247,0
-1.2247,0.0,1.34159,0.447196,1.2247,-0.999961,0.267251,-1.2247,3
-1.2247,0.0,1.34159,0.447196,1.2247,-0.999961,0.267251,0.0,3
-1.2247,0.0,1.34159,0.447196,1.2247,-0.999961,0.267251,1.2247,0
-1.2247,0.0,1.34159,0.447196,1.2247,-0.999961,1.069,-1.2247,3
-1.2247,0.0,1.34159,0.447196,1.2247,-0.999961,1.069,0.0,3
-1.2247,0.0,1.34159,0.447196,1.2247,-0.999961,1.069,1.2247,0
-1.2247,0.0,1.34159,0.447196,1.2247,0.999961,-1.33625,-1.2247,3
-1.2247,0.0,1.34159,0.447196,1.2247,0.999961,-1.33625,0.0,3
-1.2247,0.0,1.34159,0.447196,1.2247,0.999961,-1.33625,1.2247,0
-1.2247,0.0,1.34159,0.447196,1.2247,0.999961,0.267251,-1.2247,3
-1.2247,0.0,1.34159,0.447196,1.2247,0.999961,0.267251,0.0,3
-1.2247,0.0,1.34159,0.447196,1.2247,0.999961,0.267251,1.2247,0
-1.2247,0.0,1.34159,0.447196,1.2247,0.999961,1.069,-1.2247,3
-1.2247,0.0,1.34159,0.447196,1.2247,0.999961,1.069,0.0,3
-1.2247,0.0,1.34159,0.447196,1.2247,0.999961,1.069,1.2247,0
-1.2247,0.0,1.34159,1.34159,-1.2247,-0.999961,-1.33625,-1.2247,2
-1.2247,0.0,1.34159,1.34159,-1.2247,-0.999961,-1.33625,0.0,3
-1.2247,0.0,1.34159,1.34159,-1.2247,-0.999961,-1.33625,1.2247,0
-1.2247,0.0,1.34159,1.34159,-1.2247,-0.999961,0.267251,-1.2247,2
-1.2247,0.0,1.34159,1.34159,-1.2247,-0.999961,0.267251,0.0,3
-1.2247,0.0,1.34159,1.34159,-1.2247,-0.999961,0.267251,1.2247,0
-1.2247,0.0,1.34159,1.34159,-1.2247,-0.999961,1.069,-1.2247,3
-1.2247,0.0,1.34159,1.34159,-1.2247,-0.999961,1.069,0.0,3
-1.2247,0.0,1.34159,1.34159,-1.2247,-0.999961,1.069,1.2247,0
-1.2247,0.0,1.34159,1.34159,-1.2247,0.999961,-1.33625,-1.2247,3
-1.2247,0.0,1.34159,1.34159,-1.2247,0.999961,-1.33625,0.0,3
-1.2247,0.0,1.34159,1.34159,-1.2247,0.999961,-1.33625,1.2247,0
-1.2247,0.0,1.34159,1.34159,-1.2247,0.999961,0.267251,-1.2247,3
-1.2247,0.0,1.34159,1.34159,-1.2247,0.999961,0.267251,0.0,3
-1.2247,0.0,1.34159,1.34159,-1.2247,0.999961,0.267251,1.2247,0
-1.2247,0.0,1.34159,1.34159,-1.2247,0.999961,1.069,-1.2247,3
-1.2247,0.0,1.34159,1.34159,-1.2247,0.999961,1.069,0.0,3
-1.2247,0.0,1.34159,1.34159,-1.2247,0.999961,1.069,1.2247,0
-1.2247,0.0,1.34159,1.34159,0.0,-0.999961,-1.33625,-1.2247,3
-1.2247,0.0,1.34159,1.34159,0.0,-0.999961,-1.33625,0.0,3
-1.2247,0.0,1.34159,1.34159,0.0,-0.999961,-1.33625,1.2247,0
-1.2247,0.0,1.34159,1.34159,0.0,-0.999961,0.267251,-1.2247,3
-1.2247,0.0,1.34159,1.34159,0.0,-0.999961,0.267251,0.0,3
-1.2247,0.0,1.34159,1.34159,0.0,-0.999961,0.267251,1.2247,0
-1.2247,0.0,1.34159,1.34159,0.0,-0.999961,1.069,-1.2247,3
-1.2247,0.0,1.34159,1.34159,0.0,-0.999961,1.069,0.0,3
-1.2247,0.0,1.34159,1.34159,0.0,-0.999961,1.069,1.2247,0
-1.2247,0.0,1.34159,1.34159,0.0,0.999961,-1.33625,-1.2247,3
-1.2247,0.0,1.34159,1.34159,0.0,0.999961,-1.33625,0.0,3
-1.2247,0.0,1.34159,1.34159,0.0,0.999961,-1.33625,1.2247,0
-1.2247,0.0,1.34159,1.34159,0.0,0.999961,0.267251,-1.2247,3
-1.2247,0.0,1.34159,1.34159,0.0,0.999961,0.267251,0.0,3
-1.2247,0.0,1.34159,1.34159,0.0,0.999961,0.267251,1.2247,0
-1.2247,0.0,1.34159,1.34159,0.0,0.999961,1.069,-1.2247,3
-1.2247,0.0,1.34159,1.34159,0.0,0.999961,1.069,0.0,3
-1.2247,0.0,1.34159,1.34159,0.0,0.999961,1.069,1.2247,0
-1.2247,0.0,1.34159,1.34159,1.2247,-0.999961,-1.33625,-1.2247,3
-1.2247,0.0,1.34159,1.34159,1.2247,-0.999961,-1.33625,0.0,3
-1.2247,0.0,1.34159,1.34159,1.2247,-0.999961,-1.33625,1.2247,0
-1.2247,0.0,1.34159,1.34159,1.2247,-0.999961,0.267251,-1.2247,3
-1.2247,0.0,1.34159,1.34159,1.2247,-0.999961,0.267251,0.0,3
-1.2247,0.0,1.34159,1.34159,1.2247,-0.999961,0.267251,1.2247,0
-1.2247,0.0,1.34159,1.34159,1.2247,-0.999961,1.069,-1.2247,3
-1.2247,0.0,1.34159,1.34159,1.2247,-0.999961,1.069,0.0,3
-1.2247,0.0,1.34159,1.34159,1.2247,-0.999961,1.069,1.2247,0
-1.2247,0.0,1.34159,1.34159,1.2247,0.999961,-1.33625,-1.2247,3
-1.2247,0.0,1.34159,1.34159,1.2247,0.999961,-1.33625,0.0,3
-1.2247,0.0,1.34159,1.34159,1.2247,0.999961,-1.33625,1.2247,0
-1.2247,0.0,1.34159,1.34159,1.2247,0.999961,0.267251,-1.2247,3
-1.2247,0.0,1.34159,1.34159,1.2247,0.999961,0.267251,0.0,3
-1.2247,0.0,1.34159,1.34159,1.2247,0.999961,0.267251,1.2247,0
-1.2247,0.0,1.34159,1.34159,1.2247,0.999961,1.069,-1.2247,3
-1.2247,0.0,1.34159,1.34159,1.2247,0.999961,1.069,0.0,3
-1.2247,0.0,1.34159,1.34159,1.2247,0.999961,1.069,1.2247,0
-1.2247,0.70708,-1.34159,-1.34159,-1.2247,-0.999961,-1.33625,-1.2247,3
-1.2247,0.70708,-1.34159,-1.34159,-1.2247,-0.999961,-1.33625,0.0,3
-1.2247,0.70708,-1.34159,-1.34159,-1.2247,-0.999961,-1.33625,1.2247,0
-1.2247,0.70708,-1.34159,-1.34159,-1.2247,-0.999961,0.267251,-1.2247,3
-1.2247,0.70708,-1.34159,-1.34159,-1.2247,-0.999961,0.267251,0.0,3
-1.2247,0.70708,-1.34159,-1.34159,-1.2247,-0.999961,0.267251,1.2247,0
-1.2247,0.70708,-1.34159,-1.34159,-1.2247,-0.999961,1.069,-1.2247,3
-1.2247,0.70708,-1.34159,-1.34159,-1.2247,-0.999961,1.069,0.0,3
-1.2247,0.70708,-1.34159,-1.34159,-1.2247,-0.999961,1.069,1.2247,0
-1.2247,0.70708,-1.34159,-1.34159,-1.2247,0.999961,-1.33625,-1.2247,3
-1.2247,0.70708,-1.34159,-1.34159,-1.2247,0.999961,-1.33625,0.0,3
-1.2247,0.70708,-1.34159,-1.34159,-1.2247,0.999961,-1.33625,1.2247,0
-1.2247,0.70708,-1.34159,-1.34159,-1.2247,0.999961,0.267251,-1.2247,3
-1.2247,0.70708,-1.34159,-1.34159,-1.2247,0.999961,0.267251,0.0,3
-1.2247,0.70708,-1.34159,-1.34159,-1.2247,0.999961,0.267251,1.2247,0
-1.2247,0.70708,-1.34159,-1.34159,-1.2247,0.999961,1.069,-1.2247,3
-1.2247,0.70708,-1.34159,-1.34159,-1.2247,0.999961,1.069,0.0,3
-1.2247,0.70708,-1.34159,-1.34159,-1.2247,0.999961,1.069,1.2247,0
-1.2247,0.70708,-1.34159,-1.34159,0.0,-0.999961,-1.33625,-1.2247,3
-1.2247,0.70708,-1.34159,-1.34159,0.0,-0.999961,-1.33625,0.0,3
-1.2247,0.70708,-1.34159,-1.34159,0.0,-0.999961,-1.33625,1.2247,0
-1.2247,0.70708,-1.34159,-1.34159,0.0,-0.999961,0.267251,-1.2247,3
-1.2247,0.70708,-1.34159,-1.34159,0.0,-0.999961,0.267251,0.0,3
-1.2247,0.70708,-1.34159,-1.34159,0.0,-0.999961,0.267251,1.2247,0
-1.2247,0.70708,-1.34159,-1.34159,0.0,-0.999961,1.069,-1.2247,3
-1.2247,0.70708,-1.34159,-1.34159,0.0,-0.999961,1.069,0.0,3
-1.2247,0.70708,-1.34159,-1.34159,0.0,-0.999961,1.069,1.2247,0
-1.2247,0.70708,-1.34159,-1.34159,0.0,0.999961,-1.33625,-1.2247,3
-1.2247,0.70708,-1.34159,-1.34159,0.0,0.999961,-1.33625,0.0,3
-1.2247,0.70708,-1.34159,-1.34159,0.0,0.999961,-1.33625,1.2247,0
-1.2247,0.70708,-1.34159,-1.34159,0.0,0.999961,0.267251,-1.2247,3
-1.2247,0.70708,-1.34159,-1.34159,0.0,0.999961,0.267251,0.0,3
-1.2247,0.70708,-1.34159,-1.34159,0.0,0.999961,0.267251,1.2247,0
-1.2247,0.70708,-1.34159,-1.34159,0.0,0.999961,1.069,-1.2247,3
-1.2247,0.70708,-1.34159,-1.34159,0.0,0.999961,1.069,0.0,3
-1.2247,0.70708,-1.34159,-1.34159,0.0,0.999961,1.069,1.2247,0
-1.2247,0.70708,-1.34159,-1.34159,1.2247,-0.999961,-1.33625,-1.2247,3
-1.2247,0.70708,-1.34159,-1.34159,1.2247,-0.999961,-1.33625,0.0,3
-1.2247,0.70708,-1.34159,-1.34159,1.2247,-0.999961,-1.33625,1.2247,0
-1.2247,0.70708,-1.34159,-1.34159,1.2247,-0.999961,0.267251,-1.2247,3
-1.2247,0.70708,-1.34159,-1.34159,1.2247,-0.999961,0.267251,0.0,3
-1.2247,0.70708,-1.34159,-1.34159,1.2247,-0.999961,0.267251,1.2247,0
-1.2247,0.70708,-1.34159,-1.34159,1.2247,-0.999961,1.069,-1.2247,3
-1.2247,0.70708,-1.34159,-1.34159,1.2247,-0.999961,1.069,0.0,3
-1.2247,0.70708,-1.34159,-1.34159,1.2247,-0.999961,1.069,1.2247,0
-1.2247,0.70708,-1.34159,-1.34159,1.2247,0.999961,-1.33625,-1.2247,3
-1.2247,0.70708,-1.34159,-1.34159,1.2247,0.999961,-1.33625,0.0,3
-1.2247,0.70708,-1.34159,-1.34159,1.2247,0.999961,-1.33625,1.2247,0
-1.2247,0.70708,-1.34159,-1.34159,1.2247,0.999961,0.267251,-1.2247,3
-1.2247,0.70708,-1.34159,-1.34159,1.2247,0.999961,0.267251,0.0,3
-1.2247,0.70708,-1.34159,-1.34159,1.2247,0.999961,0.267251,1.2247,0
-1.2247,0.70708,-1.34159,-1.34159,1.2247,0.999961,1.069,-1.2247,3
-1.2247,0.70708,-1.34159,-1.34159,1.2247,0.999961,1.069,0.0,3
-1.2247,0.70708,-1.34159,-1.34159,1.2247,0.999961,1.069,1.2247,0
-1.2247,0.70708,-1.34159,-0.447196,-1.2247,-0.999961,-1.33625,-1.2247,3
-1.2247,0.70708,-1.34159,-0.447196,-1.2247,-0.999961,-1.33625,0.0,3
-1.2247,0.70708,-1.34159,-0.447196,-1.2247,-0.999961,-1.33625,1.2247,0
-1.2247,0.70708,-1.34159,-0.447196,-1.2247,-0.999961,0.267251,-1.2247,3
-1.2247,0.70708,-1.34159,-0.447196,-1.2247,-0.999961,0.267251,0.0,3
-1.2247,0.70708,-1.34159,-0.447196,-1.2247,-0.999961,0.267251,1.2247,0
-1.2247,0.70708,-1.34159,-0.447196,-1.2247,-0.999961,1.069,-1.2247,3
-1.2247,0.70708,-1.34159,-0.447196,-1.2247,-0.999961,1.069,0.0,3
-1.2247,0.70708,-1.34159,-0.447196,-1.2247,-0.999961,1.069,1.2247,0
-1.2247,0.70708,-1.34159,-0.447196,-1.2247,0.999961,-1.33625,-1.2247,3
-1.2247,0.70708,-1.34159,-0.447196,-1.2247,0.999961,-1.33625,0.0,3
-1.2247,0.70708,-1.34159,-0.447196,-1.2247,0.999961,-1.33625,1.2247,0
-1.2247,0.70708,-1.34159,-0.447196,-1.2247,0.999961,0.267251,-1.2247,3
-1.2247,0.70708,-1.34159,-0.447196,-1.2247,0.999961,0.267251,0.0,3
-1.2247,0.70708,-1.34159,-0.447196,-1.2247,0.999961,0.267251,1.2247,0
-1.2247,0.70708,-1.34159,-0.447196,-1.2247,0.999961,1.069,-1.2247,3
-1.2247,0.70708,-1.34159,-0.447196,-1.2247,0.999961,1.069,0.0,3
-1.2247,0.70708,-1.34159,-0.447196,-1.2247,0.999961,1.069,1.2247,0
-1.2247,0.70708,-1.34159,-0.447196,0.0,-0.999961,-1.33625,-1.2247,3
-1.2247,0.70708,-1.34159,-0.447196,0.0,-0.999961,-1.33625,0.0,3
-1.2247,0.70708,-1.34159,-0.447196,0.0,-0.999961,-1.33625,1.2247,0
-1.2247,0.70708,-1.34159,-0.447196,0.0,-0.999961,0.267251,-1.2247,3
-1.2247,0.70708,-1.34159,-0.447196,0.0,-0.999961,0.267251,0.0,3
-1.2247,0.70708,-1.34159,-0.447196,0.0,-0.999961,0.267251,1.2247,0
-1.2247,0.70708,-1.34159,-0.447196,0.0,-0.999961,1.069,-1.2247,3
-1.2247,0.70708,-1.34159,-0.447196,0.0,-0.999961,1.069,0.0,3
-1.2247,0.70708,-1.34159,-0.447196,0.0,-0.999961,1.069,1.2247,0
-1.2247,0.70708,-1.34159,-0.447196,0.0,0.999961,-1.33625,-1.2247,3
-1.2247,0.70708,-1.34159,-0.447196,0.0,0.999961,-1.33625,0.0,3
-1.2247,0.70708,-1.34159,-0.447196,0.0,0.999961,-1.33625,1.2247,0
-1.2247,0.70708,-1.34159,-0.447196,0.0,0.999961,0.267251,-1.2247,3
-1.2247,0.70708,-1.34159,-0.447196,0.0,0.999961,0.267251,0.0,3
-1.2247,0.70708,-1.34159,-0.447196,0.0,0.999961,0.267251,1.2247,0
-1.2247,0.70708,-1.34159,-0.447196,0.0,0.999961,1.069,-1.2247,3
-1.2247,0.70708,-1.34159,-0.447196,0.0,0.999961,1.069,0.0,3
-1.2247,0.70708,-1.34159,-0.447196,0.0,0.999961,1.069,1.2247,0
-1.2247,0.70708,-1.34159,-0.447196,1.2247,-0.999961,-1.33625,-1.2247,3
-1.2247,0.70708,-1.34159,-0.447196,1.2247,-0.999961,-1.33625,0.0,4
-1.2247,0.70708,-1.34159,-0.447196,1.2247,-0.999961,-1.33625,1.2247,0
-1.2247,0.70708,-1.34159,-0.447196,1.2247,-0.999961,0.267251,-1.2247,3
-1.2247,0.70708,-1.34159,-0.447196,1.2247,-0.999961,0.267251,0.0,4
-1.2247,0.70708,-1.34159,-0.447196,1.2247,-0.999961,0.267251,1.2247,0
-1.2247,0.70708,-1.34159,-0.447196,1.2247,-0.999961,1.069,-1.2247,4
-1.2247,0.70708,-1.34159,-0.447196,1.2247,-0.999961,1.069,0.0,4
-1.2247,0.70708,-1.34159,-0.447196,1.2247,-0.999961,1.069,1.2247,0
-1.2247,0.70708,-1.34159,-0.447196,1.2247,0.999961,-1.33625,-1.2247,3
-1.2247,0.70708,-1.34159,-0.447196,1.2247,0.999961,-1.33625,0.0,4
-1.2247,0.70708,-1.34159,-0.447196,1.2247,0.999961,-1.33625,1.2247,0
-1.2247,0.70708,-1.34159,-0.447196,1.2247,0.999961,0.267251,-1.2247,3
-1.2247,0.70708,-1.34159,-0.447196,1.2247,0.999961,0.267251,0.0,4
-1.2247,0.70708,-1.34159,-0.447196,1.2247,0.999961,0.267251,1.2247,0
-1.2247,0.70708,-1.34159,-0.447196,1.2247,0.999961,1.069,-1.2247,4
-1.2247,0.70708,-1.34159,-0.447196,1.2247,0.999961,1.069,0.0,4
-1.2247,0.70708,-1.34159,-0.447196,1.2247,0.999961,1.069,1.2247,0
-1.2247,0.70708,-1.34159,0.447196,-1.2247,-0.999961,-1.33625,-1.2247,3
-1.2247,0.70708,-1.34159,0.447196,-1.2247,-0.999961,-1.33625,0.0,3
-1.2247,0.70708,-1.34159,0.447196,-1.2247,-0.999961,-1.33625,1.2247,0
-1.2247,0.70708,-1.34159,0.447196,-1.2247,-0.999961,0.267251,-1.2247,3
-1.2247,0.70708,-1.34159,0.447196,-1.2247,-0.999961,0.267251,0.0,3
-1.2247,0.70708,-1.34159,0.447196,-1.2247,-0.999961,0.267251,1.2247,0
-1.2247,0.70708,-1.34159,0.447196,-1.2247,-0.999961,1.069,-1.2247,3
-1.2247,0.70708,-1.34159,0.447196,-1.2247,-0.999961,1.069,0.0,3
-1.2247,0.70708,-1.34159,0.447196,-1.2247,-0.999961,1.069,1.2247,0
-1.2247,0.70708,-1.34159,0.447196,-1.2247,0.999961,-1.33625,-1.2247,3
-1.2247,0.70708,-1.34159,0.447196,-1.2247,0.999961,-1.33625,0.0,4
-1.2247,0.70708,-1.34159,0.447196,-1.2247,0.999961,-1.33625,1.2247,0
-1.2247,0.70708,-1.34159,0.447196,-1.2247,0.999961,0.267251,-1.2247,3
-1.2247,0.70708,-1.34159,0.447196,-1.2247,0.999961,0.267251,0.0,4
-1.2247,0.70708,-1.34159,0.447196,-1.2247,0.999961,0.267251,1.2247,0
-1.2247,0.70708,-1.34159,0.447196,-1.2247,0.999961,1.069,-1.2247,4
-1.2247,0.70708,-1.34159,0.447196,-1.2247,0.999961,1.069,0.0,4
-1.2247,0.70708,-1.34159,0.447196,-1.2247,0.999961,1.069,1.2247,0
-1.2247,0.70708,-1.34159,0.447196,0.0,-0.999961,-1.33625,-1.2247,3
-1.2247,0.70708,-1.34159,0.447196,0.0,-0.999961,-1.33625,0.0,4
-1.2247,0.70708,-1.34159,0.447196,0.0,-0.999961,-1.33625,1.2247,0
-1.2247,0.70708,-1.34159,0.447196,0.0,-0.999961,0.267251,-1.2247,3
-1.2247,0.70708,-1.34159,0.447196,0.0,-0.999961,0.267251,0.0,4
-1.2247,0.70708,-1.34159,0.447196,0.0,-0.999961,0.267251,1.2247,0
-1.2247,0.70708,-1.34159,0.447196,0.0,-0.999961,1.069,-1.2247,4
-1.2247,0.70708,-1.34159,0.447196,0.0,-0.999961,1.069,0.0,4
-1.2247,0.70708,-1.34159,0.447196,0.0,-0.999961,1.069,1.2247,0
-1.2247,0.70708,-1.34159,0.447196,0.0,0.999961,-1.33625,-1.2247,3
-1.2247,0.70708,-1.34159,0.447196,0.0,0.999961,-1.33625,0.0,4
-1.2247,0.70708,-1.34159,0.447196,0.0,0.999961,-1.33625,1.2247,0
-1.2247,0.70708,-1.34159,0.447196,0.0,0.999961,0.267251,-1.2247,3
-1.2247,0.70708,-1.34159,0.447196,0.0,0.999961,0.267251,0.0,4
-1.2247,0.70708,-1.34159,0.447196,0.0,0.999961,0.267251,1.2247,0
-1.2247,0.70708,-1.34159,0.447196,0.0,0.999961,1.069,-1.2247,4
-1.2247,0.70708,-1.34159,0.447196,0.0,0.999961,1.069,0.0,4
-1.2247,0.70708,-1.34159,0.447196,0.0,0.999961,1.069,1.2247,0
-1.2247,0.70708,-1.34159,0.447196,1.2247,-0.999961,-1.33625,-1.2247,3
-1.2247,0.70708,-1.34159,0.447196,1.2247,-0.999961,-1.33625,0.0,4
-1.2247,0.70708,-1.34159,0.447196,1.2247,-0.999961,-1.33625,1.2247,0
-1.2247,0.70708,-1.34159,0.447196,1.2247,-0.999961,0.267251,-1.2247,3
-1.2247,0.70708,-1.34159,0.447196,1.2247,-0.999961,0.267251,0.0,4
-1.2247,0.70708,-1.34159,0.447196,1.2247,-0.999961,0.267251,1.2247,0
-1.2247,0.70708,-1.34159,0.447196,1.2247,-0.999961,1.069,-1.2247,4
-1.2247,0.70708,-1.34159,0.447196,1.2247,-0.999961,1.069,0.0,4
-1.2247,0.70708,-1.34159,0.447196,1.2247,-0.999961,1.069,1.2247,0
-1.2247,0.70708,-1.34159,0.447196,1.2247,0.999961,-1.33625,-1.2247,3
-1.2247,0.70708,-1.34159,0.447196,1.2247,0.999961,-1.33625,0.0,4
-1.2247,0.70708,-1.34159,0.447196,1.2247,0.999961,-1.33625,1.2247,0
-1.2247,0.70708,-1.34159,0.447196,1.2247,0.999961,0.267251,-1.2247,3
-1.2247,0.70708,-1.34159,0.447196,1.2247,0.999961,0.267251,0.0,4
-1.2247,0.70708,-1.34159,0.447196,1.2247,0.999961,0.267251,1.2247,0
-1.2247,0.70708,-1.34159,0.447196,1.2247,0.999961,1.069,-1.2247,4
-1.2247,0.70708,-1.34159,0.447196,1.2247,0.999961,1.069,0.0,4
-1.2247,0.70708,-1.34159,0.447196,1.2247,0.999961,1.069,1.2247,0
-1.2247,0.70708,-1.34159,1.34159,-1.2247,-0.999961,-1.33625,-1.2247,3
-1.2247,0.70708,-1.34159,1.34159,-1.2247,-0.999961,-1.33625,0.0,3
-1.2247,0.70708,-1.34159,1.34159,-1.2247,-0.999961,-1.33625,1.2247,0
-1.2247,0.70708,-1.34159,1.34159,-1.2247,-0.999961,0.267251,-1.2247,3
-1.2247,0.70708,-1.34159,1.34159,-1.2247,-0.999961,0.267251,0.0,3
-1.2247,0.70708,-1.34159,1.34159,-1.2247,-0.999961,0.267251,1.2247,0
-1.2247,0.70708,-1.34159,1.34159,-1.2247,-0.999961,1.069,-1.2247,3
-1.2247,0.70708,-1.34159,1.34159,-1.2247,-0.999961,1.069,0.0,3
-1.2247,0.70708,-1.34159,1.34159,-1.2247,-0.999961,1.069,1.2247,0
-1.2247,0.70708,-1.34159,1.34159,-1.2247,0.999961,-1.33625,-1.2247,3
-1.2247,0.70708,-1.34159,1.34159,-1.2247,0.999961,-1.33625,0.0,4
-1.2247,0.70708,-1.34159,1.34159,-1.2247,0.999961,-1.33625,1.2247,0
-1.2247,0.70708,-1.34159,1.34159,-1.2247,0.999961,0.267251,-1.2247,3
-1.2247,0.70708,-1.34159,1.34159,-1.2247,0.999961,0.267251,0.0,4
-1.2247,0.70708,-1.34159,1.34159,-1.2247,0.999961,0.267251,1.2247,0
-1.2247,0.70708,-1.34159,1.34159,-1.2247,0.999961,1.069,-1.2247,4
-1.2247,0.70708,-1.34159,1.34159,-1.2247,0.999961,1.069,0.0,4
-1.2247,0.70708,-1.34159,1.34159,-1.2247,0.999961,1.069,1.2247,0
-1.2247,0.70708,-1.34159,1.34159,0.0,-0.999961,-1.33625,-1.2247,3
-1.2247,0.70708,-1.34159,1.34159,0.0,-0.999961,-1.33625,0.0,4
-1.2247,0.70708,-1.34159,1.34159,0.0,-0.999961,-1.33625,1.2247,0
-1.2247,0.70708,-1.34159,1.34159,0.0,-0.999961,0.267251,-1.2247,3
-1.2247,0.70708,-1.34159,1.34159,0.0,-0.999961,0.267251,0.0,4
-1.2247,0.70708,-1.34159,1.34159,0.0,-0.999961,0.267251,1.2247,0
-1.2247,0.70708,-1.34159,1.34159,0.0,-0.999961,1.069,-1.2247,4
-1.2247,0.70708,-1.34159,1.34159,0.0,-0.999961,1.069,0.0,4
-1.2247,0.70708,-1.34159,1.34159,0.0,-0.999961,1.069,1.2247,0
-1.2247,0.70708,-1.34159,1.34159,0.0,0.999961,-1.33625,-1.2247,3
-1.2247,0.70708,-1.34159,1.34159,0.0,0.999961,-1.33625,0.0,4
-1.2247,0.70708,-1.34159,1.34159,0.0,0.999961,-1.33625,1.2247,0
-1.2247,0.70708,-1.34159,1.34159,0.0,0.999961,0.267251,-1.2247,3
-1.2247,0.70708,-1.34159,1.34159,0.0,0.999961,0.267251,0.0,4
-1.2247,0.70708,-1.34159,1.34159,0.0,0.999961,0.267251,1.2247,0
-1.2247,0.70708,-1.34159,1.34159,0.0,0.999961,1.069,-1.2247,4
-1.2247,0.70708,-1.34159,1.34159,0.0,0.999961,1.069,0.0,4
-1.2247,0.70708,-1.34159,1.34159,0.0,0.999961,1.069,1.2247,0
-1.2247,0.70708,-1.34159,1.34159,1.2247,-0.999961,-1.33625,-1.2247,3
-1.2247,0.70708,-1.34159,1.34159,1.2247,-0.999961,-1.33625,0.0,4
-1.2247,0.70708,-1.34159,1.34159,1.2247,-0.999961,-1.33625,1.2247,0
-1.2247,0.70708,-1.34159,1.34159,1.2247,-0.999961,0.267251,-1.2247,3
-1.2247,0.70708,-1.34159,1.34159,1.2247,-0.999961,0.267251,0.0,4
-1.2247,0.70708,-1.34159,1.34159,1.2247,-0.999961,0.267251,1.2247,0
-1.2247,0.70708,-1.34159,1.34159,1.2247,-0.999961,1.069,-1.2247,4
-1.2247,0.70708,-1.34159,1.34159,1.2247,-0.999961,1.069,0.0,4
-1.2247,0.70708,-1.34159,1.34159,1.2247,-0.999961,1.069,1.2247,0
-1.2247,0.70708,-1.34159,1.34159,1.2247,0.999961,-1.33625,-1.2247,3
-1.2247,0.70708,-1.34159,1.34159,1.2247,0.999961,-1.33625,0.0,4
-1.2247,0.70708,-1.34159,1.34159,1.2247,0.999961,-1.33625,1.2247,0
-1.2247,0.70708,-1.34159,1.34159,1.2247,0.999961,0.267251,-1.2247,3
-1.2247,0.70708,-1.34159,1.34159,1.2247,0.999961,0.267251,0.0,4
-1.2247,0.70708,-1.34159,1.34159,1.2247,0.999961,0.267251,1.2247,0
-1.2247,0.70708,-1.34159,1.34159,1.2247,0.999961,1.069,-1.2247,4
-1.2247,0.70708,-1.34159,1.34159,1.2247,0.999961,1.069,0.0,4
-1.2247,0.70708,-1.34159,1.34159,1.2247,0.999961,1.069,1.2247,0
-1.2247,0.70708,-0.447196,-1.34159,-1.2247,-0.999961,-1.33625,-1.2247,3
-1.2247,0.70708,-0.447196,-1.34159,-1.2247,-0.999961,-1.33625,0.0,3
-1.2247,0.70708,-0.447196,-1.34159,-1.2247,-0.999961,-1.33625,1.2247,0
-1.2247,0.70708,-0.447196,-1.34159,-1.2247,-0.999961,0.267251,-1.2247,3
-1.2247,0.70708,-0.447196,-1.34159,-1.2247,-0.999961,0.267251,0.0,3
-1.2247,0.70708,-0.447196,-1.34159,-1.2247,-0.999961,0.267251,1.2247,0
-1.2247,0.70708,-0.447196,-1.34159,-1.2247,-0.999961,1.069,-1.2247,3
-1.2247,0.70708,-0.447196,-1.34159,-1.2247,-0.999961,1.069,0.0,3
-1.2247,0.70708,-0.447196,-1.34159,-1.2247,-0.999961,1.069,1.2247,0
-1.2247,0.70708,-0.447196,-1.34159,-1.2247,0.999961,-1.33625,-1.2247,3
-1.2247,0.70708,-0.447196,-1.34159,-1.2247,0.999961,-1.33625,0.0,3
-1.2247,0.70708,-0.447196,-1.34159,-1.2247,0.999961,-1.33625,1.2247,0
-1.2247,0.70708,-0.447196,-1.34159,-1.2247,0.999961,0.267251,-1.2247,3
-1.2247,0.70708,-0.447196,-1.34159,-1.2247,0.999961,0.267251,0.0,3
-1.2247,0.70708,-0.447196,-1.34159,-1.2247,0.999961,0.267251,1.2247,0
-1.2247,0.70708,-0.447196,-1.34159,-1.2247,0.999961,1.069,-1.2247,3
-1.2247,0.70708,-0.447196,-1.34159,-1.2247,0.999961,1.069,0.0,3
-1.2247,0.70708,-0.447196,-1.34159,-1.2247,0.999961,1.069,1.2247,0
-1.2247,0.70708,-0.447196,-1.34159,0.0,-0.999961,-1.33625,-1.2247,3
-1.2247,0.70708,-0.447196,-1.34159,0.0,-0.999961,-1.33625,0.0,3
-1.2247,0.70708,-0.447196,-1.34159,0.0,-0.999961,-1.33625,1.2247,0
-1.2247,0.70708,-0.447196,-1.34159,0.0,-0.999961,0.267251,-1.2247,3
-1.2247,0.70708,-0.447196,-1.34159,0.0,-0.999961,0.267251,0.0,3
-1.2247,0.70708,-0.447196,-1.34159,0.0,-0.999961,0.267251,1.2247,0
-1.2247,0.70708,-0.447196,-1.34159,0.0,-0.999961,1.069,-1.2247,3
-1.2247,0.70708,-0.447196,-1.34159,0.0,-0.999961,1.069,0.0,3
-1.2247,0.70708,-0.447196,-1.34159,0.0,-0.999961,1.069,1.2247,0
-1.2247,0.70708,-0.447196,-1.34159,0.0,0.999961,-1.33625,-1.2247,3
-1.2247,0.70708,-0.447196,-1.34159,0.0,0.999961,-1.33625,0.0,3
-1.2247,0.70708,-0.447196,-1.34159,0.0,0.999961,-1.33625,1.2247,0
-1.2247,0.70708,-0.447196,-1.34159,0.0,0.999961,0.267251,-1.2247,3
-1.2247,0.70708,-0.447196,-1.34159,0.0,0.999961,0.267251,0.0,3
-1.2247,0.70708,-0.447196,-1.34159,0.0,0.999961,0.267251,1.2247,0
-1.2247,0.70708,-0.447196,-1.34159,0.0,0.999961,1.069,-1.2247,3
-1.2247,0.70708,-0.447196,-1.34159,0.0,0.999961,1.069,0.0,3
-1.2247,0.70708,-0.447196,-1.34159,0.0,0.999961,1.069,1.2247,0
-1.2247,0.70708,-0.447196,-1.34159,1.2247,-0.999961,-1.33625,-1.2247,3
-1.2247,0.70708,-0.447196,-1.34159,1.2247,-0.999961,-1.33625,0.0,4
-1.2247,0.70708,-0.447196,-1.34159,1.2247,-0.999961,-1.33625,1.2247,0
-1.2247,0.70708,-0.447196,-1.34159,1.2247,-0.999961,0.267251,-1.2247,3
-1.2247,0.70708,-0.447196,-1.34159,1.2247,-0.999961,0.267251,0.0,4
-1.2247,0.70708,-0.447196,-1.34159,1.2247,-0.999961,0.267251,1.2247,0
-1.2247,0.70708,-0.447196,-1.34159,1.2247,-0.999961,1.069,-1.2247,4
-1.2247,0.70708,-0.447196,-1.34159,1.2247,-0.999961,1.069,0.0,4
-1.2247,0.70708,-0.447196,-1.34159,1.2247,-0.999961,1.069,1.2247,0
-1.2247,0.70708,-0.447196,-1.34159,1.2247,0.999961,-1.33625,-1.2247,3
-1.2247,0.70708,-0.447196,-1.34159,1.2247,0.999961,-1.33625,0.0,4
-1.2247,0.70708,-0.447196,-1.34159,1.2247,0.999961,-1.33625,1.2247,0
-1.2247,0.70708,-0.447196,-1.34159,1.2247,0.999961,0.267251,-1.2247,3
-1.2247,0.70708,-0.447196,-1.34159,1.2247,0.999961,0.267251,0.0,4
-1.2247,0.70708,-0.447196,-1.34159,1.2247,0.999961,0.267251,1.2247,0
-1.2247,0.70708,-0.447196,-1.34159,1.2247,0.999961,1.069,-1.2247,4
-1.2247,0.70708,-0.447196,-1.34159,1.2247,0.999961,1.069,0.0,4
-1.2247,0.70708,-0.447196,-1.34159,1.2247,0.999961,1.069,1.2247,0
-1.2247,0.70708,-0.447196,-0.447196,-1.2247,-0.999961,-1.33625,-1.2247,3
-1.2247,0.70708,-0.447196,-0.447196,-1.2247,-0.999961,-1.33625,0.0,3
-1.2247,0.70708,-0.447196,-0.447196,-1.2247,-0.999961,-1.33625,1.2247,0
-1.2247,0.70708,-0.447196,-0.447196,-1.2247,-0.999961,0.267251,-1.2247,3
-1.2247,0.70708,-0.447196,-0.447196,-1.2247,-0.999961,0.267251,0.0,3
-1.2247,0.70708,-0.447196,-0.447196,-1.2247,-0.999961,0.267251,1.2247,0
-1.2247,0.70708,-0.447196,-0.447196,-1.2247,-0.999961,1.069,-1.2247,3
-1.2247,0.70708,-0.447196,-0.447196,-1.2247,-0.999961,1.069,0.0,3
-1.2247,0.70708,-0.447196,-0.447196,-1.2247,-0.999961,1.069,1.2247,0
-1.2247,0.70708,-0.447196,-0.447196,-1.2247,0.999961,-1.33625,-1.2247,3
-1.2247,0.70708,-0.447196,-0.447196,-1.2247,0.999961,-1.33625,0.0,3
-1.2247,0.70708,-0.447196,-0.447196,-1.2247,0.999961,-1.33625,1.2247,0
-1.2247,0.70708,-0.447196,-0.447196,-1.2247,0.999961,0.267251,-1.2247,3
-1.2247,0.70708,-0.447196,-0.447196,-1.2247,0.999961,0.267251,0.0,3
-1.2247,0.70708,-0.447196,-0.447196,-1.2247,0.999961,0.267251,1.2247,0
-1.2247,0.70708,-0.447196,-0.447196,-1.2247,0.999961,1.069,-1.2247,3
-1.2247,0.70708,-0.447196,-0.447196,-1.2247,0.999961,1.069,0.0,3
-1.2247,0.70708,-0.447196,-0.447196,-1.2247,0.999961,1.069,1.2247,0
-1.2247,0.70708,-0.447196,-0.447196,0.0,-0.999961,-1.33625,-1.2247,3
-1.2247,0.70708,-0.447196,-0.447196,0.0,-0.999961,-1.33625,0.0,3
-1.2247,0.70708,-0.447196,-0.447196,0.0,-0.999961,-1.33625,1.2247,0
-1.2247,0.70708,-0.447196,-0.447196,0.0,-0.999961,0.267251,-1.2247,3
-1.2247,0.70708,-0.447196,-0.447196,0.0,-0.999961,0.267251,0.0,3
-1.2247,0.70708,-0.447196,-0.447196,0.0,-0.999961,0.267251,1.2247,0
-1.2247,0.70708,-0.447196,-0.447196,0.0,-0.999961,1.069,-1.2247,3
-1.2247,0.70708,-0.447196,-0.447196,0.0,-0.999961,1.069,0.0,3
-1.2247,0.70708,-0.447196,-0.447196,0.0,-0.999961,1.069,1.2247,0
-1.2247,0.70708,-0.447196,-0.447196,0.0,0.999961,-1.33625,-1.2247,3
-1.2247,0.70708,-0.447196,-0.447196,0.0,0.999961,-1.33625,0.0,3
-1.2247,0.70708,-0.447196,-0.447196,0.0,0.999961,-1.33625,1.2247,0
-1.2247,0.70708,-0.447196,-0.447196,0.0,0.999961,0.267251,-1.2247,3
-1.2247,0.70708,-0.447196,-0.447196,0.0,0.999961,0.267251,0.0,3
-1.2247,0.70708,-0.447196,-0.447196,0.0,0.999961,0.267251,1.2247,0
-1.2247,0.70708,-0.447196,-0.447196,0.0,0.999961,1.069,-1.2247,3
-1.2247,0.70708,-0.447196,-0.447196,0.0,0.999961,1.069,0.0,3
-1.2247,0.70708,-0.447196,-0.447196,0.0,0.999961,1.069,1.2247,0
-1.2247,0.70708,-0.447196,-0.447196,1.2247,-0.999961,-1.33625,-1.2247,3
-1.2247,0.70708,-0.447196,-0.447196,1.2247,-0.999961,-1.33625,0.0,4
-1.2247,0.70708,-0.447196,-0.447196,1.2247,-0.999961,-1.33625,1.2247,0
-1.2247,0.70708,-0.447196,-0.447196,1.2247,-0.999961,0.267251,-1.2247,3
-1.2247,0.70708,-0.447196,-0.447196,1.2247,-0.999961,0.267251,0.0,4
-1.2247,0.70708,-0.447196,-0.447196,1.2247,-0.999961,0.267251,1.2247,0
-1.2247,0.70708,-0.447196,-0.447196,1.2247,-0.999961,1.069,-1.2247,4
-1.2247,0.70708,-0.447196,-0.447196,1.2247,-0.999961,1.069,0.0,4
-1.2247,0.70708,-0.447196,-0.447196,1.2247,-0.999961,1.069,1.2247,0
-1.2247,0.70708,-0.447196,-0.447196,1.2247,0.999961,-1.33625,-1.2247,3
-1.2247,0.70708,-0.447196,-0.447196,1.2247,0.999961,-1.33625,0.0,4
-1.2247,0.70708,-0.447196,-0.447196,1.2247,0.999961,-1.33625,1.2247,0
-1.2247,0.70708,-0.447196,-0.447196,1.2247,0.999961,0.267251,-1.2247,3
-1.2247,0.70708,-0.447196,-0.447196,1.2247,0.999961,0.267251,0.0,4
-1.2247,0.70708,-0.447196,-0.447196,1.2247,0.999961,0.267251,1.2247,0
-1.2247,0.70708,-0.447196,-0.447196,1.2247,0.999961,1.069,-1.2247,4
-1.2247,0.70708,-0.447196,-0.447196,1.2247,0.999961,1.069,0.0,4
-1.2247,0.70708,-0.447196,-0.447196,1.2247,0.999961,1.069,1.2247,0
-1.2247,0.70708,-0.447196,0.447196,-1.2247,-0.999961,-1.33625,-1.2247,3
-1.2247,0.70708,-0.447196,0.447196,-1.2247,-0.999961,-1.33625,0.0,3
-1.2247,0.70708,-0.447196,0.447196,-1.2247,-0.999961,-1.33625,1.2247,0
-1.2247,0.70708,-0.447196,0.447196,-1.2247,-0.999961,0.267251,-1.2247,3
-1.2247,0.70708,-0.447196,0.447196,-1.2247,-0.999961,0.267251,0.0,3
-1.2247,0.70708,-0.447196,0.447196,-1.2247,-0.999961,0.267251,1.2247,0
-1.2247,0.70708,-0.447196,0.447196,-1.2247,-0.999961,1.069,-1.2247,3
-1.2247,0.70708,-0.447196,0.447196,-1.2247,-0.999961,1.069,0.0,3
-1.2247,0.70708,-0.447196,0.447196,-1.2247,-0.999961,1.069,1.2247,0
-1.2247,0.70708,-0.447196,0.447196,-1.2247,0.999961,-1.33625,-1.2247,3
-1.2247,0.70708,-0.447196,0.447196,-1.2247,0.999961,-1.33625,0.0,4
-1.2247,0.70708,-0.447196,0.447196,-1.2247,0.999961,-1.33625,1.2247,0
-1.2247,0.70708,-0.447196,0.447196,-1.2247,0.999961,0.267251,-1.2247,3
-1.2247,0.70708,-0.447196,0.447196,-1.2247,0.999961,0.267251,0.0,4
-1.2247,0.70708,-0.447196,0.447196,-1.2247,0.999961,0.267251,1.2247,0
-1.2247,0.70708,-0.447196,0.447196,-1.2247,0.999961,1.069,-1.2247,4
-1.2247,0.70708,-0.447196,0.447196,-1.2247,0.999961,1.069,0.0,4
-1.2247,0.70708,-0.447196,0.447196,-1.2247,0.999961,1.069,1.2247,0
-1.2247,0.70708,-0.447196,0.447196,0.0,-0.999961,-1.33625,-1.2247,3
-1.2247,0.70708,-0.447196,0.447196,0.0,-0.999961,-1.33625,0.0,4
-1.2247,0.70708,-0.447196,0.447196,0.0,-0.999961,-1.33625,1.2247,0
-1.2247,0.70708,-0.447196,0.447196,0.0,-0.999961,0.267251,-1.2247,3
-1.2247,0.70708,-0.447196,0.447196,0.0,-0.999961,0.267251,0.0,4
-1.2247,0.70708,-0.447196,0.447196,0.0,-0.999961,0.267251,1.2247,0
-1.2247,0.70708,-0.447196,0.447196,0.0,-0.999961,1.069,-1.2247,4
-1.2247,0.70708,-0.447196,0.447196,0.0,-0.999961,1.069,0.0,4
-1.2247,0.70708,-0.447196,0.447196,0.0,-0.999961,1.069,1.2247,0
-1.2247,0.70708,-0.447196,0.447196,0.0,0.999961,-1.33625,-1.2247,3
-1.2247,0.70708,-0.447196,0.447196,0.0,0.999961,-1.33625,0.0,4
-1.2247,0.70708,-0.447196,0.447196,0.0,0.999961,-1.33625,1.2247,0
-1.2247,0.70708,-0.447196,0.447196,0.0,0.999961,0.267251,-1.2247,3
-1.2247,0.70708,-0.447196,0.447196,0.0,0.999961,0.267251,0.0,4
-1.2247,0.70708,-0.447196,0.447196,0.0,0.999961,0.267251,1.2247,0
-1.2247,0.70708,-0.447196,0.447196,0.0,0.999961,1.069,-1.2247,4
-1.2247,0.70708,-0.447196,0.447196,0.0,0.999961,1.069,0.0,4
-1.2247,0.70708,-0.447196,0.447196,0.0,0.999961,1.069,1.2247,0
-1.2247,0.70708,-0.447196,0.447196,1.2247,-0.999961,-1.33625,-1.2247,3
-1.2247,0.70708,-0.447196,0.447196,1.2247,-0.999961,-1.33625,0.0,4
-1.2247,0.70708,-0.447196,0.447196,1.2247,-0.999961,-1.33625,1.2247,0
-1.2247,0.70708,-0.447196,0.447196,1.2247,-0.999961,0.267251,-1.2247,3
-1.2247,0.70708,-0.447196,0.447196,1.2247,-0.999961,0.267251,0.0,4
-1.2247,0.70708,-0.447196,0.447196,1.2247,-0.999961,0.267251,1.2247,0
-1.2247,0.70708,-0.447196,0.447196,1.2247,-0.999961,1.069,-1.2247,4
-1.2247,0.70708,-0.447196,0.447196,1.2247,-0.999961,1.069,0.0,4
-1.2247,0.70708,-0.447196,0.447196,1.2247,-0.999961,1.069,1.2247,0
-1.2247,0.70708,-0.447196,0.447196,1.2247,0.999961,-1.33625,-1.2247,3
-1.2247,0.70708,-0.447196,0.447196,1.2247,0.999961,-1.33625,0.0,4
-1.2247,0.70708,-0.447196,0.447196,1.2247,0.999961,-1.33625,1.2247,0
-1.2247,0.70708,-0.447196,0.447196,1.2247,0.999961,0.267251,-1.2247,3
-1.2247,0.70708,-0.447196,0.447196,1.2247,0.999961,0.267251,0.0,4
-1.2247,0.70708,-0.447196,0.447196,1.2247,0.999961,0.267251,1.2247,0
-1.2247,0.70708,-0.447196,0.447196,1.2247,0.999961,1.069,-1.2247,4
-1.2247,0.70708,-0.447196,0.447196,1.2247,0.999961,1.069,0.0,4
-1.2247,0.70708,-0.447196,0.447196,1.2247,0.999961,1.069,1.2247,0
-1.2247,0.70708,-0.447196,1.34159,-1.2247,-0.999961,-1.33625,-1.2247,3
-1.2247,0.70708,-0.447196,1.34159,-1.2247,-0.999961,-1.33625,0.0,3
-1.2247,0.70708,-0.447196,1.34159,-1.2247,-0.999961,-1.33625,1.2247,0
-1.2247,0.70708,-0.447196,1.34159,-1.2247,-0.999961,0.267251,-1.2247,3
-1.2247,0.70708,-0.447196,1.34159,-1.2247,-0.999961,0.267251,0.0,3
-1.2247,0.70708,-0.447196,1.34159,-1.2247,-0.999961,0.267251,1.2247,0
-1.2247,0.70708,-0.447196,1.34159,-1.2247,-0.999961,1.069,-1.2247,3
-1.2247,0.70708,-0.447196,1.34159,-1.2247,-0.999961,1.069,0.0,3
-1.2247,0.70708,-0.447196,1.34159,-1.2247,-0.999961,1.069,1.2247,0
-1.2247,0.70708,-0.447196,1.34159,-1.2247,0.999961,-1.33625,-1.2247,3
-1.2247,0.70708,-0.447196,1.34159,-1.2247,0.999961,-1.33625,0.0,4
-1.2247,0.70708,-0.447196,1.34159,-1.2247,0.999961,-1.33625,1.2247,0
-1.2247,0.70708,-0.447196,1.34159,-1.2247,0.999961,0.267251,-1.2247,3
-1.2247,0.70708,-0.447196,1.34159,-1.2247,0.999961,0.267251,0.0,4
-1.2247,0.70708,-0.447196,1.34159,-1.2247,0.999961,0.267251,1.2247,0
-1.2247,0.70708,-0.447196,1.34159,-1.2247,0.999961,1.069,-1.2247,4
-1.2247,0.70708,-0.447196,1.34159,-1.2247,0.999961,1.069,0.0,4
-1.2247,0.70708,-0.447196,1.34159,-1.2247,0.999961,1.069,1.2247,0
-1.2247,0.70708,-0.447196,1.34159,0.0,-0.999961,-1.33625,-1.2247,3
-1.2247,0.70708,-0.447196,1.34159,0.0,-0.999961,-1.33625,0.0,4
-1.2247,0.70708,-0.447196,1.34159,0.0,-0.999961,-1.33625,1.2247,0
-1.2247,0.70708,-0.447196,1.34159,0.0,-0.999961,0.267251,-1.2247,3
-1.2247,0.70708,-0.447196,1.34159,0.0,-0.999961,0.267251,0.0,4
-1.2247,0.70708,-0.447196,1.34159,0.0,-0.999961,0.267251,1.2247,0
-1.2247,0.70708,-0.447196,1.34159,0.0,-0.999961,1.069,-1.2247,4
-1.2247,0.70708,-0.447196,1.34159,0.0,-0.999961,1.069,0.0,4
-1.2247,0.70708,-0.447196,1.34159,0.0,-0.999961,1.069,1.2247,0
-1.2247,0.70708,-0.447196,1.34159,0.0,0.999961,-1.33625,-1.2247,3
-1.2247,0.70708,-0.447196,1.34159,0.0,0.999961,-1.33625,0.0,4
-1.2247,0.70708,-0.447196,1.34159,0.0,0.999961,-1.33625,1.2247,0
-1.2247,0.70708,-0.447196,1.34159,0.0,0.999961,0.267251,-1.2247,3
-1.2247,0.70708,-0.447196,1.34159,0.0,0.999961,0.267251,0.0,4
-1.2247,0.70708,-0.447196,1.34159,0.0,0.999961,0.267251,1.2247,0
-1.2247,0.70708,-0.447196,1.34159,0.0,0.999961,1.069,-1.2247,4
-1.2247,0.70708,-0.447196,1.34159,0.0,0.999961,1.069,0.0,4
-1.2247,0.70708,-0.447196,1.34159,0.0,0.999961,1.069,1.2247,0
-1.2247,0.70708,-0.447196,1.34159,1.2247,-0.999961,-1.33625,-1.2247,3
-1.2247,0.70708,-0.447196,1.34159,1.2247,-0.999961,-1.33625,0.0,4
-1.2247,0.70708,-0.447196,1.34159,1.2247,-0.999961,-1.33625,1.2247,0
-1.2247,0.70708,-0.447196,1.34159,1.2247,-0.999961,0.267251,-1.2247,3
-1.2247,0.70708,-0.447196,1.34159,1.2247,-0.999961,0.267251,0.0,4
-1.2247,0.70708,-0.447196,1.34159,1.2247,-0.999961,0.267251,1.2247,0
-1.2247,0.70708,-0.447196,1.34159,1.2247,-0.999961,1.069,-1.2247,4
-1.2247,0.70708,-0.447196,1.34159,1.2247,-0.999961,1.069,0.0,4
-1.2247,0.70708,-0.447196,1.34159,1.2247,-0.999961,1.069,1.2247,0
-1.2247,0.70708,-0.447196,1.34159,1.2247,0.999961,-1.33625,-1.2247,3
-1.2247,0.70708,-0.447196,1.34159,1.2247,0.999961,-1.33625,0.0,4
-1.2247,0.70708,-0.447196,1.34159,1.2247,0.999961,-1.33625,1.2247,0
-1.2247,0.70708,-0.447196,1.34159,1.2247,0.999961,0.267251,-1.2247,3
-1.2247,0.70708,-0.447196,1.34159,1.2247,0.999961,0.267251,0.0,4
-1.2247,0.70708,-0.447196,1.34159,1.2247,0.999961,0.267251,1.2247,0
-1.2247,0.70708,-0.447196,1.34159,1.2247,0.999961,1.069,-1.2247,4
-1.2247,0.70708,-0.447196,1.34159,1.2247,0.999961,1.069,0.0,4
-1.2247,0.70708,-0.447196,1.34159,1.2247,0.999961,1.069,1.2247,0
-1.2247,0.70708,0.447196,-1.34159,-1.2247,-0.999961,-1.33625,-1.2247,3
-1.2247,0.70708,0.447196,-1.34159,-1.2247,-0.999961,-1.33625,0.0,3
-1.2247,0.70708,0.447196,-1.34159,-1.2247,-0.999961,-1.33625,1.2247,0
-1.2247,0.70708,0.447196,-1.34159,-1.2247,-0.999961,0.267251,-1.2247,3
-1.2247,0.70708,0.447196,-1.34159,-1.2247,-0.999961,0.267251,0.0,3
-1.2247,0.70708,0.447196,-1.34159,-1.2247,-0.999961,0.267251,1.2247,0
-1.2247,0.70708,0.447196,-1.34159,-1.2247,-0.999961,1.069,-1.2247,3
-1.2247,0.70708,0.447196,-1.34159,-1.2247,-0.999961,1.069,0.0,3
-1.2247,0.70708,0.447196,-1.34159,-1.2247,-0.999961,1.069,1.2247,0
-1.2247,0.70708,0.447196,-1.34159,-1.2247,0.999961,-1.33625,-1.2247,3
-1.2247,0.70708,0.447196,-1.34159,-1.2247,0.999961,-1.33625,0.0,3
-1.2247,0.70708,0.447196,-1.34159,-1.2247,0.999961,-1.33625,1.2247,0
-1.2247,0.70708,0.447196,-1.34159,-1.2247,0.999961,0.267251,-1.2247,3
-1.2247,0.70708,0.447196,-1.34159,-1.2247,0.999961,0.267251,0.0,3
-1.2247,0.70708,0.447196,-1.34159,-1.2247,0.999961,0.267251,1.2247,0
-1.2247,0.70708,0.447196,-1.34159,-1.2247,0.999961,1.069,-1.2247,3
-1.2247,0.70708,0.447196,-1.34159,-1.2247,0.999961,1.069,0.0,3
-1.2247,0.70708,0.447196,-1.34159,-1.2247,0.999961,1.069,1.2247,0
-1.2247,0.70708,0.447196,-1.34159,0.0,-0.999961,-1.33625,-1.2247,3
-1.2247,0.70708,0.447196,-1.34159,0.0,-0.999961,-1.33625,0.0,3
-1.2247,0.70708,0.447196,-1.34159,0.0,-0.999961,-1.33625,1.2247,0
-1.2247,0.70708,0.447196,-1.34159,0.0,-0.999961,0.267251,-1.2247,3
-1.2247,0.70708,0.447196,-1.34159,0.0,-0.999961,0.267251,0.0,3
-1.2247,0.70708,0.447196,-1.34159,0.0,-0.999961,0.267251,1.2247,0
-1.2247,0.70708,0.447196,-1.34159,0.0,-0.999961,1.069,-1.2247,3
-1.2247,0.70708,0.447196,-1.34159,0.0,-0.999961,1.069,0.0,3
-1.2247,0.70708,0.447196,-1.34159,0.0,-0.999961,1.069,1.2247,0
-1.2247,0.70708,0.447196,-1.34159,0.0,0.999961,-1.33625,-1.2247,3
-1.2247,0.70708,0.447196,-1.34159,0.0,0.999961,-1.33625,0.0,3
-1.2247,0.70708,0.447196,-1.34159,0.0,0.999961,-1.33625,1.2247,0
-1.2247,0.70708,0.447196,-1.34159,0.0,0.999961,0.267251,-1.2247,3
-1.2247,0.70708,0.447196,-1.34159,0.0,0.999961,0.267251,0.0,3
-1.2247,0.70708,0.447196,-1.34159,0.0,0.999961,0.267251,1.2247,0
-1.2247,0.70708,0.447196,-1.34159,0.0,0.999961,1.069,-1.2247,3
-1.2247,0.70708,0.447196,-1.34159,0.0,0.999961,1.069,0.0,3
-1.2247,0.70708,0.447196,-1.34159,0.0,0.999961,1.069,1.2247,0
-1.2247,0.70708,0.447196,-1.34159,1.2247,-0.999961,-1.33625,-1.2247,3
-1.2247,0.70708,0.447196,-1.34159,1.2247,-0.999961,-1.33625,0.0,4
-1.2247,0.70708,0.447196,-1.34159,1.2247,-0.999961,-1.33625,1.2247,0
-1.2247,0.70708,0.447196,-1.34159,1.2247,-0.999961,0.267251,-1.2247,3
-1.2247,0.70708,0.447196,-1.34159,1.2247,-0.999961,0.267251,0.0,4
-1.2247,0.70708,0.447196,-1.34159,1.2247,-0.999961,0.267251,1.2247,0
-1.2247,0.70708,0.447196,-1.34159,1.2247,-0.999961,1.069,-1.2247,4
-1.2247,0.70708,0.447196,-1.34159,1.2247,-0.999961,1.069,0.0,4
-1.2247,0.70708,0.447196,-1.34159,1.2247,-0.999961,1.069,1.2247,0
-1.2247,0.70708,0.447196,-1.34159,1.2247,0.999961,-1.33625,-1.2247,3
-1.2247,0.70708,0.447196,-1.34159,1.2247,0.999961,-1.33625,0.0,4
-1.2247,0.70708,0.447196,-1.34159,1.2247,0.999961,-1.33625,1.2247,0
-1.2247,0.70708,0.447196,-1.34159,1.2247,0.999961,0.267251,-1.2247,3
-1.2247,0.70708,0.447196,-1.34159,1.2247,0.999961,0.267251,0.0,4
-1.2247,0.70708,0.447196,-1.34159,1.2247,0.999961,0.267251,1.2247,0
-1.2247,0.70708,0.447196,-1.34159,1.2247,0.999961,1.069,-1.2247,4
-1.2247,0.70708,0.447196,-1.34159,1.2247,0.999961,1.069,0.0,4
-1.2247,0.70708,0.447196,-1.34159,1.2247,0.999961,1.069,1.2247,0
-1.2247,0.70708,0.447196,-0.447196,-1.2247,-0.999961,-1.33625,-1.2247,3
-1.2247,0.70708,0.447196,-0.447196,-1.2247,-0.999961,-1.33625,0.0,3
-1.2247,0.70708,0.447196,-0.447196,-1.2247,-0.999961,-1.33625,1.2247,0
-1.2247,0.70708,0.447196,-0.447196,-1.2247,-0.999961,0.267251,-1.2247,3
-1.2247,0.70708,0.447196,-0.447196,-1.2247,-0.999961,0.267251,0.0,3
-1.2247,0.70708,0.447196,-0.447196,-1.2247,-0.999961,0.267251,1.2247,0
-1.2247,0.70708,0.447196,-0.447196,-1.2247,-0.999961,1.069,-1.2247,3
-1.2247,0.70708,0.447196,-0.447196,-1.2247,-0.999961,1.069,0.0,3
-1.2247,0.70708,0.447196,-0.447196,-1.2247,-0.999961,1.069,1.2247,0
-1.2247,0.70708,0.447196,-0.447196,-1.2247,0.999961,-1.33625,-1.2247,3
-1.2247,0.70708,0.447196,-0.447196,-1.2247,0.999961,-1.33625,0.0,4
-1.2247,0.70708,0.447196,-0.447196,-1.2247,0.999961,-1.33625,1.2247,0
-1.2247,0.70708,0.447196,-0.447196,-1.2247,0.999961,0.267251,-1.2247,3
-1.2247,0.70708,0.447196,-0.447196,-1.2247,0.999961,0.267251,0.0,4
-1.2247,0.70708,0.447196,-0.447196,-1.2247,0.999961,0.267251,1.2247,0
-1.2247,0.70708,0.447196,-0.447196,-1.2247,0.999961,1.069,-1.2247,4
-1.2247,0.70708,0.447196,-0.447196,-1.2247,0.999961,1.069,0.0,4
-1.2247,0.70708,0.447196,-0.447196,-1.2247,0.999961,1.069,1.2247,0
-1.2247,0.70708,0.447196,-0.447196,0.0,-0.999961,-1.33625,-1.2247,3
-1.2247,0.70708,0.447196,-0.447196,0.0,-0.999961,-1.33625,0.0,4
-1.2247,0.70708,0.447196,-0.447196,0.0,-0.999961,-1.33625,1.2247,0
-1.2247,0.70708,0.447196,-0.447196,0.0,-0.999961,0.267251,-1.2247,3
-1.2247,0.70708,0.447196,-0.447196,0.0,-0.999961,0.267251,0.0,4
-1.2247,0.70708,0.447196,-0.447196,0.0,-0.999961,0.267251,1.2247,0
-1.2247,0.70708,0.447196,-0.447196,0.0,-0.999961,1.069,-1.2247,4
-1.2247,0.70708,0.447196,-0.447196,0.0,-0.999961,1.069,0.0,4
-1.2247,0.70708,0.447196,-0.447196,0.0,-0.999961,1.069,1.2247,0
-1.2247,0.70708,0.447196,-0.447196,0.0,0.999961,-1.33625,-1.2247,3
-1.2247,0.70708,0.447196,-0.447196,0.0,0.999961,-1.33625,0.0,4
-1.2247,0.70708,0.447196,-0.447196,0.0,0.999961,-1.33625,1.2247,0
-1.2247,0.70708,0.447196,-0.447196,0.0,0.999961,0.267251,-1.2247,3
-1.2247,0.70708,0.447196,-0.447196,0.0,0.999961,0.267251,0.0,4
-1.2247,0.70708,0.447196,-0.447196,0.0,0.999961,0.267251,1.2247,0
-1.2247,0.70708,0.447196,-0.447196,0.0,0.999961,1.069,-1.2247,4
-1.2247,0.70708,0.447196,-0.447196,0.0,0.999961,1.069,0.0,4
-1.2247,0.70708,0.447196,-0.447196,0.0,0.999961,1.069,1.2247,0
-1.2247,0.70708,0.447196,-0.447196,1.2247,-0.999961,-1.33625,-1.2247,3
-1.2247,0.70708,0.447196,-0.447196,1.2247,-0.999961,-1.33625,0.0,4
-1.2247,0.70708,0.447196,-0.447196,1.2247,-0.999961,-1.33625,1.2247,0
-1.2247,0.70708,0.447196,-0.447196,1.2247,-0.999961,0.267251,-1.2247,3
-1.2247,0.70708,0.447196,-0.447196,1.2247,-0.999961,0.267251,0.0,4
-1.2247,0.70708,0.447196,-0.447196,1.2247,-0.999961,0.267251,1.2247,0
-1.2247,0.70708,0.447196,-0.447196,1.2247,-0.999961,1.069,-1.2247,4
-1.2247,0.70708,0.447196,-0.447196,1.2247,-0.999961,1.069,0.0,4
-1.2247,0.70708,0.447196,-0.447196,1.2247,-0.999961,1.069,1.2247,0
-1.2247,0.70708,0.447196,-0.447196,1.2247,0.999961,-1.33625,-1.2247,3
-1.2247,0.70708,0.447196,-0.447196,1.2247,0.999961,-1.33625,0.0,4
-1.2247,0.70708,0.447196,-0.447196,1.2247,0.999961,-1.33625,1.2247,0
-1.2247,0.70708,0.447196,-0.447196,1.2247,0.999961,0.267251,-1.2247,3
-1.2247,0.70708,0.447196,-0.447196,1.2247,0.999961,0.267251,0.0,4
-1.2247,0.70708,0.447196,-0.447196,1.2247,0.999961,0.267251,1.2247,0
-1.2247,0.70708,0.447196,-0.447196,1.2247,0.999961,1.069,-1.2247,4
-1.2247,0.70708,0.447196,-0.447196,1.2247,0.999961,1.069,0.0,4
-1.2247,0.70708,0.447196,-0.447196,1.2247,0.999961,1.069,1.2247,0
-1.2247,0.70708,0.447196,0.447196,-1.2247,-0.999961,-1.33625,-1.2247,3
-1.2247,0.70708,0.447196,0.447196,-1.2247,-0.999961,-1.33625,0.0,3
-1.2247,0.70708,0.447196,0.447196,-1.2247,-0.999961,-1.33625,1.2247,0
-1.2247,0.70708,0.447196,0.447196,-1.2247,-0.999961,0.267251,-1.2247,3
-1.2247,0.70708,0.447196,0.447196,-1.2247,-0.999961,0.267251,0.0,3
-1.2247,0.70708,0.447196,0.447196,-1.2247,-0.999961,0.267251,1.2247,0
-1.2247,0.70708,0.447196,0.447196,-1.2247,-0.999961,1.069,-1.2247,3
-1.2247,0.70708,0.447196,0.447196,-1.2247,-0.999961,1.069,0.0,3
-1.2247,0.70708,0.447196,0.447196,-1.2247,-0.999961,1.069,1.2247,0
-1.2247,0.70708,0.447196,0.447196,-1.2247,0.999961,-1.33625,-1.2247,3
-1.2247,0.70708,0.447196,0.447196,-1.2247,0.999961,-1.33625,0.0,4
-1.2247,0.70708,0.447196,0.447196,-1.2247,0.999961,-1.33625,1.2247,0
-1.2247,0.70708,0.447196,0.447196,-1.2247,0.999961,0.267251,-1.2247,3
-1.2247,0.70708,0.447196,0.447196,-1.2247,0.999961,0.267251,0.0,4
-1.2247,0.70708,0.447196,0.447196,-1.2247,0.999961,0.267251,1.2247,0
-1.2247,0.70708,0.447196,0.447196,-1.2247,0.999961,1.069,-1.2247,4
-1.2247,0.70708,0.447196,0.447196,-1.2247,0.999961,1.069,0.0,4
-1.2247,0.70708,0.447196,0.447196,-1.2247,0.999961,1.069,1.2247,0
-1.2247,0.70708,0.447196,0.447196,0.0,-0.999961,-1.33625,-1.2247,3
-1.2247,0.70708,0.447196,0.447196,0.0,-0.999961,-1.33625,0.0,4
-1.2247,0.70708,0.447196,0.447196,0.0,-0.999961,-1.33625,1.2247,0
-1.2247,0.70708,0.447196,0.447196,0.0,-0.999961,0.267251,-1.2247,3
-1.2247,0.70708,0.447196,0.447196,0.0,-0.999961,0.267251,0.0,4
-1.2247,0.70708,0.447196,0.447196,0.0,-0.999961,0.267251,1.2247,0
-1.2247,0.70708,0.447196,0.447196,0.0,-0.999961,1.069,-1.2247,4
-1.2247,0.70708,0.447196,0.447196,0.0,-0.999961,1.069,0.0,4
-1.2247,0.70708,0.447196,0.447196,0.0,-0.999961,1.069,1.2247,0
-1.2247,0.70708,0.447196,0.447196,0.0,0.999961,-1.33625,-1.2247,3
-1.2247,0.70708,0.447196,0.447196,0.0,0.999961,-1.33625,0.0,4
-1.2247,0.70708,0.447196,0.447196,0.0,0.999961,-1.33625,1.2247,0
-1.2247,0.70708,0.447196,0.447196,0.0,0.999961,0.267251,-1.2247,3
-1.2247,0.70708,0.447196,0.447196,0.0,0.999961,0.267251,0.0,4
-1.2247,0.70708,0.447196,0.447196,0.0,0.999961,0.267251,1.2247,0
-1.2247,0.70708,0.447196,0.447196,0.0,0.999961,1.069,-1.2247,4
-1.2247,0.70708,0.447196,0.447196,0.0,0.999961,1.069,0.0,4
-1.2247,0.70708,0.447196,0.447196,0.0,0.999961,1.069,1.2247,0
-1.2247,0.70708,0.447196,0.447196,1.2247,-0.999961,-1.33625,-1.2247,3
-1.2247,0.70708,0.447196,0.447196,1.2247,-0.999961,-1.33625,0.0,4
-1.2247,0.70708,0.447196,0.447196,1.2247,-0.999961,-1.33625,1.2247,0
-1.2247,0.70708,0.447196,0.447196,1.2247,-0.999961,0.267251,-1.2247,3
-1.2247,0.70708,0.447196,0.447196,1.2247,-0.999961,0.267251,0.0,4
-1.2247,0.70708,0.447196,0.447196,1.2247,-0.999961,0.267251,1.2247,0
-1.2247,0.70708,0.447196,0.447196,1.2247,-0.999961,1.069,-1.2247,4
-1.2247,0.70708,0.447196,0.447196,1.2247,-0.999961,1.069,0.0,4
-1.2247,0.70708,0.447196,0.447196,1.2247,-0.999961,1.069,1.2247,0
-1.2247,0.70708,0.447196,0.447196,1.2247,0.999961,-1.33625,-1.2247,3
-1.2247,0.70708,0.447196,0.447196,1.2247,0.999961,-1.33625,0.0,4
-1.2247,0.70708,0.447196,0.447196,1.2247,0.999961,-1.33625,1.2247,0
-1.2247,0.70708,0.447196,0.447196,1.2247,0.999961,0.267251,-1.2247,3
-1.2247,0.70708,0.447196,0.447196,1.2247,0.999961,0.267251,0.0,4
-1.2247,0.70708,0.447196,0.447196,1.2247,0.999961,0.267251,1.2247,0
-1.2247,0.70708,0.447196,0.447196,1.2247,0.999961,1.069,-1.2247,4
-1.2247,0.70708,0.447196,0.447196,1.2247,0.999961,1.069,0.0,4
-1.2247,0.70708,0.447196,0.447196,1.2247,0.999961,1.069,1.2247,0
-1.2247,0.70708,0.447196,1.34159,-1.2247,-0.999961,-1.33625,-1.2247,3
-1.2247,0.70708,0.447196,1.34159,-1.2247,-0.999961,-1.33625,0.0,3
-1.2247,0.70708,0.447196,1.34159,-1.2247,-0.999961,-1.33625,1.2247,0
-1.2247,0.70708,0.447196,1.34159,-1.2247,-0.999961,0.267251,-1.2247,3
-1.2247,0.70708,0.447196,1.34159,-1.2247,-0.999961,0.267251,0.0,3
-1.2247,0.70708,0.447196,1.34159,-1.2247,-0.999961,0.267251,1.2247,0
-1.2247,0.70708,0.447196,1.34159,-1.2247,-0.999961,1.069,-1.2247,3
-1.2247,0.70708,0.447196,1.34159,-1.2247,-0.999961,1.069,0.0,3
-1.2247,0.70708,0.447196,1.34159,-1.2247,-0.999961,1.069,1.2247,0
-1.2247,0.70708,0.447196,1.34159,-1.2247,0.999961,-1.33625,-1.2247,3
-1.2247,0.70708,0.447196,1.34159,-1.2247,0.999961,-1.33625,0.0,4
-1.2247,0.70708,0.447196,1.34159,-1.2247,0.999961,-1.33625,1.2247,0
-1.2247,0.70708,0.447196,1.34159,-1.2247,0.999961,0.267251,-1.2247,3
-1.2247,0.70708,0.447196,1.34159,-1.2247,0.999961,0.267251,0.0,4
-1.2247,0.70708,0.447196,1.34159,-1.2247,0.999961,0.267251,1.2247,0
-1.2247,0.70708,0.447196,1.34159,-1.2247,0.999961,1.069,-1.2247,4
-1.2247,0.70708,0.447196,1.34159,-1.2247,0.999961,1.069,0.0,4
-1.2247,0.70708,0.447196,1.34159,-1.2247,0.999961,1.069,1.2247,0
-1.2247,0.70708,0.447196,1.34159,0.0,-0.999961,-1.33625,-1.2247,3
-1.2247,0.70708,0.447196,1.34159,0.0,-0.999961,-1.33625,0.0,4
-1.2247,0.70708,0.447196,1.34159,0.0,-0.999961,-1.33625,1.2247,0
-1.2247,0.70708,0.447196,1.34159,0.0,-0.999961,0.267251,-1.2247,3
-1.2247,0.70708,0.447196,1.34159,0.0,-0.999961,0.267251,0.0,4
-1.2247,0.70708,0.447196,1.34159,0.0,-0.999961,0.267251,1.2247,0
-1.2247,0.70708,0.447196,1.34159,0.0,-0.999961,1.069,-1.2247,4
-1.2247,0.70708,0.447196,1.34159,0.0,-0.999961,1.069,0.0,4
-1.2247,0.70708,0.447196,1.34159,0.0,-0.999961,1.069,1.2247,0
-1.2247,0.70708,0.447196,1.34159,0.0,0.999961,-1.33625,-1.2247,3
-1.2247,0.70708,0.447196,1.34159,0.0,0.999961,-1.33625,0.0,4
-1.2247,0.70708,0.447196,1.34159,0.0,0.999961,-1.33625,1.2247,0
-1.2247,0.70708,0.447196,1.34159,0.0,0.999961,0.267251,-1.2247,3
-1.2247,0.70708,0.447196,1.34159,0.0,0.999961,0.267251,0.0,4
-1.2247,0.70708,0.447196,1.34159,0.0,0.999961,0.267251,1.2247,0
-1.2247,0.70708,0.447196,1.34159,0.0,0.999961,1.069,-1.2247,4
-1.2247,0.70708,0.447196,1.34159,0.0,0.999961,1.069,0.0,4
-1.2247,0.70708,0.447196,1.34159,0.0,0.999961,1.069,1.2247,0
-1.2247,0.70708,0.447196,1.34159,1.2247,-0.999961,-1.33625,-1.2247,3
-1.2247,0.70708,0.447196,1.34159,1.2247,-0.999961,-1.33625,0.0,4
-1.2247,0.70708,0.447196,1.34159,1.2247,-0.999961,-1.33625,1.2247,0
-1.2247,0.70708,0.447196,1.34159,1.2247,-0.999961,0.267251,-1.2247,3
-1.2247,0.70708,0.447196,1.34159,1.2247,-0.999961,0.267251,0.0,4
-1.2247,0.70708,0.447196,1.34159,1.2247,-0.999961,0.267251,1.2247,0
-1.2247,0.70708,0.447196,1.34159,1.2247,-0.999961,1.069,-1.2247,4
-1.2247,0.70708,0.447196,1.34159,1.2247,-0.999961,1.069,0.0,4
-1.2247,0.70708,0.447196,1.34159,1.2247,-0.999961,1.069,1.2247,0
-1.2247,0.70708,0.447196,1.34159,1.2247,0.999961,-1.33625,-1.2247,3
-1.2247,0.70708,0.447196,1.34159,1.2247,0.999961,-1.33625,0.0,4
-1.2247,0.70708,0.447196,1.34159,1.2247,0.999961,-1.33625,1.2247,0
-1.2247,0.70708,0.447196,1.34159,1.2247,0.999961,0.267251,-1.2247,3
-1.2247,0.70708,0.447196,1.34159,1.2247,0.999961,0.267251,0.0,4
-1.2247,0.70708,0.447196,1.34159,1.2247,0.999961,0.267251,1.2247,0
-1.2247,0.70708,0.447196,1.34159,1.2247,0.999961,1.069,-1.2247,4
-1.2247,0.70708,0.447196,1.34159,1.2247,0.999961,1.069,0.0,4
-1.2247,0.70708,0.447196,1.34159,1.2247,0.999961,1.069,1.2247,0
-1.2247,0.70708,1.34159,-1.34159,-1.2247,-0.999961,-1.33625,-1.2247,3
-1.2247,0.70708,1.34159,-1.34159,-1.2247,-0.999961,-1.33625,0.0,3
-1.2247,0.70708,1.34159,-1.34159,-1.2247,-0.999961,-1.33625,1.2247,0
-1.2247,0.70708,1.34159,-1.34159,-1.2247,-0.999961,0.267251,-1.2247,3
-1.2247,0.70708,1.34159,-1.34159,-1.2247,-0.999961,0.267251,0.0,3
-1.2247,0.70708,1.34159,-1.34159,-1.2247,-0.999961,0.267251,1.2247,0
-1.2247,0.70708,1.34159,-1.34159,-1.2247,-0.999961,1.069,-1.2247,3
-1.2247,0.70708,1.34159,-1.34159,-1.2247,-0.999961,1.069,0.0,3
-1.2247,0.70708,1.34159,-1.34159,-1.2247,-0.999961,1.069,1.2247,0
-1.2247,0.70708,1.34159,-1.34159,-1.2247,0.999961,-1.33625,-1.2247,3
-1.2247,0.70708,1.34159,-1.34159,-1.2247,0.999961,-1.33625,0.0,4
-1.2247,0.70708,1.34159,-1.34159,-1.2247,0.999961,-1.33625,1.2247,0
-1.2247,0.70708,1.34159,-1.34159,-1.2247,0.999961,0.267251,-1.2247,3
-1.2247,0.70708,1.34159,-1.34159,-1.2247,0.999961,0.267251,0.0,4
-1.2247,0.70708,1.34159,-1.34159,-1.2247,0.999961,0.267251,1.2247,0
-1.2247,0.70708,1.34159,-1.34159,-1.2247,0.999961,1.069,-1.2247,4
-1.2247,0.70708,1.34159,-1.34159,-1.2247,0.999961,1.069,0.0,4
-1.2247,0.70708,1.34159,-1.34159,-1.2247,0.999961,1.069,1.2247,0
-1.2247,0.70708,1.34159,-1.34159,0.0,-0.999961,-1.33625,-1.2247,3
-1.2247,0.70708,1.34159,-1.34159,0.0,-0.999961,-1.33625,0.0,4
-1.2247,0.70708,1.34159,-1.34159,0.0,-0.999961,-1.33625,1.2247,0
-1.2247,0.70708,1.34159,-1.34159,0.0,-0.999961,0.267251,-1.2247,3
-1.2247,0.70708,1.34159,-1.34159,0.0,-0.999961,0.267251,0.0,4
-1.2247,0.70708,1.34159,-1.34159,0.0,-0.999961,0.267251,1.2247,0
-1.2247,0.70708,1.34159,-1.34159,0.0,-0.999961,1.069,-1.2247,4
-1.2247,0.70708,1.34159,-1.34159,0.0,-0.999961,1.069,0.0,4
-1.2247,0.70708,1.34159,-1.34159,0.0,-0.999961,1.069,1.2247,0
-1.2247,0.70708,1.34159,-1.34159,0.0,0.999961,-1.33625,-1.2247,3
-1.2247,0.70708,1.34159,-1.34159,0.0,0.999961,-1.33625,0.0,4
-1.2247,0.70708,1.34159,-1.34159,0.0,0.999961,-1.33625,1.2247,0
-1.2247,0.70708,1.34159,-1.34159,0.0,0.999961,0.267251,-1.2247,3
-1.2247,0.70708,1.34159,-1.34159,0.0,0.999961,0.267251,0.0,4
-1.2247,0.70708,1.34159,-1.34159,0.0,0.999961,0.267251,1.2247,0
-1.2247,0.70708,1.34159,-1.34159,0.0,0.999961,1.069,-1.2247,4
-1.2247,0.70708,1.34159,-1.34159,0.0,0.999961,1.069,0.0,4
-1.2247,0.70708,1.34159,-1.34159,0.0,0.999961,1.069,1.2247,0
-1.2247,0.70708,1.34159,-1.34159,1.2247,-0.999961,-1.33625,-1.2247,3
-1.2247,0.70708,1.34159,-1.34159,1.2247,-0.999961,-1.33625,0.0,4
-1.2247,0.70708,1.34159,-1.34159,1.2247,-0.999961,-1.33625,1.2247,0
-1.2247,0.70708,1.34159,-1.34159,1.2247,-0.999961,0.267251,-1.2247,3
-1.2247,0.70708,1.34159,-1.34159,1.2247,-0.999961,0.267251,0.0,4
-1.2247,0.70708,1.34159,-1.34159,1.2247,-0.999961,0.267251,1.2247,0
-1.2247,0.70708,1.34159,-1.34159,1.2247,-0.999961,1.069,-1.2247,4
-1.2247,0.70708,1.34159,-1.34159,1.2247,-0.999961,1.069,0.0,4
-1.2247,0.70708,1.34159,-1.34159,1.2247,-0.999961,1.069,1.2247,0
-1.2247,0.70708,1.34159,-1.34159,1.2247,0.999961,-1.33625,-1.2247,3
-1.2247,0.70708,1.34159,-1.34159,1.2247,0.999961,-1.33625,0.0,4
-1.2247,0.70708,1.34159,-1.34159,1.2247,0.999961,-1.33625,1.2247,0
-1.2247,0.70708,1.34159,-1.34159,1.2247,0.999961,0.267251,-1.2247,3
-1.2247,0.70708,1.34159,-1.34159,1.2247,0.999961,0.267251,0.0,4
-1.2247,0.70708,1.34159,-1.34159,1.2247,0.999961,0.267251,1.2247,0
-1.2247,0.70708,1.34159,-1.34159,1.2247,0.999961,1.069,-1.2247,4
-1.2247,0.70708,1.34159,-1.34159,1.2247,0.999961,1.069,0.0,4
-1.2247,0.70708,1.34159,-1.34159,1.2247,0.999961,1.069,1.2247,0
-1.2247,0.70708,1.34159,-0.447196,-1.2247,-0.999961,-1.33625,-1.2247,3
-1.2247,0.70708,1.34159,-0.447196,-1.2247,-0.999961,-1.33625,0.0,3
-1.2247,0.70708,1.34159,-0.447196,-1.2247,-0.999961,-1.33625,1.2247,0
-1.2247,0.70708,1.34159,-0.447196,-1.2247,-0.999961,0.267251,-1.2247,3
-1.2247,0.70708,1.34159,-0.447196,-1.2247,-0.999961,0.267251,0.0,3
-1.2247,0.70708,1.34159,-0.447196,-1.2247,-0.999961,0.267251,1.2247,0
-1.2247,0.70708,1.34159,-0.447196,-1.2247,-0.999961,1.069,-1.2247,3
-1.2247,0.70708,1.34159,-0.447196,-1.2247,-0.999961,1.069,0.0,3
-1.2247,0.70708,1.34159,-0.447196,-1.2247,-0.999961,1.069,1.2247,0
-1.2247,0.70708,1.34159,-0.447196,-1.2247,0.999961,-1.33625,-1.2247,3
-1.2247,0.70708,1.34159,-0.447196,-1.2247,0.999961,-1.33625,0.0,4
-1.2247,0.70708,1.34159,-0.447196,-1.2247,0.999961,-1.33625,1.2247,0
-1.2247,0.70708,1.34159,-0.447196,-1.2247,0.999961,0.267251,-1.2247,3
-1.2247,0.70708,1.34159,-0.447196,-1.2247,0.999961,0.267251,0.0,4
-1.2247,0.70708,1.34159,-0.447196,-1.2247,0.999961,0.267251,1.2247,0
-1.2247,0.70708,1.34159,-0.447196,-1.2247,0.999961,1.069,-1.2247,4
-1.2247,0.70708,1.34159,-0.447196,-1.2247,0.999961,1.069,0.0,4
-1.2247,0.70708,1.34159,-0.447196,-1.2247,0.999961,1.069,1.2247,0
-1.2247,0.70708,1.34159,-0.447196,0.0,-0.999961,-1.33625,-1.2247,3
-1.2247,0.70708,1.34159,-0.447196,0.0,-0.999961,-1.33625,0.0,4
-1.2247,0.70708,1.34159,-0.447196,0.0,-0.999961,-1.33625,1.2247,0
-1.2247,0.70708,1.34159,-0.447196,0.0,-0.999961,0.267251,-1.2247,3
-1.2247,0.70708,1.34159,-0.447196,0.0,-0.999961,0.267251,0.0,4
-1.2247,0.70708,1.34159,-0.447196,0.0,-0.999961,0.267251,1.2247,0
-1.2247,0.70708,1.34159,-0.447196,0.0,-0.999961,1.069,-1.2247,4
-1.2247,0.70708,1.34159,-0.447196,0.0,-0.999961,1.069,0.0,4
-1.2247,0.70708,1.34159,-0.447196,0.0,-0.999961,1.069,1.2247,0
-1.2247,0.70708,1.34159,-0.447196,0.0,0.999961,-1.33625,-1.2247,3
-1.2247,0.70708,1.34159,-0.447196,0.0,0.999961,-1.33625,0.0,4
-1.2247,0.70708,1.34159,-0.447196,0.0,0.999961,-1.33625,1.2247,0
-1.2247,0.70708,1.34159,-0.447196,0.0,0.999961,0.267251,-1.2247,3
-1.2247,0.70708,1.34159,-0.447196,0.0,0.999961,0.267251,0.0,4
-1.2247,0.70708,1.34159,-0.447196,0.0,0.999961,0.267251,1.2247,0
-1.2247,0.70708,1.34159,-0.447196,0.0,0.999961,1.069,-1.2247,4
-1.2247,0.70708,1.34159,-0.447196,0.0,0.999961,1.069,0.0,4
-1.2247,0.70708,1.34159,-0.447196,0.0,0.999961,1.069,1.2247,0
-1.2247,0.70708,1.34159,-0.447196,1.2247,-0.999961,-1.33625,-1.2247,3
-1.2247,0.70708,1.34159,-0.447196,1.2247,-0.999961,-1.33625,0.0,4
-1.2247,0.70708,1.34159,-0.447196,1.2247,-0.999961,-1.33625,1.2247,0
-1.2247,0.70708,1.34159,-0.447196,1.2247,-0.999961,0.267251,-1.2247,3
-1.2247,0.70708,1.34159,-0.447196,1.2247,-0.999961,0.267251,0.0,4
-1.2247,0.70708,1.34159,-0.447196,1.2247,-0.999961,0.267251,1.2247,0
-1.2247,0.70708,1.34159,-0.447196,1.2247,-0.999961,1.069,-1.2247,4
-1.2247,0.70708,1.34159,-0.447196,1.2247,-0.999961,1.069,0.0,4
-1.2247,0.70708,1.34159,-0.447196,1.2247,-0.999961,1.069,1.2247,0
-1.2247,0.70708,1.34159,-0.447196,1.2247,0.999961,-1.33625,-1.2247,3
-1.2247,0.70708,1.34159,-0.447196,1.2247,0.999961,-1.33625,0.0,4
-1.2247,0.70708,1.34159,-0.447196,1.2247,0.999961,-1.33625,1.2247,0
-1.2247,0.70708,1.34159,-0.447196,1.2247,0.999961,0.267251,-1.2247,3
-1.2247,0.70708,1.34159,-0.447196,1.2247,0.999961,0.267251,0.0,4
-1.2247,0.70708,1.34159,-0.447196,1.2247,0.999961,0.267251,1.2247,0
-1.2247,0.70708,1.34159,-0.447196,1.2247,0.999961,1.069,-1.2247,4
-1.2247,0.70708,1.34159,-0.447196,1.2247,0.999961,1.069,0.0,4
-1.2247,0.70708,1.34159,-0.447196,1.2247,0.999961,1.069,1.2247,0
-1.2247,0.70708,1.34159,0.447196,-1.2247,-0.999961,-1.33625,-1.2247,3
-1.2247,0.70708,1.34159,0.447196,-1.2247,-0.999961,-1.33625,0.0,3
-1.2247,0.70708,1.34159,0.447196,-1.2247,-0.999961,-1.33625,1.2247,0
-1.2247,0.70708,1.34159,0.447196,-1.2247,-0.999961,0.267251,-1.2247,3
-1.2247,0.70708,1.34159,0.447196,-1.2247,-0.999961,0.267251,0.0,3
-1.2247,0.70708,1.34159,0.447196,-1.2247,-0.999961,0.267251,1.2247,0
-1.2247,0.70708,1.34159,0.447196,-1.2247,-0.999961,1.069,-1.2247,3
-1.2247,0.70708,1.34159,0.447196,-1.2247,-0.999961,1.069,0.0,3
-1.2247,0.70708,1.34159,0.447196,-1.2247,-0.999961,1.069,1.2247,0
-1.2247,0.70708,1.34159,0.447196,-1.2247,0.999961,-1.33625,-1.2247,3
-1.2247,0.70708,1.34159,0.447196,-1.2247,0.999961,-1.33625,0.0,4
-1.2247,0.70708,1.34159,0.447196,-1.2247,0.999961,-1.33625,1.2247,0
-1.2247,0.70708,1.34159,0.447196,-1.2247,0.999961,0.267251,-1.2247,3
-1.2247,0.70708,1.34159,0.447196,-1.2247,0.999961,0.267251,0.0,4
-1.2247,0.70708,1.34159,0.447196,-1.2247,0.999961,0.267251,1.2247,0
-1.2247,0.70708,1.34159,0.447196,-1.2247,0.999961,1.069,-1.2247,4
-1.2247,0.70708,1.34159,0.447196,-1.2247,0.999961,1.069,0.0,4
-1.2247,0.70708,1.34159,0.447196,-1.2247,0.999961,1.069,1.2247,0
-1.2247,0.70708,1.34159,0.447196,0.0,-0.999961,-1.33625,-1.2247,3
-1.2247,0.70708,1.34159,0.447196,0.0,-0.999961,-1.33625,0.0,4
-1.2247,0.70708,1.34159,0.447196,0.0,-0.999961,-1.33625,1.2247,0
-1.2247,0.70708,1.34159,0.447196,0.0,-0.999961,0.267251,-1.2247,3
-1.2247,0.70708,1.34159,0.447196,0.0,-0.999961,0.267251,0.0,4
-1.2247,0.70708,1.34159,0.447196,0.0,-0.999961,0.267251,1.2247,0
-1.2247,0.70708,1.34159,0.447196,0.0,-0.999961,1.069,-1.2247,4
-1.2247,0.70708,1.34159,0.447196,0.0,-0.999961,1.069,0.0,4
-1.2247,0.70708,1.34159,0.447196,0.0,-0.999961,1.069,1.2247,0
-1.2247,0.70708,1.34159,0.447196,0.0,0.999961,-1.33625,-1.2247,3
-1.2247,0.70708,1.34159,0.447196,0.0,0.999961,-1.33625,0.0,4
-1.2247,0.70708,1.34159,0.447196,0.0,0.999961,-1.33625,1.2247,0
-1.2247,0.70708,1.34159,0.447196,0.0,0.999961,0.267251,-1.2247,3
-1.2247,0.70708,1.34159,0.447196,0.0,0.999961,0.267251,0.0,4
-1.2247,0.70708,1.34159,0.447196,0.0,0.999961,0.267251,1.2247,0
-1.2247,0.70708,1.34159,0.447196,0.0,0.999961,1.069,-1.2247,4
-1.2247,0.70708,1.34159,0.447196,0.0,0.999961,1.069,0.0,4
-1.2247,0.70708,1.34159,0.447196,0.0,0.999961,1.069,1.2247,0
-1.2247,0.70708,1.34159,0.447196,1.2247,-0.999961,-1.33625,-1.2247,3
-1.2247,0.70708,1.34159,0.447196,1.2247,-0.999961,-1.33625,0.0,4
-1.2247,0.70708,1.34159,0.447196,1.2247,-0.999961,-1.33625,1.2247,0
-1.2247,0.70708,1.34159,0.447196,1.2247,-0.999961,0.267251,-1.2247,3
-1.2247,0.70708,1.34159,0.447196,1.2247,-0.999961,0.267251,0.0,4
-1.2247,0.70708,1.34159,0.447196,1.2247,-0.999961,0.267251,1.2247,0
-1.2247,0.70708,1.34159,0.447196,1.2247,-0.999961,1.069,-1.2247,4
-1.2247,0.70708,1.34159,0.447196,1.2247,-0.999961,1.069,0.0,4
-1.2247,0.70708,1.34159,0.447196,1.2247,-0.999961,1.069,1.2247,0
-1.2247,0.70708,1.34159,0.447196,1.2247,0.999961,-1.33625,-1.2247,3
-1.2247,0.70708,1.34159,0.447196,1.2247,0.999961,-1.33625,0.0,4
-1.2247,0.70708,1.34159,0.447196,1.2247,0.999961,-1.33625,1.2247,0
-1.2247,0.70708,1.34159,0.447196,1.2247,0.999961,0.267251,-1.2247,3
-1.2247,0.70708,1.34159,0.447196,1.2247,0.999961,0.267251,0.0,4
-1.2247,0.70708,1.34159,0.447196,1.2247,0.999961,0.267251,1.2247,0
-1.2247,0.70708,1.34159,0.447196,1.2247,0.999961,1.069,-1.2247,4
-1.2247,0.70708,1.34159,0.447196,1.2247,0.999961,1.069,0.0,4
-1.2247,0.70708,1.34159,0.447196,1.2247,0.999961,1.069,1.2247,0
-1.2247,0.70708,1.34159,1.34159,-1.2247,-0.999961,-1.33625,-1.2247,3
-1.2247,0.70708,1.34159,1.34159,-1.2247,-0.999961,-1.33625,0.0,3
-1.2247,0.70708,1.34159,1.34159,-1.2247,-0.999961,-1.33625,1.2247,0
-1.2247,0.70708,1.34159,1.34159,-1.2247,-0.999961,0.267251,-1.2247,3
-1.2247,0.70708,1.34159,1.34159,-1.2247,-0.999961,0.267251,0.0,3
-1.2247,0.70708,1.34159,1.34159,-1.2247,-0.999961,0.267251,1.2247,0
-1.2247,0.70708,1.34159,1.34159,-1.2247,-0.999961,1.069,-1.2247,3
-1.2247,0.70708,1.34159,1.34159,-1.2247,-0.999961,1.069,0.0,3
-1.2247,0.70708,1.34159,1.34159,-1.2247,-0.999961,1.069,1.2247,0
-1.2247,0.70708,1.34159,1.34159,-1.2247,0.999961,-1.33625,-1.2247,3
-1.2247,0.70708,1.34159,1.34159,-1.2247,0.999961,-1.33625,0.0,4
-1.2247,0.70708,1.34159,1.34159,-1.2247,0.999961,-1.33625,1.2247,0
-1.2247,0.70708,1.34159,1.34159,-1.2247,0.999961,0.267251,-1.2247,3
-1.2247,0.70708,1.34159,1.34159,-1.2247,0.999961,0.267251,0.0,4
-1.2247,0.70708,1.34159,1.34159,-1.2247,0.999961,0.267251,1.2247,0
-1.2247,0.70708,1.34159,1.34159,-1.2247,0.999961,1.069,-1.2247,4
-1.2247,0.70708,1.34159,1.34159,-1.2247,0.999961,1.069,0.0,4
-1.2247,0.70708,1.34159,1.34159,-1.2247,0.999961,1.069,1.2247,0
-1.2247,0.70708,1.34159,1.34159,0.0,-0.999961,-1.33625,-1.2247,3
-1.2247,0.70708,1.34159,1.34159,0.0,-0.999961,-1.33625,0.0,4
-1.2247,0.70708,1.34159,1.34159,0.0,-0.999961,-1.33625,1.2247,0
-1.2247,0.70708,1.34159,1.34159,0.0,-0.999961,0.267251,-1.2247,3
-1.2247,0.70708,1.34159,1.34159,0.0,-0.999961,0.267251,0.0,4
-1.2247,0.70708,1.34159,1.34159,0.0,-0.999961,0.267251,1.2247,0
-1.2247,0.70708,1.34159,1.34159,0.0,-0.999961,1.069,-1.2247,4
-1.2247,0.70708,1.34159,1.34159,0.0,-0.999961,1.069,0.0,4
-1.2247,0.70708,1.34159,1.34159,0.0,-0.999961,1.069,1.2247,0
-1.2247,0.70708,1.34159,1.34159,0.0,0.999961,-1.33625,-1.2247,3
-1.2247,0.70708,1.34159,1.34159,0.0,0.999961,-1.33625,0.0,4
-1.2247,0.70708,1.34159,1.34159,0.0,0.999961,-1.33625,1.2247,0
-1.2247,0.70708,1.34159,1.34159,0.0,0.999961,0.267251,-1.2247,3
-1.2247,0.70708,1.34159,1.34159,0.0,0.999961,0.267251,0.0,4
-1.2247,0.70708,1.34159,1.34159,0.0,0.999961,0.267251,1.2247,0
-1.2247,0.70708,1.34159,1.34159,0.0,0.999961,1.069,-1.2247,4
-1.2247,0.70708,1.34159,1.34159,0.0,0.999961,1.069,0.0,4
-1.2247,0.70708,1.34159,1.34159,0.0,0.999961,1.069,1.2247,0
-1.2247,0.70708,1.34159,1.34159,1.2247,-0.999961,-1.33625,-1.2247,3
-1.2247,0.70708,1.34159,1.34159,1.2247,-0.999961,-1.33625,0.0,4
-1.2247,0.70708,1.34159,1.34159,1.2247,-0.999961,-1.33625,1.2247,0
-1.2247,0.70708,1.34159,1.34159,1.2247,-0.999961,0.267251,-1.2247,3
-1.2247,0.70708,1.34159,1.34159,1.2247,-0.999961,0.267251,0.0,4
-1.2247,0.70708,1.34159,1.34159,1.2247,-0.999961,0.267251,1.2247,0
-1.2247,0.70708,1.34159,1.34159,1.2247,-0.999961,1.069,-1.2247,4
-1.2247,0.70708,1.34159,1.34159,1.2247,-0.999961,1.069,0.0,4
-1.2247,0.70708,1.34159,1.34159,1.2247,-0.999961,1.069,1.2247,0
-1.2247,0.70708,1.34159,1.34159,1.2247,0.999961,-1.33625,-1.2247,3
-1.2247,0.70708,1.34159,1.34159,1.2247,0.999961,-1.33625,0.0,4
-1.2247,0.70708,1.34159,1.34159,1.2247,0.999961,-1.33625,1.2247,0
-1.2247,0.70708,1.34159,1.34159,1.2247,0.999961,0.267251,-1.2247,3
-1.2247,0.70708,1.34159,1.34159,1.2247,0.999961,0.267251,0.0,4
-1.2247,0.70708,1.34159,1.34159,1.2247,0.999961,0.267251,1.2247,0
-1.2247,0.70708,1.34159,1.34159,1.2247,0.999961,1.069,-1.2247,4
-1.2247,0.70708,1.34159,1.34159,1.2247,0.999961,1.069,0.0,4
-1.2247,0.70708,1.34159,1.34159,1.2247,0.999961,1.069,1.2247,0
-1.2247,1.41416,-1.34159,-1.34159,-1.2247,-0.999961,-1.33625,-1.2247,3
-1.2247,1.41416,-1.34159,-1.34159,-1.2247,-0.999961,-1.33625,0.0,3
-1.2247,1.41416,-1.34159,-1.34159,-1.2247,-0.999961,-1.33625,1.2247,0
-1.2247,1.41416,-1.34159,-1.34159,-1.2247,-0.999961,0.267251,-1.2247,3
-1.2247,1.41416,-1.34159,-1.34159,-1.2247,-0.999961,0.267251,0.0,3
-1.2247,1.41416,-1.34159,-1.34159,-1.2247,-0.999961,0.267251,1.2247,0
-1.2247,1.41416,-1.34159,-1.34159,-1.2247,-0.999961,1.069,-1.2247,3
-1.2247,1.41416,-1.34159,-1.34159,-1.2247,-0.999961,1.069,0.0,3
-1.2247,1.41416,-1.34159,-1.34159,-1.2247,-0.999961,1.069,1.2247,0
-1.2247,1.41416,-1.34159,-1.34159,-1.2247,0.999961,-1.33625,-1.2247,3
-1.2247,1.41416,-1.34159,-1.34159,-1.2247,0.999961,-1.33625,0.0,4
-1.2247,1.41416,-1.34159,-1.34159,-1.2247,0.999961,-1.33625,1.2247,0
-1.2247,1.41416,-1.34159,-1.34159,-1.2247,0.999961,0.267251,-1.2247,3
-1.2247,1.41416,-1.34159,-1.34159,-1.2247,0.999961,0.267251,0.0,4
-1.2247,1.41416,-1.34159,-1.34159,-1.2247,0.999961,0.267251,1.2247,0
-1.2247,1.41416,-1.34159,-1.34159,-1.2247,0.999961,1.069,-1.2247,4
-1.2247,1.41416,-1.34159,-1.34159,-1.2247,0.999961,1.069,0.0,4
-1.2247,1.41416,-1.34159,-1.34159,-1.2247,0.999961,1.069,1.2247,0
-1.2247,1.41416,-1.34159,-1.34159,0.0,-0.999961,-1.33625,-1.2247,3
-1.2247,1.41416,-1.34159,-1.34159,0.0,-0.999961,-1.33625,0.0,4
-1.2247,1.41416,-1.34159,-1.34159,0.0,-0.999961,-1.33625,1.2247,0
-1.2247,1.41416,-1.34159,-1.34159,0.0,-0.999961,0.267251,-1.2247,3
-1.2247,1.41416,-1.34159,-1.34159,0.0,-0.999961,0.267251,0.0,4
-1.2247,1.41416,-1.34159,-1.34159,0.0,-0.999961,0.267251,1.2247,0
-1.2247,1.41416,-1.34159,-1.34159,0.0,-0.999961,1.069,-1.2247,4
-1.2247,1.41416,-1.34159,-1.34159,0.0,-0.999961,1.069,0.0,4
-1.2247,1.41416,-1.34159,-1.34159,0.0,-0.999961,1.069,1.2247,0
-1.2247,1.41416,-1.34159,-1.34159,0.0,0.999961,-1.33625,-1.2247,3
-1.2247,1.41416,-1.34159,-1.34159,0.0,0.999961,-1.33625,0.0,4
-1.2247,1.41416,-1.34159,-1.34159,0.0,0.999961,-1.33625,1.2247,0
-1.2247,1.41416,-1.34159,-1.34159,0.0,0.999961,0.267251,-1.2247,3
-1.2247,1.41416,-1.34159,-1.34159,0.0,0.999961,0.267251,0.0,4
-1.2247,1.41416,-1.34159,-1.34159,0.0,0.999961,0.267251,1.2247,0
-1.2247,1.41416,-1.34159,-1.34159,0.0,0.999961,1.069,-1.2247,4
-1.2247,1.41416,-1.34159,-1.34159,0.0,0.999961,1.069,0.0,4
-1.2247,1.41416,-1.34159,-1.34159,0.0,0.999961,1.069,1.2247,0
-1.2247,1.41416,-1.34159,-1.34159,1.2247,-0.999961,-1.33625,-1.2247,3
-1.2247,1.41416,-1.34159,-1.34159,1.2247,-0.999961,-1.33625,0.0,4
-1.2247,1.41416,-1.34159,-1.34159,1.2247,-0.999961,-1.33625,1.2247,0
-1.2247,1.41416,-1.34159,-1.34159,1.2247,-0.999961,0.267251,-1.2247,3
-1.2247,1.41416,-1.34159,-1.34159,1.2247,-0.999961,0.267251,0.0,4
-1.2247,1.41416,-1.34159,-1.34159,1.2247,-0.999961,0.267251,1.2247,0
-1.2247,1.41416,-1.34159,-1.34159,1.2247,-0.999961,1.069,-1.2247,4
-1.2247,1.41416,-1.34159,-1.34159,1.2247,-0.999961,1.069,0.0,4
-1.2247,1.41416,-1.34159,-1.34159,1.2247,-0.999961,1.069,1.2247,0
-1.2247,1.41416,-1.34159,-1.34159,1.2247,0.999961,-1.33625,-1.2247,3
-1.2247,1.41416,-1.34159,-1.34159,1.2247,0.999961,-1.33625,0.0,4
-1.2247,1.41416,-1.34159,-1.34159,1.2247,0.999961,-1.33625,1.2247,0
-1.2247,1.41416,-1.34159,-1.34159,1.2247,0.999961,0.267251,-1.2247,3
-1.2247,1.41416,-1.34159,-1.34159,1.2247,0.999961,0.267251,0.0,4
-1.2247,1.41416,-1.34159,-1.34159,1.2247,0.999961,0.267251,1.2247,0
-1.2247,1.41416,-1.34159,-1.34159,1.2247,0.999961,1.069,-1.2247,4
-1.2247,1.41416,-1.34159,-1.34159,1.2247,0.999961,1.069,0.0,4
-1.2247,1.41416,-1.34159,-1.34159,1.2247,0.999961,1.069,1.2247,0
-1.2247,1.41416,-1.34159,-0.447196,-1.2247,-0.999961,-1.33625,-1.2247,3
-1.2247,1.41416,-1.34159,-0.447196,-1.2247,-0.999961,-1.33625,0.0,4
-1.2247,1.41416,-1.34159,-0.447196,-1.2247,-0.999961,-1.33625,1.2247,0
-1.2247,1.41416,-1.34159,-0.447196,-1.2247,-0.999961,0.267251,-1.2247,3
-1.2247,1.41416,-1.34159,-0.447196,-1.2247,-0.999961,0.267251,0.0,4
-1.2247,1.41416,-1.34159,-0.447196,-1.2247,-0.999961,0.267251,1.2247,0
-1.2247,1.41416,-1.34159,-0.447196,-1.2247,-0.999961,1.069,-1.2247,4
-1.2247,1.41416,-1.34159,-0.447196,-1.2247,-0.999961,1.069,0.0,4
-1.2247,1.41416,-1.34159,-0.447196,-1.2247,-0.999961,1.069,1.2247,0
-1.2247,1.41416,-1.34159,-0.447196,-1.2247,0.999961,-1.33625,-1.2247,3
-1.2247,1.41416,-1.34159,-0.447196,-1.2247,0.999961,-1.33625,0.0,4
-1.2247,1.41416,-1.34159,-0.447196,-1.2247,0.999961,-1.33625,1.2247,0
-1.2247,1.41416,-1.34159,-0.447196,-1.2247,0.999961,0.267251,-1.2247,3
-1.2247,1.41416,-1.34159,-0.447196,-1.2247,0.999961,0.267251,0.0,4
-1.2247,1.41416,-1.34159,-0.447196,-1.2247,0.999961,0.267251,1.2247,0
-1.2247,1.41416,-1.34159,-0.447196,-1.2247,0.999961,1.069,-1.2247,4
-1.2247,1.41416,-1.34159,-0.447196,-1.2247,0.999961,1.069,0.0,4
-1.2247,1.41416,-1.34159,-0.447196,-1.2247,0.999961,1.069,1.2247,0
-1.2247,1.41416,-1.34159,-0.447196,0.0,-0.999961,-1.33625,-1.2247,3
-1.2247,1.41416,-1.34159,-0.447196,0.0,-0.999961,-1.33625,0.0,4
-1.2247,1.41416,-1.34159,-0.447196,0.0,-0.999961,-1.33625,1.2247,0
-1.2247,1.41416,-1.34159,-0.447196,0.0,-0.999961,0.267251,-1.2247,3
-1.2247,1.41416,-1.34159,-0.447196,0.0,-0.999961,0.267251,0.0,4
-1.2247,1.41416,-1.34159,-0.447196,0.0,-0.999961,0.267251,1.2247,0
-1.2247,1.41416,-1.34159,-0.447196,0.0,-0.999961,1.069,-1.2247,4
-1.2247,1.41416,-1.34159,-0.447196,0.0,-0.999961,1.069,0.0,4
-1.2247,1.41416,-1.34159,-0.447196,0.0,-0.999961,1.069,1.2247,0
-1.2247,1.41416,-1.34159,-0.447196,0.0,0.999961,-1.33625,-1.2247,3
-1.2247,1.41416,-1.34159,-0.447196,0.0,0.999961,-1.33625,0.0,4
-1.2247,1.41416,-1.34159,-0.447196,0.0,0.999961,-1.33625,1.2247,0
-1.2247,1.41416,-1.34159,-0.447196,0.0,0.999961,0.267251,-1.2247,3
-1.2247,1.41416,-1.34159,-0.447196,0.0,0.999961,0.267251,0.0,4
-1.2247,1.41416,-1.34159,-0.447196,0.0,0.999961,0.267251,1.2247,0
-1.2247,1.41416,-1.34159,-0.447196,0.0,0.999961,1.069,-1.2247,4
-1.2247,1.41416,-1.34159,-0.447196,0.0,0.999961,1.069,0.0,4
-1.2247,1.41416,-1.34159,-0.447196,0.0,0.999961,1.069,1.2247,0
-1.2247,1.41416,-1.34159,-0.447196,1.2247,-0.999961,-1.33625,-1.2247,4
-1.2247,1.41416,-1.34159,-0.447196,1.2247,-0.999961,-1.33625,0.0,4
-1.2247,1.41416,-1.34159,-0.447196,1.2247,-0.999961,-1.33625,1.2247,0
-1.2247,1.41416,-1.34159,-0.447196,1.2247,-0.999961,0.267251,-1.2247,4
-1.2247,1.41416,-1.34159,-0.447196,1.2247,-0.999961,0.267251,0.0,4
-1.2247,1.41416,-1.34159,-0.447196,1.2247,-0.999961,0.267251,1.2247,0
-1.2247,1.41416,-1.34159,-0.447196,1.2247,-0.999961,1.069,-1.2247,4
-1.2247,1.41416,-1.34159,-0.447196,1.2247,-0.999961,1.069,0.0,4
-1.2247,1.41416,-1.34159,-0.447196,1.2247,-0.999961,1.069,1.2247,0
-1.2247,1.41416,-1.34159,-0.447196,1.2247,0.999961,-1.33625,-1.2247,4
-1.2247,1.41416,-1.34159,-0.447196,1.2247,0.999961,-1.33625,0.0,4
-1.2247,1.41416,-1.34159,-0.447196,1.2247,0.999961,-1.33625,1.2247,0
-1.2247,1.41416,-1.34159,-0.447196,1.2247,0.999961,0.267251,-1.2247,4
-1.2247,1.41416,-1.34159,-0.447196,1.2247,0.999961,0.267251,0.0,4
-1.2247,1.41416,-1.34159,-0.447196,1.2247,0.999961,0.267251,1.2247,0
-1.2247,1.41416,-1.34159,-0.447196,1.2247,0.999961,1.069,-1.2247,4
-1.2247,1.41416,-1.34159,-0.447196,1.2247,0.999961,1.069,0.0,4
-1.2247,1.41416,-1.34159,-0.447196,1.2247,0.999961,1.069,1.2247,0
-1.2247,1.41416,-1.34159,0.447196,-1.2247,-0.999961,-1.33625,-1.2247,3
-1.2247,1.41416,-1.34159,0.447196,-1.2247,-0.999961,-1.33625,0.0,4
-1.2247,1.41416,-1.34159,0.447196,-1.2247,-0.999961,-1.33625,1.2247,0
-1.2247,1.41416,-1.34159,0.447196,-1.2247,-0.999961,0.267251,-1.2247,3
-1.2247,1.41416,-1.34159,0.447196,-1.2247,-0.999961,0.267251,0.0,4
-1.2247,1.41416,-1.34159,0.447196,-1.2247,-0.999961,0.267251,1.2247,0
-1.2247,1.41416,-1.34159,0.447196,-1.2247,-0.999961,1.069,-1.2247,4
-1.2247,1.41416,-1.34159,0.447196,-1.2247,-0.999961,1.069,0.0,4
-1.2247,1.41416,-1.34159,0.447196,-1.2247,-0.999961,1.069,1.2247,0
-1.2247,1.41416,-1.34159,0.447196,-1.2247,0.999961,-1.33625,-1.2247,4
-1.2247,1.41416,-1.34159,0.447196,-1.2247,0.999961,-1.33625,0.0,4
-1.2247,1.41416,-1.34159,0.447196,-1.2247,0.999961,-1.33625,1.2247,0
-1.2247,1.41416,-1.34159,0.447196,-1.2247,0.999961,0.267251,-1.2247,4
-1.2247,1.41416,-1.34159,0.447196,-1.2247,0.999961,0.267251,0.0,4
-1.2247,1.41416,-1.34159,0.447196,-1.2247,0.999961,0.267251,1.2247,0
-1.2247,1.41416,-1.34159,0.447196,-1.2247,0.999961,1.069,-1.2247,4
-1.2247,1.41416,-1.34159,0.447196,-1.2247,0.999961,1.069,0.0,4
-1.2247,1.41416,-1.34159,0.447196,-1.2247,0.999961,1.069,1.2247,0
-1.2247,1.41416,-1.34159,0.447196,0.0,-0.999961,-1.33625,-1.2247,4
-1.2247,1.41416,-1.34159,0.447196,0.0,-0.999961,-1.33625,0.0,4
-1.2247,1.41416,-1.34159,0.447196,0.0,-0.999961,-1.33625,1.2247,0
-1.2247,1.41416,-1.34159,0.447196,0.0,-0.999961,0.267251,-1.2247,4
-1.2247,1.41416,-1.34159,0.447196,0.0,-0.999961,0.267251,0.0,4
-1.2247,1.41416,-1.34159,0.447196,0.0,-0.999961,0.267251,1.2247,0
-1.2247,1.41416,-1.34159,0.447196,0.0,-0.999961,1.069,-1.2247,4
-1.2247,1.41416,-1.34159,0.447196,0.0,-0.999961,1.069,0.0,4
-1.2247,1.41416,-1.34159,0.447196,0.0,-0.999961,1.069,1.2247,0
-1.2247,1.41416,-1.34159,0.447196,0.0,0.999961,-1.33625,-1.2247,4
-1.2247,1.41416,-1.34159,0.447196,0.0,0.999961,-1.33625,0.0,4
-1.2247,1.41416,-1.34159,0.447196,0.0,0.999961,-1.33625,1.2247,0
-1.2247,1.41416,-1.34159,0.447196,0.0,0.999961,0.267251,-1.2247,4
-1.2247,1.41416,-1.34159,0.447196,0.0,0.999961,0.267251,0.0,4
-1.2247,1.41416,-1.34159,0.447196,0.0,0.999961,0.267251,1.2247,0
-1.2247,1.41416,-1.34159,0.447196,0.0,0.999961,1.069,-1.2247,4
-1.2247,1.41416,-1.34159,0.447196,0.0,0.999961,1.069,0.0,4
-1.2247,1.41416,-1.34159,0.447196,0.0,0.999961,1.069,1.2247,0
-1.2247,1.41416,-1.34159,0.447196,1.2247,-0.999961,-1.33625,-1.2247,4
-1.2247,1.41416,-1.34159,0.447196,1.2247,-0.999961,-1.33625,0.0,4
-1.2247,1.41416,-1.34159,0.447196,1.2247,-0.999961,-1.33625,1.2247,0
-1.2247,1.41416,-1.34159,0.447196,1.2247,-0.999961,0.267251,-1.2247,4
-1.2247,1.41416,-1.34159,0.447196,1.2247,-0.999961,0.267251,0.0,4
-1.2247,1.41416,-1.34159,0.447196,1.2247,-0.999961,0.267251,1.2247,0
-1.2247,1.41416,-1.34159,0.447196,1.2247,-0.999961,1.069,-1.2247,4
-1.2247,1.41416,-1.34159,0.447196,1.2247,-0.999961,1.069,0.0,4
-1.2247,1.41416,-1.34159,0.447196,1.2247,-0.999961,1.069,1.2247,0
-1.2247,1.41416,-1.34159,0.447196,1.2247,0.999961,-1.33625,-1.2247,4
-1.2247,1.41416,-1.34159,0.447196,1.2247,0.999961,-1.33625,0.0,4
-1.2247,1.41416,-1.34159,0.447196,1.2247,0.999961,-1.33625,1.2247,0
-1.2247,1.41416,-1.34159,0.447196,1.2247,0.999961,0.267251,-1.2247,4
-1.2247,1.41416,-1.34159,0.447196,1.2247,0.999961,0.267251,0.0,4
-1.2247,1.41416,-1.34159,0.447196,1.2247,0.999961,0.267251,1.2247,0
-1.2247,1.41416,-1.34159,0.447196,1.2247,0.999961,1.069,-1.2247,4
-1.2247,1.41416,-1.34159,0.447196,1.2247,0.999961,1.069,0.0,4
-1.2247,1.41416,-1.34159,0.447196,1.2247,0.999961,1.069,1.2247,0
-1.2247,1.41416,-1.34159,1.34159,-1.2247,-0.999961,-1.33625,-1.2247,3
-1.2247,1.41416,-1.34159,1.34159,-1.2247,-0.999961,-1.33625,0.0,4
-1.2247,1.41416,-1.34159,1.34159,-1.2247,-0.999961,-1.33625,1.2247,0
-1.2247,1.41416,-1.34159,1.34159,-1.2247,-0.999961,0.267251,-1.2247,3
-1.2247,1.41416,-1.34159,1.34159,-1.2247,-0.999961,0.267251,0.0,4
-1.2247,1.41416,-1.34159,1.34159,-1.2247,-0.999961,0.267251,1.2247,0
-1.2247,1.41416,-1.34159,1.34159,-1.2247,-0.999961,1.069,-1.2247,4
-1.2247,1.41416,-1.34159,1.34159,-1.2247,-0.999961,1.069,0.0,4
-1.2247,1.41416,-1.34159,1.34159,-1.2247,-0.999961,1.069,1.2247,0
-1.2247,1.41416,-1.34159,1.34159,-1.2247,0.999961,-1.33625,-1.2247,4
-1.2247,1.41416,-1.34159,1.34159,-1.2247,0.999961,-1.33625,0.0,4
-1.2247,1.41416,-1.34159,1.34159,-1.2247,0.999961,-1.33625,1.2247,0
-1.2247,1.41416,-1.34159,1.34159,-1.2247,0.999961,0.267251,-1.2247,4
-1.2247,1.41416,-1.34159,1.34159,-1.2247,0.999961,0.267251,0.0,4
-1.2247,1.41416,-1.34159,1.34159,-1.2247,0.999961,0.267251,1.2247,0
-1.2247,1.41416,-1.34159,1.34159,-1.2247,0.999961,1.069,-1.2247,4
-1.2247,1.41416,-1.34159,1.34159,-1.2247,0.999961,1.069,0.0,4
-1.2247,1.41416,-1.34159,1.34159,-1.2247,0.999961,1.069,1.2247,0
-1.2247,1.41416,-1.34159,1.34159,0.0,-0.999961,-1.33625,-1.2247,4
-1.2247,1.41416,-1.34159,1.34159,0.0,-0.999961,-1.33625,0.0,4
-1.2247,1.41416,-1.34159,1.34159,0.0,-0.999961,-1.33625,1.2247,0
-1.2247,1.41416,-1.34159,1.34159,0.0,-0.999961,0.267251,-1.2247,4
-1.2247,1.41416,-1.34159,1.34159,0.0,-0.999961,0.267251,0.0,4
-1.2247,1.41416,-1.34159,1.34159,0.0,-0.999961,0.267251,1.2247,0
-1.2247,1.41416,-1.34159,1.34159,0.0,-0.999961,1.069,-1.2247,4
-1.2247,1.41416,-1.34159,1.34159,0.0,-0.999961,1.069,0.0,4
-1.2247,1.41416,-1.34159,1.34159,0.0,-0.999961,1.069,1.2247,0
-1.2247,1.41416,-1.34159,1.34159,0.0,0.999961,-1.33625,-1.2247,4
-1.2247,1.41416,-1.34159,1.34159,0.0,0.999961,-1.33625,0.0,4
-1.2247,1.41416,-1.34159,1.34159,0.0,0.999961,-1.33625,1.2247,0
-1.2247,1.41416,-1.34159,1.34159,0.0,0.999961,0.267251,-1.2247,4
-1.2247,1.41416,-1.34159,1.34159,0.0,0.999961,0.267251,0.0,4
-1.2247,1.41416,-1.34159,1.34159,0.0,0.999961,0.267251,1.2247,0
-1.2247,1.41416,-1.34159,1.34159,0.0,0.999961,1.069,-1.2247,4
-1.2247,1.41416,-1.34159,1.34159,0.0,0.999961,1.069,0.0,4
-1.2247,1.41416,-1.34159,1.34159,0.0,0.999961,1.069,1.2247,0
-1.2247,1.41416,-1.34159,1.34159,1.2247,-0.999961,-1.33625,-1.2247,4
-1.2247,1.41416,-1.34159,1.34159,1.2247,-0.999961,-1.33625,0.0,4
-1.2247,1.41416,-1.34159,1.34159,1.2247,-0.999961,-1.33625,1.2247,0
-1.2247,1.41416,-1.34159,1.34159,1.2247,-0.999961,0.267251,-1.2247,4
-1.2247,1.41416,-1.34159,1.34159,1.2247,-0.999961,0.267251,0.0,4
-1.2247,1.41416,-1.34159,1.34159,1.2247,-0.999961,0.267251,1.2247,0
-1.2247,1.41416,-1.34159,1.34159,1.2247,-0.999961,1.069,-1.2247,4
-1.2247,1.41416,-1.34159,1.34159,1.2247,-0.999961,1.069,0.0,4
-1.2247,1.41416,-1.34159,1.34159,1.2247,-0.999961,1.069,1.2247,0
-1.2247,1.41416,-1.34159,1.34159,1.2247,0.999961,-1.33625,-1.2247,4
-1.2247,1.41416,-1.34159,1.34159,1.2247,0.999961,-1.33625,0.0,4
-1.2247,1.41416,-1.34159,1.34159,1.2247,0.999961,-1.33625,1.2247,0
-1.2247,1.41416,-1.34159,1.34159,1.2247,0.999961,0.267251,-1.2247,4
-1.2247,1.41416,-1.34159,1.34159,1.2247,0.999961,0.267251,0.0,4
-1.2247,1.41416,-1.34159,1.34159,1.2247,0.999961,0.267251,1.2247,0
-1.2247,1.41416,-1.34159,1.34159,1.2247,0.999961,1.069,-1.2247,4
-1.2247,1.41416,-1.34159,1.34159,1.2247,0.999961,1.069,0.0,4
-1.2247,1.41416,-1.34159,1.34159,1.2247,0.999961,1.069,1.2247,0
-1.2247,1.41416,-0.447196,-1.34159,-1.2247,-0.999961,-1.33625,-1.2247,3
-1.2247,1.41416,-0.447196,-1.34159,-1.2247,-0.999961,-1.33625,0.0,4
-1.2247,1.41416,-0.447196,-1.34159,-1.2247,-0.999961,-1.33625,1.2247,0
-1.2247,1.41416,-0.447196,-1.34159,-1.2247,-0.999961,0.267251,-1.2247,3
-1.2247,1.41416,-0.447196,-1.34159,-1.2247,-0.999961,0.267251,0.0,4
-1.2247,1.41416,-0.447196,-1.34159,-1.2247,-0.999961,0.267251,1.2247,0
-1.2247,1.41416,-0.447196,-1.34159,-1.2247,-0.999961,1.069,-1.2247,4
-1.2247,1.41416,-0.447196,-1.34159,-1.2247,-0.999961,1.069,0.0,4
-1.2247,1.41416,-0.447196,-1.34159,-1.2247,-0.999961,1.069,1.2247,0
-1.2247,1.41416,-0.447196,-1.34159,-1.2247,0.999961,-1.33625,-1.2247,3
-1.2247,1.41416,-0.447196,-1.34159,-1.2247,0.999961,-1.33625,0.0,4
-1.2247,1.41416,-0.447196,-1.34159,-1.2247,0.999961,-1.33625,1.2247,0
-1.2247,1.41416,-0.447196,-1.34159,-1.2247,0.999961,0.267251,-1.2247,3
-1.2247,1.41416,-0.447196,-1.34159,-1.2247,0.999961,0.267251,0.0,4
-1.2247,1.41416,-0.447196,-1.34159,-1.2247,0.999961,0.267251,1.2247,0
-1.2247,1.41416,-0.447196,-1.34159,-1.2247,0.999961,1.069,-1.2247,4
-1.2247,1.41416,-0.447196,-1.34159,-1.2247,0.999961,1.069,0.0,4
-1.2247,1.41416,-0.447196,-1.34159,-1.2247,0.999961,1.069,1.2247,0
-1.2247,1.41416,-0.447196,-1.34159,0.0,-0.999961,-1.33625,-1.2247,3
-1.2247,1.41416,-0.447196,-1.34159,0.0,-0.999961,-1.33625,0.0,4
-1.2247,1.41416,-0.447196,-1.34159,0.0,-0.999961,-1.33625,1.2247,0
-1.2247,1.41416,-0.447196,-1.34159,0.0,-0.999961,0.267251,-1.2247,3
-1.2247,1.41416,-0.447196,-1.34159,0.0,-0.999961,0.267251,0.0,4
-1.2247,1.41416,-0.447196,-1.34159,0.0,-0.999961,0.267251,1.2247,0
-1.2247,1.41416,-0.447196,-1.34159,0.0,-0.999961,1.069,-1.2247,4
-1.2247,1.41416,-0.447196,-1.34159,0.0,-0.999961,1.069,0.0,4
-1.2247,1.41416,-0.447196,-1.34159,0.0,-0.999961,1.069,1.2247,0
-1.2247,1.41416,-0.447196,-1.34159,0.0,0.999961,-1.33625,-1.2247,3
-1.2247,1.41416,-0.447196,-1.34159,0.0,0.999961,-1.33625,0.0,4
-1.2247,1.41416,-0.447196,-1.34159,0.0,0.999961,-1.33625,1.2247,0
-1.2247,1.41416,-0.447196,-1.34159,0.0,0.999961,0.267251,-1.2247,3
-1.2247,1.41416,-0.447196,-1.34159,0.0,0.999961,0.267251,0.0,4
-1.2247,1.41416,-0.447196,-1.34159,0.0,0.999961,0.267251,1.2247,0
-1.2247,1.41416,-0.447196,-1.34159,0.0,0.999961,1.069,-1.2247,4
-1.2247,1.41416,-0.447196,-1.34159,0.0,0.999961,1.069,0.0,4
-1.2247,1.41416,-0.447196,-1.34159,0.0,0.999961,1.069,1.2247,0
-1.2247,1.41416,-0.447196,-1.34159,1.2247,-0.999961,-1.33625,-1.2247,4
-1.2247,1.41416,-0.447196,-1.34159,1.2247,-0.999961,-1.33625,0.0,4
-1.2247,1.41416,-0.447196,-1.34159,1.2247,-0.999961,-1.33625,1.2247,0
-1.2247,1.41416,-0.447196,-1.34159,1.2247,-0.999961,0.267251,-1.2247,4
-1.2247,1.41416,-0.447196,-1.34159,1.2247,-0.999961,0.267251,0.0,4
-1.2247,1.41416,-0.447196,-1.34159,1.2247,-0.999961,0.267251,1.2247,0
-1.2247,1.41416,-0.447196,-1.34159,1.2247,-0.999961,1.069,-1.2247,4
-1.2247,1.41416,-0.447196,-1.34159,1.2247,-0.999961,1.069,0.0,4
-1.2247,1.41416,-0.447196,-1.34159,1.2247,-0.999961,1.069,1.2247,0
-1.2247,1.41416,-0.447196,-1.34159,1.2247,0.999961,-1.33625,-1.2247,4
-1.2247,1.41416,-0.447196,-1.34159,1.2247,0.999961,-1.33625,0.0,4
-1.2247,1.41416,-0.447196,-1.34159,1.2247,0.999961,-1.33625,1.2247,0
-1.2247,1.41416,-0.447196,-1.34159,1.2247,0.999961,0.267251,-1.2247,4
-1.2247,1.41416,-0.447196,-1.34159,1.2247,0.999961,0.267251,0.0,4
-1.2247,1.41416,-0.447196,-1.34159,1.2247,0.999961,0.267251,1.2247,0
-1.2247,1.41416,-0.447196,-1.34159,1.2247,0.999961,1.069,-1.2247,4
-1.2247,1.41416,-0.447196,-1.34159,1.2247,0.999961,1.069,0.0,4
-1.2247,1.41416,-0.447196,-1.34159,1.2247,0.999961,1.069,1.2247,0
-1.2247,1.41416,-0.447196,-0.447196,-1.2247,-0.999961,-1.33625,-1.2247,3
-1.2247,1.41416,-0.447196,-0.447196,-1.2247,-0.999961,-1.33625,0.0,4
-1.2247,1.41416,-0.447196,-0.447196,-1.2247,-0.999961,-1.33625,1.2247,0
-1.2247,1.41416,-0.447196,-0.447196,-1.2247,-0.999961,0.267251,-1.2247,3
-1.2247,1.41416,-0.447196,-0.447196,-1.2247,-0.999961,0.267251,0.0,4
-1.2247,1.41416,-0.447196,-0.447196,-1.2247,-0.999961,0.267251,1.2247,0
-1.2247,1.41416,-0.447196,-0.447196,-1.2247,-0.999961,1.069,-1.2247,4
-1.2247,1.41416,-0.447196,-0.447196,-1.2247,-0.999961,1.069,0.0,4
-1.2247,1.41416,-0.447196,-0.447196,-1.2247,-0.999961,1.069,1.2247,0
-1.2247,1.41416,-0.447196,-0.447196,-1.2247,0.999961,-1.33625,-1.2247,3
-1.2247,1.41416,-0.447196,-0.447196,-1.2247,0.999961,-1.33625,0.0,4
-1.2247,1.41416,-0.447196,-0.447196,-1.2247,0.999961,-1.33625,1.2247,0
-1.2247,1.41416,-0.447196,-0.447196,-1.2247,0.999961,0.267251,-1.2247,3
-1.2247,1.41416,-0.447196,-0.447196,-1.2247,0.999961,0.267251,0.0,4
-1.2247,1.41416,-0.447196,-0.447196,-1.2247,0.999961,0.267251,1.2247,0
-1.2247,1.41416,-0.447196,-0.447196,-1.2247,0.999961,1.069,-1.2247,4
-1.2247,1.41416,-0.447196,-0.447196,-1.2247,0.999961,1.069,0.0,4
-1.2247,1.41416,-0.447196,-0.447196,-1.2247,0.999961,1.069,1.2247,0
-1.2247,1.41416,-0.447196,-0.447196,0.0,-0.999961,-1.33625,-1.2247,3
-1.2247,1.41416,-0.447196,-0.447196,0.0,-0.999961,-1.33625,0.0,4
-1.2247,1.41416,-0.447196,-0.447196,0.0,-0.999961,-1.33625,1.2247,0
-1.2247,1.41416,-0.447196,-0.447196,0.0,-0.999961,0.267251,-1.2247,3
-1.2247,1.41416,-0.447196,-0.447196,0.0,-0.999961,0.267251,0.0,4
-1.2247,1.41416,-0.447196,-0.447196,0.0,-0.999961,0.267251,1.2247,0
-1.2247,1.41416,-0.447196,-0.447196,0.0,-0.999961,1.069,-1.2247,4
-1.2247,1.41416,-0.447196,-0.447196,0.0,-0.999961,1.069,0.0,4
-1.2247,1.41416,-0.447196,-0.447196,0.0,-0.999961,1.069,1.2247,0
-1.2247,1.41416,-0.447196,-0.447196,0.0,0.999961,-1.33625,-1.2247,3
-1.2247,1.41416,-0.447196,-0.447196,0.0,0.999961,-1.33625,0.0,4
-1.2247,1.41416,-0.447196,-0.447196,0.0,0.999961,-1.33625,1.2247,0
-1.2247,1.41416,-0.447196,-0.447196,0.0,0.999961,0.267251,-1.2247,3
-1.2247,1.41416,-0.447196,-0.447196,0.0,0.999961,0.267251,0.0,4
-1.2247,1.41416,-0.447196,-0.447196,0.0,0.999961,0.267251,1.2247,0
-1.2247,1.41416,-0.447196,-0.447196,0.0,0.999961,1.069,-1.2247,4
-1.2247,1.41416,-0.447196,-0.447196,0.0,0.999961,1.069,0.0,4
-1.2247,1.41416,-0.447196,-0.447196,0.0,0.999961,1.069,1.2247,0
-1.2247,1.41416,-0.447196,-0.447196,1.2247,-0.999961,-1.33625,-1.2247,4
-1.2247,1.41416,-0.447196,-0.447196,1.2247,-0.999961,-1.33625,0.0,4
-1.2247,1.41416,-0.447196,-0.447196,1.2247,-0.999961,-1.33625,1.2247,0
-1.2247,1.41416,-0.447196,-0.447196,1.2247,-0.999961,0.267251,-1.2247,4
-1.2247,1.41416,-0.447196,-0.447196,1.2247,-0.999961,0.267251,0.0,4
-1.2247,1.41416,-0.447196,-0.447196,1.2247,-0.999961,0.267251,1.2247,0
-1.2247,1.41416,-0.447196,-0.447196,1.2247,-0.999961,1.069,-1.2247,4
-1.2247,1.41416,-0.447196,-0.447196,1.2247,-0.999961,1.069,0.0,4
-1.2247,1.41416,-0.447196,-0.447196,1.2247,-0.999961,1.069,1.2247,0
-1.2247,1.41416,-0.447196,-0.447196,1.2247,0.999961,-1.33625,-1.2247,4
-1.2247,1.41416,-0.447196,-0.447196,1.2247,0.999961,-1.33625,0.0,4
-1.2247,1.41416,-0.447196,-0.447196,1.2247,0.999961,-1.33625,1.2247,0
-1.2247,1.41416,-0.447196,-0.447196,1.2247,0.999961,0.267251,-1.2247,4
-1.2247,1.41416,-0.447196,-0.447196,1.2247,0.999961,0.267251,0.0,4
-1.2247,1.41416,-0.447196,-0.447196,1.2247,0.999961,0.267251,1.2247,0
-1.2247,1.41416,-0.447196,-0.447196,1.2247,0.999961,1.069,-1.2247,4
-1.2247,1.41416,-0.447196,-0.447196,1.2247,0.999961,1.069,0.0,4
-1.2247,1.41416,-0.447196,-0.447196,1.2247,0.999961,1.069,1.2247,0
-1.2247,1.41416,-0.447196,0.447196,-1.2247,-0.999961,-1.33625,-1.2247,3
-1.2247,1.41416,-0.447196,0.447196,-1.2247,-0.999961,-1.33625,0.0,4
-1.2247,1.41416,-0.447196,0.447196,-1.2247,-0.999961,-1.33625,1.2247,0
-1.2247,1.41416,-0.447196,0.447196,-1.2247,-0.999961,0.267251,-1.2247,3
-1.2247,1.41416,-0.447196,0.447196,-1.2247,-0.999961,0.267251,0.0,4
-1.2247,1.41416,-0.447196,0.447196,-1.2247,-0.999961,0.267251,1.2247,0
-1.2247,1.41416,-0.447196,0.447196,-1.2247,-0.999961,1.069,-1.2247,4
-1.2247,1.41416,-0.447196,0.447196,-1.2247,-0.999961,1.069,0.0,4
-1.2247,1.41416,-0.447196,0.447196,-1.2247,-0.999961,1.069,1.2247,0
-1.2247,1.41416,-0.447196,0.447196,-1.2247,0.999961,-1.33625,-1.2247,4
-1.2247,1.41416,-0.447196,0.447196,-1.2247,0.999961,-1.33625,0.0,4
-1.2247,1.41416,-0.447196,0.447196,-1.2247,0.999961,-1.33625,1.2247,0
-1.2247,1.41416,-0.447196,0.447196,-1.2247,0.999961,0.267251,-1.2247,4
-1.2247,1.41416,-0.447196,0.447196,-1.2247,0.999961,0.267251,0.0,4
-1.2247,1.41416,-0.447196,0.447196,-1.2247,0.999961,0.267251,1.2247,0
-1.2247,1.41416,-0.447196,0.447196,-1.2247,0.999961,1.069,-1.2247,4
-1.2247,1.41416,-0.447196,0.447196,-1.2247,0.999961,1.069,0.0,4
-1.2247,1.41416,-0.447196,0.447196,-1.2247,0.999961,1.069,1.2247,0
-1.2247,1.41416,-0.447196,0.447196,0.0,-0.999961,-1.33625,-1.2247,4
-1.2247,1.41416,-0.447196,0.447196,0.0,-0.999961,-1.33625,0.0,4
-1.2247,1.41416,-0.447196,0.447196,0.0,-0.999961,-1.33625,1.2247,0
-1.2247,1.41416,-0.447196,0.447196,0.0,-0.999961,0.267251,-1.2247,4
-1.2247,1.41416,-0.447196,0.447196,0.0,-0.999961,0.267251,0.0,4
-1.2247,1.41416,-0.447196,0.447196,0.0,-0.999961,0.267251,1.2247,0
-1.2247,1.41416,-0.447196,0.447196,0.0,-0.999961,1.069,-1.2247,4
-1.2247,1.41416,-0.447196,0.447196,0.0,-0.999961,1.069,0.0,4
-1.2247,1.41416,-0.447196,0.447196,0.0,-0.999961,1.069,1.2247,0
-1.2247,1.41416,-0.447196,0.447196,0.0,0.999961,-1.33625,-1.2247,4
-1.2247,1.41416,-0.447196,0.447196,0.0,0.999961,-1.33625,0.0,4
-1.2247,1.41416,-0.447196,0.447196,0.0,0.999961,-1.33625,1.2247,0
-1.2247,1.41416,-0.447196,0.447196,0.0,0.999961,0.267251,-1.2247,4
-1.2247,1.41416,-0.447196,0.447196,0.0,0.999961,0.267251,0.0,4
-1.2247,1.41416,-0.447196,0.447196,0.0,0.999961,0.267251,1.2247,0
-1.2247,1.41416,-0.447196,0.447196,0.0,0.999961,1.069,-1.2247,4
-1.2247,1.41416,-0.447196,0.447196,0.0,0.999961,1.069,0.0,4
-1.2247,1.41416,-0.447196,0.447196,0.0,0.999961,1.069,1.2247,0
-1.2247,1.41416,-0.447196,0.447196,1.2247,-0.999961,-1.33625,-1.2247,4
-1.2247,1.41416,-0.447196,0.447196,1.2247,-0.999961,-1.33625,0.0,4
-1.2247,1.41416,-0.447196,0.447196,1.2247,-0.999961,-1.33625,1.2247,0
-1.2247,1.41416,-0.447196,0.447196,1.2247,-0.999961,0.267251,-1.2247,4
-1.2247,1.41416,-0.447196,0.447196,1.2247,-0.999961,0.267251,0.0,4
-1.2247,1.41416,-0.447196,0.447196,1.2247,-0.999961,0.267251,1.2247,0
-1.2247,1.41416,-0.447196,0.447196,1.2247,-0.999961,1.069,-1.2247,4
-1.2247,1.41416,-0.447196,0.447196,1.2247,-0.999961,1.069,0.0,4
-1.2247,1.41416,-0.447196,0.447196,1.2247,-0.999961,1.069,1.2247,0
-1.2247,1.41416,-0.447196,0.447196,1.2247,0.999961,-1.33625,-1.2247,4
-1.2247,1.41416,-0.447196,0.447196,1.2247,0.999961,-1.33625,0.0,4
-1.2247,1.41416,-0.447196,0.447196,1.2247,0.999961,-1.33625,1.2247,0
-1.2247,1.41416,-0.447196,0.447196,1.2247,0.999961,0.267251,-1.2247,4
-1.2247,1.41416,-0.447196,0.447196,1.2247,0.999961,0.267251,0.0,4
-1.2247,1.41416,-0.447196,0.447196,1.2247,0.999961,0.267251,1.2247,0
-1.2247,1.41416,-0.447196,0.447196,1.2247,0.999961,1.069,-1.2247,4
-1.2247,1.41416,-0.447196,0.447196,1.2247,0.999961,1.069,0.0,4
-1.2247,1.41416,-0.447196,0.447196,1.2247,0.999961,1.069,1.2247,0
-1.2247,1.41416,-0.447196,1.34159,-1.2247,-0.999961,-1.33625,-1.2247,3
-1.2247,1.41416,-0.447196,1.34159,-1.2247,-0.999961,-1.33625,0.0,4
-1.2247,1.41416,-0.447196,1.34159,-1.2247,-0.999961,-1.33625,1.2247,0
-1.2247,1.41416,-0.447196,1.34159,-1.2247,-0.999961,0.267251,-1.2247,3
-1.2247,1.41416,-0.447196,1.34159,-1.2247,-0.999961,0.267251,0.0,4
-1.2247,1.41416,-0.447196,1.34159,-1.2247,-0.999961,0.267251,1.2247,0
-1.2247,1.41416,-0.447196,1.34159,-1.2247,-0.999961,1.069,-1.2247,4
-1.2247,1.41416,-0.447196,1.34159,-1.2247,-0.999961,1.069,0.0,4
-1.2247,1.41416,-0.447196,1.34159,-1.2247,-0.999961,1.069,1.2247,0
-1.2247,1.41416,-0.447196,1.34159,-1.2247,0.999961,-1.33625,-1.2247,4
-1.2247,1.41416,-0.447196,1.34159,-1.2247,0.999961,-1.33625,0.0,4
-1.2247,1.41416,-0.447196,1.34159,-1.2247,0.999961,-1.33625,1.2247,0
-1.2247,1.41416,-0.447196,1.34159,-1.2247,0.999961,0.267251,-1.2247,4
-1.2247,1.41416,-0.447196,1.34159,-1.2247,0.999961,0.267251,0.0,4
-1.2247,1.41416,-0.447196,1.34159,-1.2247,0.999961,0.267251,1.2247,0
-1.2247,1.41416,-0.447196,1.34159,-1.2247,0.999961,1.069,-1.2247,4
-1.2247,1.41416,-0.447196,1.34159,-1.2247,0.999961,1.069,0.0,4
-1.2247,1.41416,-0.447196,1.34159,-1.2247,0.999961,1.069,1.2247,0
-1.2247,1.41416,-0.447196,1.34159,0.0,-0.999961,-1.33625,-1.2247,4
-1.2247,1.41416,-0.447196,1.34159,0.0,-0.999961,-1.33625,0.0,4
-1.2247,1.41416,-0.447196,1.34159,0.0,-0.999961,-1.33625,1.2247,0
-1.2247,1.41416,-0.447196,1.34159,0.0,-0.999961,0.267251,-1.2247,4
-1.2247,1.41416,-0.447196,1.34159,0.0,-0.999961,0.267251,0.0,4
-1.2247,1.41416,-0.447196,1.34159,0.0,-0.999961,0.267251,1.2247,0
-1.2247,1.41416,-0.447196,1.34159,0.0,-0.999961,1.069,-1.2247,4
-1.2247,1.41416,-0.447196,1.34159,0.0,-0.999961,1.069,0.0,4
-1.2247,1.41416,-0.447196,1.34159,0.0,-0.999961,1.069,1.2247,0
-1.2247,1.41416,-0.447196,1.34159,0.0,0.999961,-1.33625,-1.2247,4
-1.2247,1.41416,-0.447196,1.34159,0.0,0.999961,-1.33625,0.0,4
-1.2247,1.41416,-0.447196,1.34159,0.0,0.999961,-1.33625,1.2247,0
-1.2247,1.41416,-0.447196,1.34159,0.0,0.999961,0.267251,-1.2247,4
-1.2247,1.41416,-0.447196,1.34159,0.0,0.999961,0.267251,0.0,4
-1.2247,1.41416,-0.447196,1.34159,0.0,0.999961,0.267251,1.2247,0
-1.2247,1.41416,-0.447196,1.34159,0.0,0.999961,1.069,-1.2247,4
-1.2247,1.41416,-0.447196,1.34159,0.0,0.999961,1.069,0.0,4
-1.2247,1.41416,-0.447196,1.34159,0.0,0.999961,1.069,1.2247,0
-1.2247,1.41416,-0.447196,1.34159,1.2247,-0.999961,-1.33625,-1.2247,4
-1.2247,1.41416,-0.447196,1.34159,1.2247,-0.999961,-1.33625,0.0,4
-1.2247,1.41416,-0.447196,1.34159,1.2247,-0.999961,-1.33625,1.2247,0
-1.2247,1.41416,-0.447196,1.34159,1.2247,-0.999961,0.267251,-1.2247,4
-1.2247,1.41416,-0.447196,1.34159,1.2247,-0.999961,0.267251,0.0,4
-1.2247,1.41416,-0.447196,1.34159,1.2247,-0.999961,0.267251,1.2247,0
-1.2247,1.41416,-0.447196,1.34159,1.2247,-0.999961,1.069,-1.2247,4
-1.2247,1.41416,-0.447196,1.34159,1.2247,-0.999961,1.069,0.0,4
-1.2247,1.41416,-0.447196,1.34159,1.2247,-0.999961,1.069,1.2247,0
-1.2247,1.41416,-0.447196,1.34159,1.2247,0.999961,-1.33625,-1.2247,4
-1.2247,1.41416,-0.447196,1.34159,1.2247,0.999961,-1.33625,0.0,4
-1.2247,1.41416,-0.447196,1.34159,1.2247,0.999961,-1.33625,1.2247,0
-1.2247,1.41416,-0.447196,1.34159,1.2247,0.999961,0.267251,-1.2247,4
-1.2247,1.41416,-0.447196,1.34159,1.2247,0.999961,0.267251,0.0,4
-1.2247,1.41416,-0.447196,1.34159,1.2247,0.999961,0.267251,1.2247,0
-1.2247,1.41416,-0.447196,1.34159,1.2247,0.999961,1.069,-1.2247,4
-1.2247,1.41416,-0.447196,1.34159,1.2247,0.999961,1.069,0.0,4
-1.2247,1.41416,-0.447196,1.34159,1.2247,0.999961,1.069,1.2247,0
-1.2247,1.41416,0.447196,-1.34159,-1.2247,-0.999961,-1.33625,-1.2247,3
-1.2247,1.41416,0.447196,-1.34159,-1.2247,-0.999961,-1.33625,0.0,4
-1.2247,1.41416,0.447196,-1.34159,-1.2247,-0.999961,-1.33625,1.2247,0
-1.2247,1.41416,0.447196,-1.34159,-1.2247,-0.999961,0.267251,-1.2247,3
-1.2247,1.41416,0.447196,-1.34159,-1.2247,-0.999961,0.267251,0.0,4
-1.2247,1.41416,0.447196,-1.34159,-1.2247,-0.999961,0.267251,1.2247,0
-1.2247,1.41416,0.447196,-1.34159,-1.2247,-0.999961,1.069,-1.2247,4
-1.2247,1.41416,0.447196,-1.34159,-1.2247,-0.999961,1.069,0.0,4
-1.2247,1.41416,0.447196,-1.34159,-1.2247,-0.999961,1.069,1.2247,0
-1.2247,1.41416,0.447196,-1.34159,-1.2247,0.999961,-1.33625,-1.2247,3
-1.2247,1.41416,0.447196,-1.34159,-1.2247,0.999961,-1.33625,0.0,4
-1.2247,1.41416,0.447196,-1.34159,-1.2247,0.999961,-1.33625,1.2247,0
-1.2247,1.41416,0.447196,-1.34159,-1.2247,0.999961,0.267251,-1.2247,3
-1.2247,1.41416,0.447196,-1.34159,-1.2247,0.999961,0.267251,0.0,4
-1.2247,1.41416,0.447196,-1.34159,-1.2247,0.999961,0.267251,1.2247,0
-1.2247,1.41416,0.447196,-1.34159,-1.2247,0.999961,1.069,-1.2247,4
-1.2247,1.41416,0.447196,-1.34159,-1.2247,0.999961,1.069,0.0,4
-1.2247,1.41416,0.447196,-1.34159,-1.2247,0.999961,1.069,1.2247,0
-1.2247,1.41416,0.447196,-1.34159,0.0,-0.999961,-1.33625,-1.2247,3
-1.2247,1.41416,0.447196,-1.34159,0.0,-0.999961,-1.33625,0.0,4
-1.2247,1.41416,0.447196,-1.34159,0.0,-0.999961,-1.33625,1.2247,0
-1.2247,1.41416,0.447196,-1.34159,0.0,-0.999961,0.267251,-1.2247,3
-1.2247,1.41416,0.447196,-1.34159,0.0,-0.999961,0.267251,0.0,4
-1.2247,1.41416,0.447196,-1.34159,0.0,-0.999961,0.267251,1.2247,0
-1.2247,1.41416,0.447196,-1.34159,0.0,-0.999961,1.069,-1.2247,4
-1.2247,1.41416,0.447196,-1.34159,0.0,-0.999961,1.069,0.0,4
-1.2247,1.41416,0.447196,-1.34159,0.0,-0.999961,1.069,1.2247,0
-1.2247,1.41416,0.447196,-1.34159,0.0,0.999961,-1.33625,-1.2247,3
-1.2247,1.41416,0.447196,-1.34159,0.0,0.999961,-1.33625,0.0,4
-1.2247,1.41416,0.447196,-1.34159,0.0,0.999961,-1.33625,1.2247,0
-1.2247,1.41416,0.447196,-1.34159,0.0,0.999961,0.267251,-1.2247,3
-1.2247,1.41416,0.447196,-1.34159,0.0,0.999961,0.267251,0.0,4
-1.2247,1.41416,0.447196,-1.34159,0.0,0.999961,0.267251,1.2247,0
-1.2247,1.41416,0.447196,-1.34159,0.0,0.999961,1.069,-1.2247,4
-1.2247,1.41416,0.447196,-1.34159,0.0,0.999961,1.069,0.0,4
-1.2247,1.41416,0.447196,-1.34159,0.0,0.999961,1.069,1.2247,0
-1.2247,1.41416,0.447196,-1.34159,1.2247,-0.999961,-1.33625,-1.2247,4
-1.2247,1.41416,0.447196,-1.34159,1.2247,-0.999961,-1.33625,0.0,4
-1.2247,1.41416,0.447196,-1.34159,1.2247,-0.999961,-1.33625,1.2247,0
-1.2247,1.41416,0.447196,-1.34159,1.2247,-0.999961,0.267251,-1.2247,4
-1.2247,1.41416,0.447196,-1.34159,1.2247,-0.999961,0.267251,0.0,4
-1.2247,1.41416,0.447196,-1.34159,1.2247,-0.999961,0.267251,1.2247,0
-1.2247,1.41416,0.447196,-1.34159,1.2247,-0.999961,1.069,-1.2247,4
-1.2247,1.41416,0.447196,-1.34159,1.2247,-0.999961,1.069,0.0,4
-1.2247,1.41416,0.447196,-1.34159,1.2247,-0.999961,1.069,1.2247,0
-1.2247,1.41416,0.447196,-1.34159,1.2247,0.999961,-1.33625,-1.2247,4
-1.2247,1.41416,0.447196,-1.34159,1.2247,0.999961,-1.33625,0.0,4
-1.2247,1.41416,0.447196,-1.34159,1.2247,0.999961,-1.33625,1.2247,0
-1.2247,1.41416,0.447196,-1.34159,1.2247,0.999961,0.267251,-1.2247,4
-1.2247,1.41416,0.447196,-1.34159,1.2247,0.999961,0.267251,0.0,4
-1.2247,1.41416,0.447196,-1.34159,1.2247,0.999961,0.267251,1.2247,0
-1.2247,1.41416,0.447196,-1.34159,1.2247,0.999961,1.069,-1.2247,4
-1.2247,1.41416,0.447196,-1.34159,1.2247,0.999961,1.069,0.0,4
-1.2247,1.41416,0.447196,-1.34159,1.2247,0.999961,1.069,1.2247,0
-1.2247,1.41416,0.447196,-0.447196,-1.2247,-0.999961,-1.33625,-1.2247,3
-1.2247,1.41416,0.447196,-0.447196,-1.2247,-0.999961,-1.33625,0.0,4
-1.2247,1.41416,0.447196,-0.447196,-1.2247,-0.999961,-1.33625,1.2247,0
-1.2247,1.41416,0.447196,-0.447196,-1.2247,-0.999961,0.267251,-1.2247,3
-1.2247,1.41416,0.447196,-0.447196,-1.2247,-0.999961,0.267251,0.0,4
-1.2247,1.41416,0.447196,-0.447196,-1.2247,-0.999961,0.267251,1.2247,0
-1.2247,1.41416,0.447196,-0.447196,-1.2247,-0.999961,1.069,-1.2247,4
-1.2247,1.41416,0.447196,-0.447196,-1.2247,-0.999961,1.069,0.0,4
-1.2247,1.41416,0.447196,-0.447196,-1.2247,-0.999961,1.069,1.2247,0
-1.2247,1.41416,0.447196,-0.447196,-1.2247,0.999961,-1.33625,-1.2247,4
-1.2247,1.41416,0.447196,-0.447196,-1.2247,0.999961,-1.33625,0.0,4
-1.2247,1.41416,0.447196,-0.447196,-1.2247,0.999961,-1.33625,1.2247,0
-1.2247,1.41416,0.447196,-0.447196,-1.2247,0.999961,0.267251,-1.2247,4
-1.2247,1.41416,0.447196,-0.447196,-1.2247,0.999961,0.267251,0.0,4
-1.2247,1.41416,0.447196,-0.447196,-1.2247,0.999961,0.267251,1.2247,0
-1.2247,1.41416,0.447196,-0.447196,-1.2247,0.999961,1.069,-1.2247,4
-1.2247,1.41416,0.447196,-0.447196,-1.2247,0.999961,1.069,0.0,4
-1.2247,1.41416,0.447196,-0.447196,-1.2247,0.999961,1.069,1.2247,0
-1.2247,1.41416,0.447196,-0.447196,0.0,-0.999961,-1.33625,-1.2247,4
-1.2247,1.41416,0.447196,-0.447196,0.0,-0.999961,-1.33625,0.0,4
-1.2247,1.41416,0.447196,-0.447196,0.0,-0.999961,-1.33625,1.2247,0
-1.2247,1.41416,0.447196,-0.447196,0.0,-0.999961,0.267251,-1.2247,4
-1.2247,1.41416,0.447196,-0.447196,0.0,-0.999961,0.267251,0.0,4
-1.2247,1.41416,0.447196,-0.447196,0.0,-0.999961,0.267251,1.2247,0
-1.2247,1.41416,0.447196,-0.447196,0.0,-0.999961,1.069,-1.2247,4
-1.2247,1.41416,0.447196,-0.447196,0.0,-0.999961,1.069,0.0,4
-1.2247,1.41416,0.447196,-0.447196,0.0,-0.999961,1.069,1.2247,0
-1.2247,1.41416,0.447196,-0.447196,0.0,0.999961,-1.33625,-1.2247,4
-1.2247,1.41416,0.447196,-0.447196,0.0,0.999961,-1.33625,0.0,4
-1.2247,1.41416,0.447196,-0.447196,0.0,0.999961,-1.33625,1.2247,0
-1.2247,1.41416,0.447196,-0.447196,0.0,0.999961,0.267251,-1.2247,4
-1.2247,1.41416,0.447196,-0.447196,0.0,0.999961,0.267251,0.0,4
-1.2247,1.41416,0.447196,-0.447196,0.0,0.999961,0.267251,1.2247,0
-1.2247,1.41416,0.447196,-0.447196,0.0,0.999961,1.069,-1.2247,4
-1.2247,1.41416,0.447196,-0.447196,0.0,0.999961,1.069,0.0,4
-1.2247,1.41416,0.447196,-0.447196,0.0,0.999961,1.069,1.2247,0
-1.2247,1.41416,0.447196,-0.447196,1.2247,-0.999961,-1.33625,-1.2247,4
-1.2247,1.41416,0.447196,-0.447196,1.2247,-0.999961,-1.33625,0.0,4
-1.2247,1.41416,0.447196,-0.447196,1.2247,-0.999961,-1.33625,1.2247,0
-1.2247,1.41416,0.447196,-0.447196,1.2247,-0.999961,0.267251,-1.2247,4
-1.2247,1.41416,0.447196,-0.447196,1.2247,-0.999961,0.267251,0.0,4
-1.2247,1.41416,0.447196,-0.447196,1.2247,-0.999961,0.267251,1.2247,0
-1.2247,1.41416,0.447196,-0.447196,1.2247,-0.999961,1.069,-1.2247,4
-1.2247,1.41416,0.447196,-0.447196,1.2247,-0.999961,1.069,0.0,4
-1.2247,1.41416,0.447196,-0.447196,1.2247,-0.999961,1.069,1.2247,0
-1.2247,1.41416,0.447196,-0.447196,1.2247,0.999961,-1.33625,-1.2247,4
-1.2247,1.41416,0.447196,-0.447196,1.2247,0.999961,-1.33625,0.0,4
-1.2247,1.41416,0.447196,-0.447196,1.2247,0.999961,-1.33625,1.2247,0
-1.2247,1.41416,0.447196,-0.447196,1.2247,0.999961,0.267251,-1.2247,4
-1.2247,1.41416,0.447196,-0.447196,1.2247,0.999961,0.267251,0.0,4
-1.2247,1.41416,0.447196,-0.447196,1.2247,0.999961,0.267251,1.2247,0
-1.2247,1.41416,0.447196,-0.447196,1.2247,0.999961,1.069,-1.2247,4
-1.2247,1.41416,0.447196,-0.447196,1.2247,0.999961,1.069,0.0,4
-1.2247,1.41416,0.447196,-0.447196,1.2247,0.999961,1.069,1.2247,0
-1.2247,1.41416,0.447196,0.447196,-1.2247,-0.999961,-1.33625,-1.2247,3
-1.2247,1.41416,0.447196,0.447196,-1.2247,-0.999961,-1.33625,0.0,4
-1.2247,1.41416,0.447196,0.447196,-1.2247,-0.999961,-1.33625,1.2247,0
-1.2247,1.41416,0.447196,0.447196,-1.2247,-0.999961,0.267251,-1.2247,3
-1.2247,1.41416,0.447196,0.447196,-1.2247,-0.999961,0.267251,0.0,4
-1.2247,1.41416,0.447196,0.447196,-1.2247,-0.999961,0.267251,1.2247,0
-1.2247,1.41416,0.447196,0.447196,-1.2247,-0.999961,1.069,-1.2247,4
-1.2247,1.41416,0.447196,0.447196,-1.2247,-0.999961,1.069,0.0,4
-1.2247,1.41416,0.447196,0.447196,-1.2247,-0.999961,1.069,1.2247,0
-1.2247,1.41416,0.447196,0.447196,-1.2247,0.999961,-1.33625,-1.2247,4
-1.2247,1.41416,0.447196,0.447196,-1.2247,0.999961,-1.33625,0.0,4
-1.2247,1.41416,0.447196,0.447196,-1.2247,0.999961,-1.33625,1.2247,0
-1.2247,1.41416,0.447196,0.447196,-1.2247,0.999961,0.267251,-1.2247,4
-1.2247,1.41416,0.447196,0.447196,-1.2247,0.999961,0.267251,0.0,4
-1.2247,1.41416,0.447196,0.447196,-1.2247,0.999961,0.267251,1.2247,0
-1.2247,1.41416,0.447196,0.447196,-1.2247,0.999961,1.069,-1.2247,4
-1.2247,1.41416,0.447196,0.447196,-1.2247,0.999961,1.069,0.0,4
-1.2247,1.41416,0.447196,0.447196,-1.2247,0.999961,1.069,1.2247,0
-1.2247,1.41416,0.447196,0.447196,0.0,-0.999961,-1.33625,-1.2247,4
-1.2247,1.41416,0.447196,0.447196,0.0,-0.999961,-1.33625,0.0,4
-1.2247,1.41416,0.447196,0.447196,0.0,-0.999961,-1.33625,1.2247,0
-1.2247,1.41416,0.447196,0.447196,0.0,-0.999961,0.267251,-1.2247,4
-1.2247,1.41416,0.447196,0.447196,0.0,-0.999961,0.267251,0.0,4
-1.2247,1.41416,0.447196,0.447196,0.0,-0.999961,0.267251,1.2247,0
-1.2247,1.41416,0.447196,0.447196,0.0,-0.999961,1.069,-1.2247,4
-1.2247,1.41416,0.447196,0.447196,0.0,-0.999961,1.069,0.0,4
-1.2247,1.41416,0.447196,0.447196,0.0,-0.999961,1.069,1.2247,0
-1.2247,1.41416,0.447196,0.447196,0.0,0.999961,-1.33625,-1.2247,4
-1.2247,1.41416,0.447196,0.447196,0.0,0.999961,-1.33625,0.0,4
-1.2247,1.41416,0.447196,0.447196,0.0,0.999961,-1.33625,1.2247,0
-1.2247,1.41416,0.447196,0.447196,0.0,0.999961,0.267251,-1.2247,4
-1.2247,1.41416,0.447196,0.447196,0.0,0.999961,0.267251,0.0,4
-1.2247,1.41416,0.447196,0.447196,0.0,0.999961,0.267251,1.2247,0
-1.2247,1.41416,0.447196,0.447196,0.0,0.999961,1.069,-1.2247,4
-1.2247,1.41416,0.447196,0.447196,0.0,0.999961,1.069,0.0,4
-1.2247,1.41416,0.447196,0.447196,0.0,0.999961,1.069,1.2247,0
-1.2247,1.41416,0.447196,0.447196,1.2247,-0.999961,-1.33625,-1.2247,4
-1.2247,1.41416,0.447196,0.447196,1.2247,-0.999961,-1.33625,0.0,4
-1.2247,1.41416,0.447196,0.447196,1.2247,-0.999961,-1.33625,1.2247,0
-1.2247,1.41416,0.447196,0.447196,1.2247,-0.999961,0.267251,-1.2247,4
-1.2247,1.41416,0.447196,0.447196,1.2247,-0.999961,0.267251,0.0,4
-1.2247,1.41416,0.447196,0.447196,1.2247,-0.999961,0.267251,1.2247,0
-1.2247,1.41416,0.447196,0.447196,1.2247,-0.999961,1.069,-1.2247,4
-1.2247,1.41416,0.447196,0.447196,1.2247,-0.999961,1.069,0.0,4
-1.2247,1.41416,0.447196,0.447196,1.2247,-0.999961,1.069,1.2247,0
-1.2247,1.41416,0.447196,0.447196,1.2247,0.999961,-1.33625,-1.2247,4
-1.2247,1.41416,0.447196,0.447196,1.2247,0.999961,-1.33625,0.0,4
-1.2247,1.41416,0.447196,0.447196,1.2247,0.999961,-1.33625,1.2247,0
-1.2247,1.41416,0.447196,0.447196,1.2247,0.999961,0.267251,-1.2247,4
-1.2247,1.41416,0.447196,0.447196,1.2247,0.999961,0.267251,0.0,4
-1.2247,1.41416,0.447196,0.447196,1.2247,0.999961,0.267251,1.2247,0
-1.2247,1.41416,0.447196,0.447196,1.2247,0.999961,1.069,-1.2247,4
-1.2247,1.41416,0.447196,0.447196,1.2247,0.999961,1.069,0.0,4
-1.2247,1.41416,0.447196,0.447196,1.2247,0.999961,1.069,1.2247,0
-1.2247,1.41416,0.447196,1.34159,-1.2247,-0.999961,-1.33625,-1.2247,3
-1.2247,1.41416,0.447196,1.34159,-1.2247,-0.999961,-1.33625,0.0,4
-1.2247,1.41416,0.447196,1.34159,-1.2247,-0.999961,-1.33625,1.2247,0
-1.2247,1.41416,0.447196,1.34159,-1.2247,-0.999961,0.267251,-1.2247,3
-1.2247,1.41416,0.447196,1.34159,-1.2247,-0.999961,0.267251,0.0,4
-1.2247,1.41416,0.447196,1.34159,-1.2247,-0.999961,0.267251,1.2247,0
-1.2247,1.41416,0.447196,1.34159,-1.2247,-0.999961,1.069,-1.2247,4
-1.2247,1.41416,0.447196,1.34159,-1.2247,-0.999961,1.069,0.0,4
-1.2247,1.41416,0.447196,1.34159,-1.2247,-0.999961,1.069,1.2247,0
-1.2247,1.41416,0.447196,1.34159,-1.2247,0.999961,-1.33625,-1.2247,4
-1.2247,1.41416,0.447196,1.34159,-1.2247,0.999961,-1.33625,0.0,4
-1.2247,1.41416,0.447196,1.34159,-1.2247,0.999961,-1.33625,1.2247,0
-1.2247,1.41416,0.447196,1.34159,-1.2247,0.999961,0.267251,-1.2247,4
-1.2247,1.41416,0.447196,1.34159,-1.2247,0.999961,0.267251,0.0,4
-1.2247,1.41416,0.447196,1.34159,-1.2247,0.999961,0.267251,1.2247,0
-1.2247,1.41416,0.447196,1.34159,-1.2247,0.999961,1.069,-1.2247,4
-1.2247,1.41416,0.447196,1.34159,-1.2247,0.999961,1.069,0.0,4
-1.2247,1.41416,0.447196,1.34159,-1.2247,0.999961,1.069,1.2247,0
-1.2247,1.41416,0.447196,1.34159,0.0,-0.999961,-1.33625,-1.2247,4
-1.2247,1.41416,0.447196,1.34159,0.0,-0.999961,-1.33625,0.0,4
-1.2247,1.41416,0.447196,1.34159,0.0,-0.999961,-1.33625,1.2247,0
-1.2247,1.41416,0.447196,1.34159,0.0,-0.999961,0.267251,-1.2247,4
-1.2247,1.41416,0.447196,1.34159,0.0,-0.999961,0.267251,0.0,4
-1.2247,1.41416,0.447196,1.34159,0.0,-0.999961,0.267251,1.2247,0
-1.2247,1.41416,0.447196,1.34159,0.0,-0.999961,1.069,-1.2247,4
-1.2247,1.41416,0.447196,1.34159,0.0,-0.999961,1.069,0.0,4
-1.2247,1.41416,0.447196,1.34159,0.0,-0.999961,1.069,1.2247,0
-1.2247,1.41416,0.447196,1.34159,0.0,0.999961,-1.33625,-1.2247,4
-1.2247,1.41416,0.447196,1.34159,0.0,0.999961,-1.33625,0.0,4
-1.2247,1.41416,0.447196,1.34159,0.0,0.999961,-1.33625,1.2247,0
-1.2247,1.41416,0.447196,1.34159,0.0,0.999961,0.267251,-1.2247,4
-1.2247,1.41416,0.447196,1.34159,0.0,0.999961,0.267251,0.0,4
-1.2247,1.41416,0.447196,1.34159,0.0,0.999961,0.267251,1.2247,0
-1.2247,1.41416,0.447196,1.34159,0.0,0.999961,1.069,-1.2247,4
-1.2247,1.41416,0.447196,1.34159,0.0,0.999961,1.069,0.0,4
-1.2247,1.41416,0.447196,1.34159,0.0,0.999961,1.069,1.2247,0
-1.2247,1.41416,0.447196,1.34159,1.2247,-0.999961,-1.33625,-1.2247,4
-1.2247,1.41416,0.447196,1.34159,1.2247,-0.999961,-1.33625,0.0,4
-1.2247,1.41416,0.447196,1.34159,1.2247,-0.999961,-1.33625,1.2247,0
-1.2247,1.41416,0.447196,1.34159,1.2247,-0.999961,0.267251,-1.2247,4
-1.2247,1.41416,0.447196,1.34159,1.2247,-0.999961,0.267251,0.0,4
-1.2247,1.41416,0.447196,1.34159,1.2247,-0.999961,0.267251,1.2247,0
-1.2247,1.41416,0.447196,1.34159,1.2247,-0.999961,1.069,-1.2247,4
-1.2247,1.41416,0.447196,1.34159,1.2247,-0.999961,1.069,0.0,4
-1.2247,1.41416,0.447196,1.34159,1.2247,-0.999961,1.069,1.2247,0
-1.2247,1.41416,0.447196,1.34159,1.2247,0.999961,-1.33625,-1.2247,4
-1.2247,1.41416,0.447196,1.34159,1.2247,0.999961,-1.33625,0.0,4
-1.2247,1.41416,0.447196,1.34159,1.2247,0.999961,-1.33625,1.2247,0
-1.2247,1.41416,0.447196,1.34159,1.2247,0.999961,0.267251,-1.2247,4
-1.2247,1.41416,0.447196,1.34159,1.2247,0.999961,0.267251,0.0,4
-1.2247,1.41416,0.447196,1.34159,1.2247,0.999961,0.267251,1.2247,0
-1.2247,1.41416,0.447196,1.34159,1.2247,0.999961,1.069,-1.2247,4
-1.2247,1.41416,0.447196,1.34159,1.2247,0.999961,1.069,0.0,4
-1.2247,1.41416,0.447196,1.34159,1.2247,0.999961,1.069,1.2247,0
-1.2247,1.41416,1.34159,-1.34159,-1.2247,-0.999961,-1.33625,-1.2247,3
-1.2247,1.41416,1.34159,-1.34159,-1.2247,-0.999961,-1.33625,0.0,4
-1.2247,1.41416,1.34159,-1.34159,-1.2247,-0.999961,-1.33625,1.2247,0
-1.2247,1.41416,1.34159,-1.34159,-1.2247,-0.999961,0.267251,-1.2247,3
-1.2247,1.41416,1.34159,-1.34159,-1.2247,-0.999961,0.267251,0.0,4
-1.2247,1.41416,1.34159,-1.34159,-1.2247,-0.999961,0.267251,1.2247,0
-1.2247,1.41416,1.34159,-1.34159,-1.2247,-0.999961,1.069,-1.2247,4
-1.2247,1.41416,1.34159,-1.34159,-1.2247,-0.999961,1.069,0.0,4
-1.2247,1.41416,1.34159,-1.34159,-1.2247,-0.999961,1.069,1.2247,0
-1.2247,1.41416,1.34159,-1.34159,-1.2247,0.999961,-1.33625,-1.2247,4
-1.2247,1.41416,1.34159,-1.34159,-1.2247,0.999961,-1.33625,0.0,4
-1.2247,1.41416,1.34159,-1.34159,-1.2247,0.999961,-1.33625,1.2247,0
-1.2247,1.41416,1.34159,-1.34159,-1.2247,0.999961,0.267251,-1.2247,4
-1.2247,1.41416,1.34159,-1.34159,-1.2247,0.999961,0.267251,0.0,4
-1.2247,1.41416,1.34159,-1.34159,-1.2247,0.999961,0.267251,1.2247,0
-1.2247,1.41416,1.34159,-1.34159,-1.2247,0.999961,1.069,-1.2247,4
-1.2247,1.41416,1.34159,-1.34159,-1.2247,0.999961,1.069,0.0,4
-1.2247,1.41416,1.34159,-1.34159,-1.2247,0.999961,1.069,1.2247,0
-1.2247,1.41416,1.34159,-1.34159,0.0,-0.999961,-1.33625,-1.2247,4
-1.2247,1.41416,1.34159,-1.34159,0.0,-0.999961,-1.33625,0.0,4
-1.2247,1.41416,1.34159,-1.34159,0.0,-0.999961,-1.33625,1.2247,0
-1.2247,1.41416,1.34159,-1.34159,0.0,-0.999961,0.267251,-1.2247,4
-1.2247,1.41416,1.34159,-1.34159,0.0,-0.999961,0.267251,0.0,4
-1.2247,1.41416,1.34159,-1.34159,0.0,-0.999961,0.267251,1.2247,0
-1.2247,1.41416,1.34159,-1.34159,0.0,-0.999961,1.069,-1.2247,4
-1.2247,1.41416,1.34159,-1.34159,0.0,-0.999961,1.069,0.0,4
-1.2247,1.41416,1.34159,-1.34159,0.0,-0.999961,1.069,1.2247,0
-1.2247,1.41416,1.34159,-1.34159,0.0,0.999961,-1.33625,-1.2247,4
-1.2247,1.41416,1.34159,-1.34159,0.0,0.999961,-1.33625,0.0,4
-1.2247,1.41416,1.34159,-1.34159,0.0,0.999961,-1.33625,1.2247,0
-1.2247,1.41416,1.34159,-1.34159,0.0,0.999961,0.267251,-1.2247,4
-1.2247,1.41416,1.34159,-1.34159,0.0,0.999961,0.267251,0.0,4
-1.2247,1.41416,1.34159,-1.34159,0.0,0.999961,0.267251,1.2247,0
-1.2247,1.41416,1.34159,-1.34159,0.0,0.999961,1.069,-1.2247,4
-1.2247,1.41416,1.34159,-1.34159,0.0,0.999961,1.069,0.0,4
-1.2247,1.41416,1.34159,-1.34159,0.0,0.999961,1.069,1.2247,0
-1.2247,1.41416,1.34159,-1.34159,1.2247,-0.999961,-1.33625,-1.2247,4
-1.2247,1.41416,1.34159,-1.34159,1.2247,-0.999961,-1.33625,0.0,4
-1.2247,1.41416,1.34159,-1.34159,1.2247,-0.999961,-1.33625,1.2247,0
-1.2247,1.41416,1.34159,-1.34159,1.2247,-0.999961,0.267251,-1.2247,4
-1.2247,1.41416,1.34159,-1.34159,1.2247,-0.999961,0.267251,0.0,4
-1.2247,1.41416,1.34159,-1.34159,1.2247,-0.999961,0.267251,1.2247,0
-1.2247,1.41416,1.34159,-1.34159,1.2247,-0.999961,1.069,-1.2247,4
-1.2247,1.41416,1.34159,-1.34159,1.2247,-0.999961,1.069,0.0,4
-1.2247,1.41416,1.34159,-1.34159,1.2247,-0.999961,1.069,1.2247,0
-1.2247,1.41416,1.34159,-1.34159,1.2247,0.999961,-1.33625,-1.2247,4
-1.2247,1.41416,1.34159,-1.34159,1.2247,0.999961,-1.33625,0.0,4
-1.2247,1.41416,1.34159,-1.34159,1.2247,0.999961,-1.33625,1.2247,0
-1.2247,1.41416,1.34159,-1.34159,1.2247,0.999961,0.267251,-1.2247,4
-1.2247,1.41416,1.34159,-1.34159,1.2247,0.999961,0.267251,0.0,4
-1.2247,1.41416,1.34159,-1.34159,1.2247,0.999961,0.267251,1.2247,0
-1.2247,1.41416,1.34159,-1.34159,1.2247,0.999961,1.069,-1.2247,4
-1.2247,1.41416,1.34159,-1.34159,1.2247,0.999961,1.069,0.0,4
-1.2247,1.41416,1.34159,-1.34159,1.2247,0.999961,1.069,1.2247,0
-1.2247,1.41416,1.34159,-0.447196,-1.2247,-0.999961,-1.33625,-1.2247,3
-1.2247,1.41416,1.34159,-0.447196,-1.2247,-0.999961,-1.33625,0.0,4
-1.2247,1.41416,1.34159,-0.447196,-1.2247,-0.999961,-1.33625,1.2247,0
-1.2247,1.41416,1.34159,-0.447196,-1.2247,-0.999961,0.267251,-1.2247,3
-1.2247,1.41416,1.34159,-0.447196,-1.2247,-0.999961,0.267251,0.0,4
-1.2247,1.41416,1.34159,-0.447196,-1.2247,-0.999961,0.267251,1.2247,0
-1.2247,1.41416,1.34159,-0.447196,-1.2247,-0.999961,1.069,-1.2247,4
-1.2247,1.41416,1.34159,-0.447196,-1.2247,-0.999961,1.069,0.0,4
-1.2247,1.41416,1.34159,-0.447196,-1.2247,-0.999961,1.069,1.2247,0
-1.2247,1.41416,1.34159,-0.447196,-1.2247,0.999961,-1.33625,-1.2247,4
-1.2247,1.41416,1.34159,-0.447196,-1.2247,0.999961,-1.33625,0.0,4
-1.2247,1.41416,1.34159,-0.447196,-1.2247,0.999961,-1.33625,1.2247,0
-1.2247,1.41416,1.34159,-0.447196,-1.2247,0.999961,0.267251,-1.2247,4
-1.2247,1.41416,1.34159,-0.447196,-1.2247,0.999961,0.267251,0.0,4
-1.2247,1.41416,1.34159,-0.447196,-1.2247,0.999961,0.267251,1.2247,0
-1.2247,1.41416,1.34159,-0.447196,-1.2247,0.999961,1.069,-1.2247,4
-1.2247,1.41416,1.34159,-0.447196,-1.2247,0.999961,1.069,0.0,4
-1.2247,1.41416,1.34159,-0.447196,-1.2247,0.999961,1.069,1.2247,0
-1.2247,1.41416,1.34159,-0.447196,0.0,-0.999961,-1.33625,-1.2247,4
-1.2247,1.41416,1.34159,-0.447196,0.0,-0.999961,-1.33625,0.0,4
-1.2247,1.41416,1.34159,-0.447196,0.0,-0.999961,-1.33625,1.2247,0
-1.2247,1.41416,1.34159,-0.447196,0.0,-0.999961,0.267251,-1.2247,4
-1.2247,1.41416,1.34159,-0.447196,0.0,-0.999961,0.267251,0.0,4
-1.2247,1.41416,1.34159,-0.447196,0.0,-0.999961,0.267251,1.2247,0
-1.2247,1.41416,1.34159,-0.447196,0.0,-0.999961,1.069,-1.2247,4
-1.2247,1.41416,1.34159,-0.447196,0.0,-0.999961,1.069,0.0,4
-1.2247,1.41416,1.34159,-0.447196,0.0,-0.999961,1.069,1.2247,0
-1.2247,1.41416,1.34159,-0.447196,0.0,0.999961,-1.33625,-1.2247,4
-1.2247,1.41416,1.34159,-0.447196,0.0,0.999961,-1.33625,0.0,4
-1.2247,1.41416,1.34159,-0.447196,0.0,0.999961,-1.33625,1.2247,0
-1.2247,1.41416,1.34159,-0.447196,0.0,0.999961,0.267251,-1.2247,4
-1.2247,1.41416,1.34159,-0.447196,0.0,0.999961,0.267251,0.0,4
-1.2247,1.41416,1.34159,-0.447196,0.0,0.999961,0.267251,1.2247,0
-1.2247,1.41416,1.34159,-0.447196,0.0,0.999961,1.069,-1.2247,4
-1.2247,1.41416,1.34159,-0.447196,0.0,0.999961,1.069,0.0,4
-1.2247,1.41416,1.34159,-0.447196,0.0,0.999961,1.069,1.2247,0
-1.2247,1.41416,1.34159,-0.447196,1.2247,-0.999961,-1.33625,-1.2247,4
-1.2247,1.41416,1.34159,-0.447196,1.2247,-0.999961,-1.33625,0.0,4
-1.2247,1.41416,1.34159,-0.447196,1.2247,-0.999961,-1.33625,1.2247,0
-1.2247,1.41416,1.34159,-0.447196,1.2247,-0.999961,0.267251,-1.2247,4
-1.2247,1.41416,1.34159,-0.447196,1.2247,-0.999961,0.267251,0.0,4
-1.2247,1.41416,1.34159,-0.447196,1.2247,-0.999961,0.267251,1.2247,0
-1.2247,1.41416,1.34159,-0.447196,1.2247,-0.999961,1.069,-1.2247,4
-1.2247,1.41416,1.34159,-0.447196,1.2247,-0.999961,1.069,0.0,4
-1.2247,1.41416,1.34159,-0.447196,1.2247,-0.999961,1.069,1.2247,0
-1.2247,1.41416,1.34159,-0.447196,1.2247,0.999961,-1.33625,-1.2247,4
-1.2247,1.41416,1.34159,-0.447196,1.2247,0.999961,-1.33625,0.0,4
-1.2247,1.41416,1.34159,-0.447196,1.2247,0.999961,-1.33625,1.2247,0
-1.2247,1.41416,1.34159,-0.447196,1.2247,0.999961,0.267251,-1.2247,4
-1.2247,1.41416,1.34159,-0.447196,1.2247,0.999961,0.267251,0.0,4
-1.2247,1.41416,1.34159,-0.447196,1.2247,0.999961,0.267251,1.2247,0
-1.2247,1.41416,1.34159,-0.447196,1.2247,0.999961,1.069,-1.2247,4
-1.2247,1.41416,1.34159,-0.447196,1.2247,0.999961,1.069,0.0,4
-1.2247,1.41416,1.34159,-0.447196,1.2247,0.999961,1.069,1.2247,0
-1.2247,1.41416,1.34159,0.447196,-1.2247,-0.999961,-1.33625,-1.2247,3
-1.2247,1.41416,1.34159,0.447196,-1.2247,-0.999961,-1.33625,0.0,4
-1.2247,1.41416,1.34159,0.447196,-1.2247,-0.999961,-1.33625,1.2247,0
-1.2247,1.41416,1.34159,0.447196,-1.2247,-0.999961,0.267251,-1.2247,3
-1.2247,1.41416,1.34159,0.447196,-1.2247,-0.999961,0.267251,0.0,4
-1.2247,1.41416,1.34159,0.447196,-1.2247,-0.999961,0.267251,1.2247,0
-1.2247,1.41416,1.34159,0.447196,-1.2247,-0.999961,1.069,-1.2247,4
-1.2247,1.41416,1.34159,0.447196,-1.2247,-0.999961,1.069,0.0,4
-1.2247,1.41416,1.34159,0.447196,-1.2247,-0.999961,1.069,1.2247,0
-1.2247,1.41416,1.34159,0.447196,-1.2247,0.999961,-1.33625,-1.2247,4
-1.2247,1.41416,1.34159,0.447196,-1.2247,0.999961,-1.33625,0.0,4
-1.2247,1.41416,1.34159,0.447196,-1.2247,0.999961,-1.33625,1.2247,0
-1.2247,1.41416,1.34159,0.447196,-1.2247,0.999961,0.267251,-1.2247,4
-1.2247,1.41416,1.34159,0.447196,-1.2247,0.999961,0.267251,0.0,4
-1.2247,1.41416,1.34159,0.447196,-1.2247,0.999961,0.267251,1.2247,0
-1.2247,1.41416,1.34159,0.447196,-1.2247,0.999961,1.069,-1.2247,4
-1.2247,1.41416,1.34159,0.447196,-1.2247,0.999961,1.069,0.0,4
-1.2247,1.41416,1.34159,0.447196,-1.2247,0.999961,1.069,1.2247,0
-1.2247,1.41416,1.34159,0.447196,0.0,-0.999961,-1.33625,-1.2247,4
-1.2247,1.41416,1.34159,0.447196,0.0,-0.999961,-1.33625,0.0,4
-1.2247,1.41416,1.34159,0.447196,0.0,-0.999961,-1.33625,1.2247,0
-1.2247,1.41416,1.34159,0.447196,0.0,-0.999961,0.267251,-1.2247,4
-1.2247,1.41416,1.34159,0.447196,0.0,-0.999961,0.267251,0.0,4
-1.2247,1.41416,1.34159,0.447196,0.0,-0.999961,0.267251,1.2247,0
-1.2247,1.41416,1.34159,0.447196,0.0,-0.999961,1.069,-1.2247,4
-1.2247,1.41416,1.34159,0.447196,0.0,-0.999961,1.069,0.0,4
-1.2247,1.41416,1.34159,0.447196,0.0,-0.999961,1.069,1.2247,0
-1.2247,1.41416,1.34159,0.447196,0.0,0.999961,-1.33625,-1.2247,4
-1.2247,1.41416,1.34159,0.447196,0.0,0.999961,-1.33625,0.0,4
-1.2247,1.41416,1.34159,0.447196,0.0,0.999961,-1.33625,1.2247,0
-1.2247,1.41416,1.34159,0.447196,0.0,0.999961,0.267251,-1.2247,4
-1.2247,1.41416,1.34159,0.447196,0.0,0.999961,0.267251,0.0,4
-1.2247,1.41416,1.34159,0.447196,0.0,0.999961,0.267251,1.2247,0
-1.2247,1.41416,1.34159,0.447196,0.0,0.999961,1.069,-1.2247,4
-1.2247,1.41416,1.34159,0.447196,0.0,0.999961,1.069,0.0,4
-1.2247,1.41416,1.34159,0.447196,0.0,0.999961,1.069,1.2247,0
-1.2247,1.41416,1.34159,0.447196,1.2247,-0.999961,-1.33625,-1.2247,4
-1.2247,1.41416,1.34159,0.447196,1.2247,-0.999961,-1.33625,0.0,4
-1.2247,1.41416,1.34159,0.447196,1.2247,-0.999961,-1.33625,1.2247,0
-1.2247,1.41416,1.34159,0.447196,1.2247,-0.999961,0.267251,-1.2247,4
-1.2247,1.41416,1.34159,0.447196,1.2247,-0.999961,0.267251,0.0,4
-1.2247,1.41416,1.34159,0.447196,1.2247,-0.999961,0.267251,1.2247,0
-1.2247,1.41416,1.34159,0.447196,1.2247,-0.999961,1.069,-1.2247,4
-1.2247,1.41416,1.34159,0.447196,1.2247,-0.999961,1.069,0.0,4
-1.2247,1.41416,1.34159,0.447196,1.2247,-0.999961,1.069,1.2247,0
-1.2247,1.41416,1.34159,0.447196,1.2247,0.999961,-1.33625,-1.2247,4
-1.2247,1.41416,1.34159,0.447196,1.2247,0.999961,-1.33625,0.0,4
-1.2247,1.41416,1.34159,0.447196,1.2247,0.999961,-1.33625,1.2247,0
-1.2247,1.41416,1.34159,0.447196,1.2247,0.999961,0.267251,-1.2247,4
-1.2247,1.41416,1.34159,0.447196,1.2247,0.999961,0.267251,0.0,4
-1.2247,1.41416,1.34159,0.447196,1.2247,0.999961,0.267251,1.2247,0
-1.2247,1.41416,1.34159,0.447196,1.2247,0.999961,1.069,-1.2247,4
-1.2247,1.41416,1.34159,0.447196,1.2247,0.999961,1.069,0.0,4
-1.2247,1.41416,1.34159,0.447196,1.2247,0.999961,1.069,1.2247,0
-1.2247,1.41416,1.34159,1.34159,-1.2247,-0.999961,-1.33625,-1.2247,3
-1.2247,1.41416,1.34159,1.34159,-1.2247,-0.999961,-1.33625,0.0,4
-1.2247,1.41416,1.34159,1.34159,-1.2247,-0.999961,-1.33625,1.2247,0
-1.2247,1.41416,1.34159,1.34159,-1.2247,-0.999961,0.267251,-1.2247,3
-1.2247,1.41416,1.34159,1.34159,-1.2247,-0.999961,0.267251,0.0,4
-1.2247,1.41416,1.34159,1.34159,-1.2247,-0.999961,0.267251,1.2247,0
-1.2247,1.41416,1.34159,1.34159,-1.2247,-0.999961,1.069,-1.2247,4
-1.2247,1.41416,1.34159,1.34159,-1.2247,-0.999961,1.069,0.0,4
-1.2247,1.41416,1.34159,1.34159,-1.2247,-0.999961,1.069,1.2247,0
-1.2247,1.41416,1.34159,1.34159,-1.2247,0.999961,-1.33625,-1.2247,4
-1.2247,1.41416,1.34159,1.34159,-1.2247,0.999961,-1.33625,0.0,4
-1.2247,1.41416,1.34159,1.34159,-1.2247,0.999961,-1.33625,1.2247,0
-1.2247,1.41416,1.34159,1.34159,-1.2247,0.999961,0.267251,-1.2247,4
-1.2247,1.41416,1.34159,1.34159,-1.2247,0.999961,0.267251,0.0,4
-1.2247,1.41416,1.34159,1.34159,-1.2247,0.999961,0.267251,1.2247,0
-1.2247,1.41416,1.34159,1.34159,-1.2247,0.999961,1.069,-1.2247,4
-1.2247,1.41416,1.34159,1.34159,-1.2247,0.999961,1.069,0.0,4
-1.2247,1.41416,1.34159,1.34159,-1.2247,0.999961,1.069,1.2247,0
-1.2247,1.41416,1.34159,1.34159,0.0,-0.999961,-1.33625,-1.2247,4
-1.2247,1.41416,1.34159,1.34159,0.0,-0.999961,-1.33625,0.0,4
-1.2247,1.41416,1.34159,1.34159,0.0,-0.999961,-1.33625,1.2247,0
-1.2247,1.41416,1.34159,1.34159,0.0,-0.999961,0.267251,-1.2247,4
-1.2247,1.41416,1.34159,1.34159,0.0,-0.999961,0.267251,0.0,4
-1.2247,1.41416,1.34159,1.34159,0.0,-0.999961,0.267251,1.2247,0
-1.2247,1.41416,1.34159,1.34159,0.0,-0.999961,1.069,-1.2247,4
-1.2247,1.41416,1.34159,1.34159,0.0,-0.999961,1.069,0.0,4
-1.2247,1.41416,1.34159,1.34159,0.0,-0.999961,1.069,1.2247,0
-1.2247,1.41416,1.34159,1.34159,0.0,0.999961,-1.33625,-1.2247,4
-1.2247,1.41416,1.34159,1.34159,0.0,0.999961,-1.33625,0.0,4
-1.2247,1.41416,1.34159,1.34159,0.0,0.999961,-1.33625,1.2247,0
-1.2247,1.41416,1.34159,1.34159,0.0,0.999961,0.267251,-1.2247,4
-1.2247,1.41416,1.34159,1.34159,0.0,0.999961,0.267251,0.0,4
-1.2247,1.41416,1.34159,1.34159,0.0,0.999961,0.267251,1.2247,0
-1.2247,1.41416,1.34159,1.34159,0.0,0.999961,1.069,-1.2247,4
-1.2247,1.41416,1.34159,1.34159,0.0,0.999961,1.069,0.0,4
-1.2247,1.41416,1.34159,1.34159,0.0,0.999961,1.069,1.2247,0
-1.2247,1.41416,1.34159,1.34159,1.2247,-0.999961,-1.33625,-1.2247,4
-1.2247,1.41416,1.34159,1.34159,1.2247,-0.999961,-1.33625,0.0,4
-1.2247,1.41416,1.34159,1.34159,1.2247,-0.999961,-1.33625,1.2247,0
-1.2247,1.41416,1.34159,1.34159,1.2247,-0.999961,0.267251,-1.2247,4
-1.2247,1.41416,1.34159,1.34159,1.2247,-0.999961,0.267251,0.0,4
-1.2247,1.41416,1.34159,1.34159,1.2247,-0.999961,0.267251,1.2247,0
-1.2247,1.41416,1.34159,1.34159,1.2247,-0.999961,1.069,-1.2247,4
-1.2247,1.41416,1.34159,1.34159,1.2247,-0.999961,1.069,0.0,4
-1.2247,1.41416,1.34159,1.34159,1.2247,-0.999961,1.069,1.2247,0
-1.2247,1.41416,1.34159,1.34159,1.2247,0.999961,-1.33625,-1.2247,4
-1.2247,1.41416,1.34159,1.34159,1.2247,0.999961,-1.33625,0.0,4
-1.2247,1.41416,1.34159,1.34159,1.2247,0.999961,-1.33625,1.2247,0
-1.2247,1.41416,1.34159,1.34159,1.2247,0.999961,0.267251,-1.2247,4
-1.2247,1.41416,1.34159,1.34159,1.2247,0.999961,0.267251,0.0,4
-1.2247,1.41416,1.34159,1.34159,1.2247,0.999961,0.267251,1.2247,0
-1.2247,1.41416,1.34159,1.34159,1.2247,0.999961,1.069,-1.2247,4
-1.2247,1.41416,1.34159,1.34159,1.2247,0.999961,1.069,0.0,4
-1.2247,1.41416,1.34159,1.34159,1.2247,0.999961,1.069,1.2247,0
0.0,-1.41416,-1.34159,-1.34159,-1.2247,-0.999961,-1.33625,-1.2247,2
0.0,-1.41416,-1.34159,-1.34159,-1.2247,-0.999961,-1.33625,0.0,3
0.0,-1.41416,-1.34159,-1.34159,-1.2247,-0.999961,-1.33625,1.2247,0
0.0,-1.41416,-1.34159,-1.34159,-1.2247,-0.999961,0.267251,-1.2247,2
0.0,-1.41416,-1.34159,-1.34159,-1.2247,-0.999961,0.267251,0.0,3
0.0,-1.41416,-1.34159,-1.34159,-1.2247,-0.999961,0.267251,1.2247,0
0.0,-1.41416,-1.34159,-1.34159,-1.2247,-0.999961,1.069,-1.2247,3
0.0,-1.41416,-1.34159,-1.34159,-1.2247,-0.999961,1.069,0.0,3
0.0,-1.41416,-1.34159,-1.34159,-1.2247,-0.999961,1.069,1.2247,0
0.0,-1.41416,-1.34159,-1.34159,-1.2247,0.999961,-1.33625,-1.2247,2
0.0,-1.41416,-1.34159,-1.34159,-1.2247,0.999961,-1.33625,0.0,3
0.0,-1.41416,-1.34159,-1.34159,-1.2247,0.999961,-1.33625,1.2247,0
0.0,-1.41416,-1.34159,-1.34159,-1.2247,0.999961,0.267251,-1.2247,2
0.0,-1.41416,-1.34159,-1.34159,-1.2247,0.999961,0.267251,0.0,3
0.0,-1.41416,-1.34159,-1.34159,-1.2247,0.999961,0.267251,1.2247,0
0.0,-1.41416,-1.34159,-1.34159,-1.2247,0.999961,1.069,-1.2247,3
0.0,-1.41416,-1.34159,-1.34159,-1.2247,0.999961,1.069,0.0,3
0.0,-1.41416,-1.34159,-1.34159,-1.2247,0.999961,1.069,1.2247,0
0.0,-1.41416,-1.34159,-1.34159,0.0,-0.999961,-1.33625,-1.2247,2
0.0,-1.41416,-1.34159,-1.34159,0.0,-0.999961,-1.33625,0.0,3
0.0,-1.41416,-1.34159,-1.34159,0.0,-0.999961,-1.33625,1.2247,0
0.0,-1.41416,-1.34159,-1.34159,0.0,-0.999961,0.267251,-1.2247,2
0.0,-1.41416,-1.34159,-1.34159,0.0,-0.999961,0.267251,0.0,3
0.0,-1.41416,-1.34159,-1.34159,0.0,-0.999961,0.267251,1.2247,0
0.0,-1.41416,-1.34159,-1.34159,0.0,-0.999961,1.069,-1.2247,3
0.0,-1.41416,-1.34159,-1.34159,0.0,-0.999961,1.069,0.0,3
0.0,-1.41416,-1.34159,-1.34159,0.0,-0.999961,1.069,1.2247,0
0.0,-1.41416,-1.34159,-1.34159,0.0,0.999961,-1.33625,-1.2247,2
0.0,-1.41416,-1.34159,-1.34159,0.0,0.999961,-1.33625,0.0,3
0.0,-1.41416,-1.34159,-1.34159,0.0,0.999961,-1.33625,1.2247,0
0.0,-1.41416,-1.34159,-1.34159,0.0,0.999961,0.267251,-1.2247,2
0.0,-1.41416,-1.34159,-1.34159,0.0,0.999961,0.267251,0.0,3
0.0,-1.41416,-1.34159,-1.34159,0.0,0.999961,0.267251,1.2247,0
0.0,-1.41416,-1.34159,-1.34159,0.0,0.999961,1.069,-1.2247,3
0.0,-1.41416,-1.34159,-1.34159,0.0,0.999961,1.069,0.0,3
0.0,-1.41416,-1.34159,-1.34159,0.0,0.999961,1.069,1.2247,0
0.0,-1.41416,-1.34159,-1.34159,1.2247,-0.999961,-1.33625,-1.2247,2
0.0,-1.41416,-1.34159,-1.34159,1.2247,-0.999961,-1.33625,0.0,3
0.0,-1.41416,-1.34159,-1.34159,1.2247,-0.999961,-1.33625,1.2247,0
0.0,-1.41416,-1.34159,-1.34159,1.2247,-0.999961,0.267251,-1.2247,2
0.0,-1.41416,-1.34159,-1.34159,1.2247,-0.999961,0.267251,0.0,3
0.0,-1.41416,-1.34159,-1.34159,1.2247,-0.999961,0.267251,1.2247,0
0.0,-1.41416,-1.34159,-1.34159,1.2247,-0.999961,1.069,-1.2247,3
0.0,-1.41416,-1.34159,-1.34159,1.2247,-0.999961,1.069,0.0,3
0.0,-1.41416,-1.34159,-1.34159,1.2247,-0.999961,1.069,1.2247,0
0.0,-1.41416,-1.34159,-1.34159,1.2247,0.999961,-1.33625,-1.2247,2
0.0,-1.41416,-1.34159,-1.34159,1.2247,0.999961,-1.33625,0.0,3
0.0,-1.41416,-1.34159,-1.34159,1.2247,0.999961,-1.33625,1.2247,0
0.0,-1.41416,-1.34159,-1.34159,1.2247,0.999961,0.267251,-1.2247,2
0.0,-1.41416,-1.34159,-1.34159,1.2247,0.999961,0.267251,0.0,3
0.0,-1.41416,-1.34159,-1.34159,1.2247,0.999961,0.267251,1.2247,0
0.0,-1.41416,-1.34159,-1.34159,1.2247,0.999961,1.069,-1.2247,3
0.0,-1.41416,-1.34159,-1.34159,1.2247,0.999961,1.069,0.0,3
0.0,-1.41416,-1.34159,-1.34159,1.2247,0.999961,1.069,1.2247,0
0.0,-1.41416,-1.34159,-0.447196,-1.2247,-0.999961,-1.33625,-1.2247,2
0.0,-1.41416,-1.34159,-0.447196,-1.2247,-0.999961,-1.33625,0.0,3
0.0,-1.41416,-1.34159,-0.447196,-1.2247,-0.999961,-1.33625,1.2247,0
0.0,-1.41416,-1.34159,-0.447196,-1.2247,-0.999961,0.267251,-1.2247,2
0.0,-1.41416,-1.34159,-0.447196,-1.2247,-0.999961,0.267251,0.0,3
0.0,-1.41416,-1.34159,-0.447196,-1.2247,-0.999961,0.267251,1.2247,0
0.0,-1.41416,-1.34159,-0.447196,-1.2247,-0.999961,1.069,-1.2247,3
0.0,-1.41416,-1.34159,-0.447196,-1.2247,-0.999961,1.069,0.0,3
0.0,-1.41416,-1.34159,-0.447196,-1.2247,-0.999961,1.069,1.2247,0
0.0,-1.41416,-1.34159,-0.447196,-1.2247,0.999961,-1.33625,-1.2247,2
0.0,-1.41416,-1.34159,-0.447196,-1.2247,0.999961,-1.33625,0.0,3
0.0,-1.41416,-1.34159,-0.447196,-1.2247,0.999961,-1.33625,1.2247,0
0.0,-1.41416,-1.34159,-0.447196,-1.2247,0.999961,0.267251,-1.2247,2
0.0,-1.41416,-1.34159,-0.447196,-1.2247,0.999961,0.267251,0.0,3
0.0,-1.41416,-1.34159,-0.447196,-1.2247,0.999961,0.267251,1.2247,0
0.0,-1.41416,-1.34159,-0.447196,-1.2247,0.999961,1.069,-1.2247,3
0.0,-1.41416,-1.34159,-0.447196,-1.2247,0.999961,1.069,0.0,3
0.0,-1.41416,-1.34159,-0.447196,-1.2247,0.999961,1.069,1.2247,0
0.0,-1.41416,-1.34159,-0.447196,0.0,-0.999961,-1.33625,-1.2247,2
0.0,-1.41416,-1.34159,-0.447196,0.0,-0.999961,-1.33625,0.0,3
0.0,-1.41416,-1.34159,-0.447196,0.0,-0.999961,-1.33625,1.2247,0
0.0,-1.41416,-1.34159,-0.447196,0.0,-0.999961,0.267251,-1.2247,2
0.0,-1.41416,-1.34159,-0.447196,0.0,-0.999961,0.267251,0.0,3
0.0,-1.41416,-1.34159,-0.447196,0.0,-0.999961,0.267251,1.2247,0
0.0,-1.41416,-1.34159,-0.447196,0.0,-0.999961,1.069,-1.2247,3
0.0,-1.41416,-1.34159,-0.447196,0.0,-0.999961,1.069,0.0,3
0.0,-1.41416,-1.34159,-0.447196,0.0,-0.999961,1.069,1.2247,0
0.0,-1.41416,-1.34159,-0.447196,0.0,0.999961,-1.33625,-1.2247,2
0.0,-1.41416,-1.34159,-0.447196,0.0,0.999961,-1.33625,0.0,3
0.0,-1.41416,-1.34159,-0.447196,0.0,0.999961,-1.33625,1.2247,0
0.0,-1.41416,-1.34159,-0.447196,0.0,0.999961,0.267251,-1.2247,2
0.0,-1.41416,-1.34159,-0.447196,0.0,0.999961,0.267251,0.0,3
0.0,-1.41416,-1.34159,-0.447196,0.0,0.999961,0.267251,1.2247,0
0.0,-1.41416,-1.34159,-0.447196,0.0,0.999961,1.069,-1.2247,3
0.0,-1.41416,-1.34159,-0.447196,0.0,0.999961,1.069,0.0,3
0.0,-1.41416,-1.34159,-0.447196,0.0,0.999961,1.069,1.2247,0
0.0,-1.41416,-1.34159,-0.447196,1.2247,-0.999961,-1.33625,-1.2247,3
0.0,-1.41416,-1.34159,-0.447196,1.2247,-0.999961,-1.33625,0.0,3
0.0,-1.41416,-1.34159,-0.447196,1.2247,-0.999961,-1.33625,1.2247,0
0.0,-1.41416,-1.34159,-0.447196,1.2247,-0.999961,0.267251,-1.2247,3
0.0,-1.41416,-1.34159,-0.447196,1.2247,-0.999961,0.267251,0.0,3
0.0,-1.41416,-1.34159,-0.447196,1.2247,-0.999961,0.267251,1.2247,0
0.0,-1.41416,-1.34159,-0.447196,1.2247,-0.999961,1.069,-1.2247,3
0.0,-1.41416,-1.34159,-0.447196,1.2247,-0.999961,1.069,0.0,3
0.0,-1.41416,-1.34159,-0.447196,1.2247,-0.999961,1.069,1.2247,0
0.0,-1.41416,-1.34159,-0.447196,1.2247,0.999961,-1.33625,-1.2247,3
0.0,-1.41416,-1.34159,-0.447196,1.2247,0.999961,-1.33625,0.0,3
0.0,-1.41416,-1.34159,-0.447196,1.2247,0.999961,-1.33625,1.2247,0
0.0,-1.41416,-1.34159,-0.447196,1.2247,0.999961,0.267251,-1.2247,3
0.0,-1.41416,-1.34159,-0.447196,1.2247,0.999961,0.267251,0.0,3
0.0,-1.41416,-1.34159,-0.447196,1.2247,0.999961,0.267251,1.2247,0
0.0,-1.41416,-1.34159,-0.447196,1.2247,0.999961,1.069,-1.2247,3
0.0,-1.41416,-1.34159,-0.447196,1.2247,0.999961,1.069,0.0,3
0.0,-1.41416,-1.34159,-0.447196,1.2247,0.999961,1.069,1.2247,0
0.0,-1.41416,-1.34159,0.447196,-1.2247,-0.999961,-1.33625,-1.2247,2
0.0,-1.41416,-1.34159,0.447196,-1.2247,-0.999961,-1.33625,0.0,3
0.0,-1.41416,-1.34159,0.447196,-1.2247,-0.999961,-1.33625,1.2247,0
0.0,-1.41416,-1.34159,0.447196,-1.2247,-0.999961,0.267251,-1.2247,2
0.0,-1.41416,-1.34159,0.447196,-1.2247,-0.999961,0.267251,0.0,3
0.0,-1.41416,-1.34159,0.447196,-1.2247,-0.999961,0.267251,1.2247,0
0.0,-1.41416,-1.34159,0.447196,-1.2247,-0.999961,1.069,-1.2247,3
0.0,-1.41416,-1.34159,0.447196,-1.2247,-0.999961,1.069,0.0,3
0.0,-1.41416,-1.34159,0.447196,-1.2247,-0.999961,1.069,1.2247,0
0.0,-1.41416,-1.34159,0.447196,-1.2247,0.999961,-1.33625,-1.2247,3
0.0,-1.41416,-1.34159,0.447196,-1.2247,0.999961,-1.33625,0.0,3
0.0,-1.41416,-1.34159,0.447196,-1.2247,0.999961,-1.33625,1.2247,0
0.0,-1.41416,-1.34159,0.447196,-1.2247,0.999961,0.267251,-1.2247,3
0.0,-1.41416,-1.34159,0.447196,-1.2247,0.999961,0.267251,0.0,3
0.0,-1.41416,-1.34159,0.447196,-1.2247,0.999961,0.267251,1.2247,0
0.0,-1.41416,-1.34159,0.447196,-1.2247,0.999961,1.069,-1.2247,3
0.0,-1.41416,-1.34159,0.447196,-1.2247,0.999961,1.069,0.0,3
0.0,-1.41416,-1.34159,0.447196,-1.2247,0.999961,1.069,1.2247,0
0.0,-1.41416,-1.34159,0.447196,0.0,-0.999961,-1.33625,-1.2247,3
0.0,-1.41416,-1.34159,0.447196,0.0,-0.999961,-1.33625,0.0,3
0.0,-1.41416,-1.34159,0.447196,0.0,-0.999961,-1.33625,1.2247,0
0.0,-1.41416,-1.34159,0.447196,0.0,-0.999961,0.267251,-1.2247,3
0.0,-1.41416,-1.34159,0.447196,0.0,-0.999961,0.267251,0.0,3
0.0,-1.41416,-1.34159,0.447196,0.0,-0.999961,0.267251,1.2247,0
0.0,-1.41416,-1.34159,0.447196,0.0,-0.999961,1.069,-1.2247,3
0.0,-1.41416,-1.34159,0.447196,0.0,-0.999961,1.069,0.0,3
0.0,-1.41416,-1.34159,0.447196,0.0,-0.999961,1.069,1.2247,0
0.0,-1.41416,-1.34159,0.447196,0.0,0.999961,-1.33625,-1.2247,3
0.0,-1.41416,-1.34159,0.447196,0.0,0.999961,-1.33625,0.0,3
0.0,-1.41416,-1.34159,0.447196,0.0,0.999961,-1.33625,1.2247,0
0.0,-1.41416,-1.34159,0.447196,0.0,0.999961,0.267251,-1.2247,3
0.0,-1.41416,-1.34159,0.447196,0.0,0.999961,0.267251,0.0,3
0.0,-1.41416,-1.34159,0.447196,0.0,0.999961,0.267251,1.2247,0
0.0,-1.41416,-1.34159,0.447196,0.0,0.999961,1.069,-1.2247,3
0.0,-1.41416,-1.34159,0.447196,0.0,0.999961,1.069,0.0,3
0.0,-1.41416,-1.34159,0.447196,0.0,0.999961,1.069,1.2247,0
0.0,-1.41416,-1.34159,0.447196,1.2247,-0.999961,-1.33625,-1.2247,3
0.0,-1.41416,-1.34159,0.447196,1.2247,-0.999961,-1.33625,0.0,3
0.0,-1.41416,-1.34159,0.447196,1.2247,-0.999961,-1.33625,1.2247,0
0.0,-1.41416,-1.34159,0.447196,1.2247,-0.999961,0.267251,-1.2247,3
0.0,-1.41416,-1.34159,0.447196,1.2247,-0.999961,0.267251,0.0,3
0.0,-1.41416,-1.34159,0.447196,1.2247,-0.999961,0.267251,1.2247,0
0.0,-1.41416,-1.34159,0.447196,1.2247,-0.999961,1.069,-1.2247,3
0.0,-1.41416,-1.34159,0.447196,1.2247,-0.999961,1.069,0.0,3
0.0,-1.41416,-1.34159,0.447196,1.2247,-0.999961,1.069,1.2247,0
0.0,-1.41416,-1.34159,0.447196,1.2247,0.999961,-1.33625,-1.2247,3
0.0,-1.41416,-1.34159,0.447196,1.2247,0.999961,-1.33625,0.0,3
0.0,-1.41416,-1.34159,0.447196,1.2247,0.999961,-1.33625,1.2247,0
0.0,-1.41416,-1.34159,0.447196,1.2247,0.999961,0.267251,-1.2247,3
0.0,-1.41416,-1.34159,0.447196,1.2247,0.999961,0.267251,0.0,3
0.0,-1.41416,-1.34159,0.447196,1.2247,0.999961,0.267251,1.2247,0
0.0,-1.41416,-1.34159,0.447196,1.2247,0.999961,1.069,-1.2247,3
0.0,-1.41416,-1.34159,0.447196,1.2247,0.999961,1.069,0.0,3
0.0,-1.41416,-1.34159,0.447196,1.2247,0.999961,1.069,1.2247,0
0.0,-1.41416,-1.34159,1.34159,-1.2247,-0.999961,-1.33625,-1.2247,2
0.0,-1.41416,-1.34159,1.34159,-1.2247,-0.999961,-1.33625,0.0,3
0.0,-1.41416,-1.34159,1.34159,-1.2247,-0.999961,-1.33625,1.2247,0
0.0,-1.41416,-1.34159,1.34159,-1.2247,-0.999961,0.267251,-1.2247,2
0.0,-1.41416,-1.34159,1.34159,-1.2247,-0.999961,0.267251,0.0,3
0.0,-1.41416,-1.34159,1.34159,-1.2247,-0.999961,0.267251,1.2247,0
0.0,-1.41416,-1.34159,1.34159,-1.2247,-0.999961,1.069,-1.2247,3
0.0,-1.41416,-1.34159,1.34159,-1.2247,-0.999961,1.069,0.0,3
0.0,-1.41416,-1.34159,1.34159,-1.2247,-0.999961,1.069,1.2247,0
0.0,-1.41416,-1.34159,1.34159,-1.2247,0.999961,-1.33625,-1.2247,3
0.0,-1.41416,-1.34159,1.34159,-1.2247,0.999961,-1.33625,0.0,3
0.0,-1.41416,-1.34159,1.34159,-1.2247,0.999961,-1.33625,1.2247,0
0.0,-1.41416,-1.34159,1.34159,-1.2247,0.999961,0.267251,-1.2247,3
0.0,-1.41416,-1.34159,1.34159,-1.2247,0.999961,0.267251,0.0,3
0.0,-1.41416,-1.34159,1.34159,-1.2247,0.999961,0.267251,1.2247,0
0.0,-1.41416,-1.34159,1.34159,-1.2247,0.999961,1.069,-1.2247,3
0.0,-1.41416,-1.34159,1.34159,-1.2247,0.999961,1.069,0.0,3
0.0,-1.41416,-1.34159,1.34159,-1.2247,0.999961,1.069,1.2247,0
0.0,-1.41416,-1.34159,1.34159,0.0,-0.999961,-1.33625,-1.2247,3
0.0,-1.41416,-1.34159,1.34159,0.0,-0.999961,-1.33625,0.0,3
0.0,-1.41416,-1.34159,1.34159,0.0,-0.999961,-1.33625,1.2247,0
0.0,-1.41416,-1.34159,1.34159,0.0,-0.999961,0.267251,-1.2247,3
0.0,-1.41416,-1.34159,1.34159,0.0,-0.999961,0.267251,0.0,3
0.0,-1.41416,-1.34159,1.34159,0.0,-0.999961,0.267251,1.2247,0
0.0,-1.41416,-1.34159,1.34159,0.0,-0.999961,1.069,-1.2247,3
0.0,-1.41416,-1.34159,1.34159,0.0,-0.999961,1.069,0.0,3
0.0,-1.41416,-1.34159,1.34159,0.0,-0.999961,1.069,1.2247,0
0.0,-1.41416,-1.34159,1.34159,0.0,0.999961,-1.33625,-1.2247,3
0.0,-1.41416,-1.34159,1.34159,0.0,0.999961,-1.33625,0.0,3
0.0,-1.41416,-1.34159,1.34159,0.0,0.999961,-1.33625,1.2247,0
0.0,-1.41416,-1.34159,1.34159,0.0,0.999961,0.267251,-1.2247,3
0.0,-1.41416,-1.34159,1.34159,0.0,0.999961,0.267251,0.0,3
0.0,-1.41416,-1.34159,1.34159,0.0,0.999961,0.267251,1.2247,0
0.0,-1.41416,-1.34159,1.34159,0.0,0.999961,1.069,-1.2247,3
0.0,-1.41416,-1.34159,1.34159,0.0,0.999961,1.069,0.0,3
0.0,-1.41416,-1.34159,1.34159,0.0,0.999961,1.069,1.2247,0
0.0,-1.41416,-1.34159,1.34159,1.2247,-0.999961,-1.33625,-1.2247,3
0.0,-1.41416,-1.34159,1.34159,1.2247,-0.999961,-1.33625,0.0,3
0.0,-1.41416,-1.34159,1.34159,1.2247,-0.999961,-1.33625,1.2247,0
0.0,-1.41416,-1.34159,1.34159,1.2247,-0.999961,0.267251,-1.2247,3
0.0,-1.41416,-1.34159,1.34159,1.2247,-0.999961,0.267251,0.0,3
0.0,-1.41416,-1.34159,1.34159,1.2247,-0.999961,0.267251,1.2247,0
0.0,-1.41416,-1.34159,1.34159,1.2247,-0.999961,1.069,-1.2247,3
0.0,-1.41416,-1.34159,1.34159,1.2247,-0.999961,1.069,0.0,3
0.0,-1.41416,-1.34159,1.34159,1.2247,-0.999961,1.069,1.2247,0
0.0,-1.41416,-1.34159,1.34159,1.2247,0.999961,-1.33625,-1.2247,3
0.0,-1.41416,-1.34159,1.34159,1.2247,0.999961,-1.33625,0.0,3
0.0,-1.41416,-1.34159,1.34159,1.2247,0.999961,-1.33625,1.2247,0
0.0,-1.41416,-1.34159,1.34159,1.2247,0.999961,0.267251,-1.2247,3
0.0,-1.41416,-1.34159,1.34159,1.2247,0.999961,0.267251,0.0,3
0.0,-1.41416,-1.34159,1.34159,1.2247,0.999961,0.267251,1.2247,0
0.0,-1.41416,-1.34159,1.34159,1.2247,0.999961,1.069,-1.2247,3
0.0,-1.41416,-1.34159,1.34159,1.2247,0.999961,1.069,0.0,3
0.0,-1.41416,-1.34159,1.34159,1.2247,0.999961,1.069,1.2247,0
0.0,-1.41416,-0.447196,-1.34159,-1.2247,-0.999961,-1.33625,-1.2247,2
0.0,-1.41416,-0.447196,-1.34159,-1.2247,-0.999961,-1.33625,0.0,3
0.0,-1.41416,-0.447196,-1.34159,-1.2247,-0.999961,-1.33625,1.2247,0
0.0,-1.41416,-0.447196,-1.34159,-1.2247,-0.999961,0.267251,-1.2247,2
0.0,-1.41416,-0.447196,-1.34159,-1.2247,-0.999961,0.267251,0.0,3
0.0,-1.41416,-0.447196,-1.34159,-1.2247,-0.999961,0.267251,1.2247,0
0.0,-1.41416,-0.447196,-1.34159,-1.2247,-0.999961,1.069,-1.2247,3
0.0,-1.41416,-0.447196,-1.34159,-1.2247,-0.999961,1.069,0.0,3
0.0,-1.41416,-0.447196,-1.34159,-1.2247,-0.999961,1.069,1.2247,0
0.0,-1.41416,-0.447196,-1.34159,-1.2247,0.999961,-1.33625,-1.2247,2
0.0,-1.41416,-0.447196,-1.34159,-1.2247,0.999961,-1.33625,0.0,3
0.0,-1.41416,-0.447196,-1.34159,-1.2247,0.999961,-1.33625,1.2247,0
0.0,-1.41416,-0.447196,-1.34159,-1.2247,0.999961,0.267251,-1.2247,2
0.0,-1.41416,-0.447196,-1.34159,-1.2247,0.999961,0.267251,0.0,3
0.0,-1.41416,-0.447196,-1.34159,-1.2247,0.999961,0.267251,1.2247,0
0.0,-1.41416,-0.447196,-1.34159,-1.2247,0.999961,1.069,-1.2247,3
0.0,-1.41416,-0.447196,-1.34159,-1.2247,0.999961,1.069,0.0,3
0.0,-1.41416,-0.447196,-1.34159,-1.2247,0.999961,1.069,1.2247,0
0.0,-1.41416,-0.447196,-1.34159,0.0,-0.999961,-1.33625,-1.2247,2
0.0,-1.41416,-0.447196,-1.34159,0.0,-0.999961,-1.33625,0.0,3
0.0,-1.41416,-0.447196,-1.34159,0.0,-0.999961,-1.33625,1.2247,0
0.0,-1.41416,-0.447196,-1.34159,0.0,-0.999961,0.267251,-1.2247,2
0.0,-1.41416,-0.447196,-1.34159,0.0,-0.999961,0.267251,0.0,3
0.0,-1.41416,-0.447196,-1.34159,0.0,-0.999961,0.267251,1.2247,0
0.0,-1.41416,-0.447196,-1.34159,0.0,-0.999961,1.069,-1.2247,3
0.0,-1.41416,-0.447196,-1.34159,0.0,-0.999961,1.069,0.0,3
0.0,-1.41416,-0.447196,-1.34159,0.0,-0.999961,1.069,1.2247,0
0.0,-1.41416,-0.447196,-1.34159,0.0,0.999961,-1.33625,-1.2247,2
0.0,-1.41416,-0.447196,-1.34159,0.0,0.999961,-1.33625,0.0,3
0.0,-1.41416,-0.447196,-1.34159,0.0,0.999961,-1.33625,1.2247,0
0.0,-1.41416,-0.447196,-1.34159,0.0,0.999961,0.267251,-1.2247,2
0.0,-1.41416,-0.447196,-1.34159,0.0,0.999961,0.267251,0.0,3
0.0,-1.41416,-0.447196,-1.34159,0.0,0.999961,0.267251,1.2247,0
0.0,-1.41416,-0.447196,-1.34159,0.0,0.999961,1.069,-1.2247,3
0.0,-1.41416,-0.447196,-1.34159,0.0,0.999961,1.069,0.0,3
0.0,-1.41416,-0.447196,-1.34159,0.0,0.999961,1.069,1.2247,0
0.0,-1.41416,-0.447196,-1.34159,1.2247,-0.999961,-1.33625,-1.2247,3
0.0,-1.41416,-0.447196,-1.34159,1.2247,-0.999961,-1.33625,0.0,3
0.0,-1.41416,-0.447196,-1.34159,1.2247,-0.999961,-1.33625,1.2247,0
0.0,-1.41416,-0.447196,-1.34159,1.2247,-0.999961,0.267251,-1.2247,3
0.0,-1.41416,-0.447196,-1.34159,1.2247,-0.999961,0.267251,0.0,3
0.0,-1.41416,-0.447196,-1.34159,1.2247,-0.999961,0.267251,1.2247,0
0.0,-1.41416,-0.447196,-1.34159,1.2247,-0.999961,1.069,-1.2247,3
0.0,-1.41416,-0.447196,-1.34159,1.2247,-0.999961,1.069,0.0,3
0.0,-1.41416,-0.447196,-1.34159,1.2247,-0.999961,1.069,1.2247,0
0.0,-1.41416,-0.447196,-1.34159,1.2247,0.999961,-1.33625,-1.2247,3
0.0,-1.41416,-0.447196,-1.34159,1.2247,0.999961,-1.33625,0.0,3
0.0,-1.41416,-0.447196,-1.34159,1.2247,0.999961,-1.33625,1.2247,0
0.0,-1.41416,-0.447196,-1.34159,1.2247,0.999961,0.267251,-1.2247,3
0.0,-1.41416,-0.447196,-1.34159,1.2247,0.999961,0.267251,0.0,3
0.0,-1.41416,-0.447196,-1.34159,1.2247,0.999961,0.267251,1.2247,0
0.0,-1.41416,-0.447196,-1.34159,1.2247,0.999961,1.069,-1.2247,3
0.0,-1.41416,-0.447196,-1.34159,1.2247,0.999961,1.069,0.0,3
0.0,-1.41416,-0.447196,-1.34159,1.2247,0.999961,1.069,1.2247,0
0.0,-1.41416,-0.447196,-0.447196,-1.2247,-0.999961,-1.33625,-1.2247,2
0.0,-1.41416,-0.447196,-0.447196,-1.2247,-0.999961,-1.33625,0.0,3
0.0,-1.41416,-0.447196,-0.447196,-1.2247,-0.999961,-1.33625,1.2247,0
0.0,-1.41416,-0.447196,-0.447196,-1.2247,-0.999961,0.267251,-1.2247,2
0.0,-1.41416,-0.447196,-0.447196,-1.2247,-0.999961,0.267251,0.0,3
0.0,-1.41416,-0.447196,-0.447196,-1.2247,-0.999961,0.267251,1.2247,0
0.0,-1.41416,-0.447196,-0.447196,-1.2247,-0.999961,1.069,-1.2247,3
0.0,-1.41416,-0.447196,-0.447196,-1.2247,-0.999961,1.069,0.0,3
0.0,-1.41416,-0.447196,-0.447196,-1.2247,-0.999961,1.069,1.2247,0
0.0,-1.41416,-0.447196,-0.447196,-1.2247,0.999961,-1.33625,-1.2247,2
0.0,-1.41416,-0.447196,-0.447196,-1.2247,0.999961,-1.33625,0.0,3
0.0,-1.41416,-0.447196,-0.447196,-1.2247,0.999961,-1.33625,1.2247,0
0.0,-1.41416,-0.447196,-0.447196,-1.2247,0.999961,0.267251,-1.2247,2
0.0,-1.41416,-0.447196,-0.447196,-1.2247,0.999961,0.267251,0.0,3
0.0,-1.41416,-0.447196,-0.447196,-1.2247,0.999961,0.267251,1.2247,0
0.0,-1.41416,-0.447196,-0.447196,-1.2247,0.999961,1.069,-1.2247,3
0.0,-1.41416,-0.447196,-0.447196,-1.2247,0.999961,1.069,0.0,3
0.0,-1.41416,-0.447196,-0.447196,-1.2247,0.999961,1.069,1.2247,0
0.0,-1.41416,-0.447196,-0.447196,0.0,-0.999961,-1.33625,-1.2247,2
0.0,-1.41416,-0.447196,-0.447196,0.0,-0.999961,-1.33625,0.0,3
0.0,-1.41416,-0.447196,-0.447196,0.0,-0.999961,-1.33625,1.2247,0
0.0,-1.41416,-0.447196,-0.447196,0.0,-0.999961,0.267251,-1.2247,2
0.0,-1.41416,-0.447196,-0.447196,0.0,-0.999961,0.267251,0.0,3
0.0,-1.41416,-0.447196,-0.447196,0.0,-0.999961,0.267251,1.2247,0
0.0,-1.41416,-0.447196,-0.447196,0.0,-0.999961,1.069,-1.2247,3
0.0,-1.41416,-0.447196,-0.447196,0.0,-0.999961,1.069,0.0,3
0.0,-1.41416,-0.447196,-0.447196,0.0,-0.999961,1.069,1.2247,0
0.0,-1.41416,-0.447196,-0.447196,0.0,0.999961,-1.33625,-1.2247,2
0.0,-1.41416,-0.447196,-0.447196,0.0,0.999961,-1.33625,0.0,3
0.0,-1.41416,-0.447196,-0.447196,0.0,0.999961,-1.33625,1.2247,0
0.0,-1.41416,-0.447196,-0.447196,0.0,0.999961,0.267251,-1.2247,2
0.0,-1.41416,-0.447196,-0.447196,0.0,0.999961,0.267251,0.0,3
0.0,-1.41416,-0.447196,-0.447196,0.0,0.999961,0.267251,1.2247,0
0.0,-1.41416,-0.447196,-0.447196,0.0,0.999961,1.069,-1.2247,3
0.0,-1.41416,-0.447196,-0.447196,0.0,0.999961,1.069,0.0,3
0.0,-1.41416,-0.447196,-0.447196,0.0,0.999961,1.069,1.2247,0
0.0,-1.41416,-0.447196,-0.447196,1.2247,-0.999961,-1.33625,-1.2247,3
0.0,-1.41416,-0.447196,-0.447196,1.2247,-0.999961,-1.33625,0.0,3
0.0,-1.41416,-0.447196,-0.447196,1.2247,-0.999961,-1.33625,1.2247,0
0.0,-1.41416,-0.447196,-0.447196,1.2247,-0.999961,0.267251,-1.2247,3
0.0,-1.41416,-0.447196,-0.447196,1.2247,-0.999961,0.267251,0.0,3
0.0,-1.41416,-0.447196,-0.447196,1.2247,-0.999961,0.267251,1.2247,0
0.0,-1.41416,-0.447196,-0.447196,1.2247,-0.999961,1.069,-1.2247,3
0.0,-1.41416,-0.447196,-0.447196,1.2247,-0.999961,1.069,0.0,3
0.0,-1.41416,-0.447196,-0.447196,1.2247,-0.999961,1.069,1.2247,0
0.0,-1.41416,-0.447196,-0.447196,1.2247,0.999961,-1.33625,-1.2247,3
0.0,-1.41416,-0.447196,-0.447196,1.2247,0.999961,-1.33625,0.0,3
0.0,-1.41416,-0.447196,-0.447196,1.2247,0.999961,-1.33625,1.2247,0
0.0,-1.41416,-0.447196,-0.447196,1.2247,0.999961,0.267251,-1.2247,3
0.0,-1.41416,-0.447196,-0.447196,1.2247,0.999961,0.267251,0.0,3
0.0,-1.41416,-0.447196,-0.447196,1.2247,0.999961,0.267251,1.2247,0
0.0,-1.41416,-0.447196,-0.447196,1.2247,0.999961,1.069,-1.2247,3
0.0,-1.41416,-0.447196,-0.447196,1.2247,0.999961,1.069,0.0,3
0.0,-1.41416,-0.447196,-0.447196,1.2247,0.999961,1.069,1.2247,0
0.0,-1.41416,-0.447196,0.447196,-1.2247,-0.999961,-1.33625,-1.2247,2
0.0,-1.41416,-0.447196,0.447196,-1.2247,-0.999961,-1.33625,0.0,3
0.0,-1.41416,-0.447196,0.447196,-1.2247,-0.999961,-1.33625,1.2247,0
0.0,-1.41416,-0.447196,0.447196,-1.2247,-0.999961,0.267251,-1.2247,2
0.0,-1.41416,-0.447196,0.447196,-1.2247,-0.999961,0.267251,0.0,3
0.0,-1.41416,-0.447196,0.447196,-1.2247,-0.999961,0.267251,1.2247,0
0.0,-1.41416,-0.447196,0.447196,-1.2247,-0.999961,1.069,-1.2247,3
0.0,-1.41416,-0.447196,0.447196,-1.2247,-0.999961,1.069,0.0,3
0.0,-1.41416,-0.447196,0.447196,-1.2247,-0.999961,1.069,1.2247,0
0.0,-1.41416,-0.447196,0.447196,-1.2247,0.999961,-1.33625,-1.2247,3
0.0,-1.41416,-0.447196,0.447196,-1.2247,0.999961,-1.33625,0.0,3
0.0,-1.41416,-0.447196,0.447196,-1.2247,0.999961,-1.33625,1.2247,0
0.0,-1.41416,-0.447196,0.447196,-1.2247,0.999961,0.267251,-1.2247,3
0.0,-1.41416,-0.447196,0.447196,-1.2247,0.999961,0.267251,0.0,3
0.0,-1.41416,-0.447196,0.447196,-1.2247,0.999961,0.267251,1.2247,0
0.0,-1.41416,-0.447196,0.447196,-1.2247,0.999961,1.069,-1.2247,3
0.0,-1.41416,-0.447196,0.447196,-1.2247,0.999961,1.069,0.0,3
0.0,-1.41416,-0.447196,0.447196,-1.2247,0.999961,1.069,1.2247,0
0.0,-1.41416,-0.447196,0.447196,0.0,-0.999961,-1.33625,-1.2247,3
0.0,-1.41416,-0.447196,0.447196,0.0,-0.999961,-1.33625,0.0,3
0.0,-1.41416,-0.447196,0.447196,0.0,-0.999961,-1.33625,1.2247,0
0.0,-1.41416,-0.447196,0.447196,0.0,-0.999961,0.267251,-1.2247,3
0.0,-1.41416,-0.447196,0.447196,0.0,-0.999961,0.267251,0.0,3
0.0,-1.41416,-0.447196,0.447196,0.0,-0.999961,0.267251,1.2247,0
0.0,-1.41416,-0.447196,0.447196,0.0,-0.999961,1.069,-1.2247,3
0.0,-1.41416,-0.447196,0.447196,0.0,-0.999961,1.069,0.0,3
0.0,-1.41416,-0.447196,0.447196,0.0,-0.999961,1.069,1.2247,0
0.0,-1.41416,-0.447196,0.447196,0.0,0.999961,-1.33625,-1.2247,3
0.0,-1.41416,-0.447196,0.447196,0.0,0.999961,-1.33625,0.0,3
0.0,-1.41416,-0.447196,0.447196,0.0,0.999961,-1.33625,1.2247,0
0.0,-1.41416,-0.447196,0.447196,0.0,0.999961,0.267251,-1.2247,3
0.0,-1.41416,-0.447196,0.447196,0.0,0.999961,0.267251,0.0,3
0.0,-1.41416,-0.447196,0.447196,0.0,0.999961,0.267251,1.2247,0
0.0,-1.41416,-0.447196,0.447196,0.0,0.999961,1.069,-1.2247,3
0.0,-1.41416,-0.447196,0.447196,0.0,0.999961,1.069,0.0,3
0.0,-1.41416,-0.447196,0.447196,0.0,0.999961,1.069,1.2247,0
0.0,-1.41416,-0.447196,0.447196,1.2247,-0.999961,-1.33625,-1.2247,3
0.0,-1.41416,-0.447196,0.447196,1.2247,-0.999961,-1.33625,0.0,3
0.0,-1.41416,-0.447196,0.447196,1.2247,-0.999961,-1.33625,1.2247,0
0.0,-1.41416,-0.447196,0.447196,1.2247,-0.999961,0.267251,-1.2247,3
0.0,-1.41416,-0.447196,0.447196,1.2247,-0.999961,0.267251,0.0,3
0.0,-1.41416,-0.447196,0.447196,1.2247,-0.999961,0.267251,1.2247,0
0.0,-1.41416,-0.447196,0.447196,1.2247,-0.999961,1.069,-1.2247,3
0.0,-1.41416,-0.447196,0.447196,1.2247,-0.999961,1.069,0.0,3
0.0,-1.41416,-0.447196,0.447196,1.2247,-0.999961,1.069,1.2247,0
0.0,-1.41416,-0.447196,0.447196,1.2247,0.999961,-1.33625,-1.2247,3
0.0,-1.41416,-0.447196,0.447196,1.2247,0.999961,-1.33625,0.0,3
0.0,-1.41416,-0.447196,0.447196,1.2247,0.999961,-1.33625,1.2247,0
0.0,-1.41416,-0.447196,0.447196,1.2247,0.999961,0.267251,-1.2247,3
0.0,-1.41416,-0.447196,0.447196,1.2247,0.999961,0.267251,0.0,3
0.0,-1.41416,-0.447196,0.447196,1.2247,0.999961,0.267251,1.2247,0
0.0,-1.41416,-0.447196,0.447196,1.2247,0.999961,1.069,-1.2247,3
0.0,-1.41416,-0.447196,0.447196,1.2247,0.999961,1.069,0.0,3
0.0,-1.41416,-0.447196,0.447196,1.2247,0.999961,1.069,1.2247,0
0.0,-1.41416,-0.447196,1.34159,-1.2247,-0.999961,-1.33625,-1.2247,2
0.0,-1.41416,-0.447196,1.34159,-1.2247,-0.999961,-1.33625,0.0,3
0.0,-1.41416,-0.447196,1.34159,-1.2247,-0.999961,-1.33625,1.2247,0
0.0,-1.41416,-0.447196,1.34159,-1.2247,-0.999961,0.267251,-1.2247,2
0.0,-1.41416,-0.447196,1.34159,-1.2247,-0.999961,0.267251,0.0,3
0.0,-1.41416,-0.447196,1.34159,-1.2247,-0.999961,0.267251,1.2247,0
0.0,-1.41416,-0.447196,1.34159,-1.2247,-0.999961,1.069,-1.2247,3
0.0,-1.41416,-0.447196,1.34159,-1.2247,-0.999961,1.069,0.0,3
0.0,-1.41416,-0.447196,1.34159,-1.2247,-0.999961,1.069,1.2247,0
0.0,-1.41416,-0.447196,1.34159,-1.2247,0.999961,-1.33625,-1.2247,3
0.0,-1.41416,-0.447196,1.34159,-1.2247,0.999961,-1.33625,0.0,3
0.0,-1.41416,-0.447196,1.34159,-1.2247,0.999961,-1.33625,1.2247,0
0.0,-1.41416,-0.447196,1.34159,-1.2247,0.999961,0.267251,-1.2247,3
0.0,-1.41416,-0.447196,1.34159,-1.2247,0.999961,0.267251,0.0,3
0.0,-1.41416,-0.447196,1.34159,-1.2247,0.999961,0.267251,1.2247,0
0.0,-1.41416,-0.447196,1.34159,-1.2247,0.999961,1.069,-1.2247,3
0.0,-1.41416,-0.447196,1.34159,-1.2247,0.999961,1.069,0.0,3
0.0,-1.41416,-0.447196,1.34159,-1.2247,0.999961,1.069,1.2247,0
0.0,-1.41416,-0.447196,1.34159,0.0,-0.999961,-1.33625,-1.2247,3
0.0,-1.41416,-0.447196,1.34159,0.0,-0.999961,-1.33625,0.0,3
0.0,-1.41416,-0.447196,1.34159,0.0,-0.999961,-1.33625,1.2247,0
0.0,-1.41416,-0.447196,1.34159,0.0,-0.999961,0.267251,-1.2247,3
0.0,-1.41416,-0.447196,1.34159,0.0,-0.999961,0.267251,0.0,3
0.0,-1.41416,-0.447196,1.34159,0.0,-0.999961,0.267251,1.2247,0
0.0,-1.41416,-0.447196,1.34159,0.0,-0.999961,1.069,-1.2247,3
0.0,-1.41416,-0.447196,1.34159,0.0,-0.999961,1.069,0.0,3
0.0,-1.41416,-0.447196,1.34159,0.0,-0.999961,1.069,1.2247,0
0.0,-1.41416,-0.447196,1.34159,0.0,0.999961,-1.33625,-1.2247,3
0.0,-1.41416,-0.447196,1.34159,0.0,0.999961,-1.33625,0.0,3
0.0,-1.41416,-0.447196,1.34159,0.0,0.999961,-1.33625,1.2247,0
0.0,-1.41416,-0.447196,1.34159,0.0,0.999961,0.267251,-1.2247,3
0.0,-1.41416,-0.447196,1.34159,0.0,0.999961,0.267251,0.0,3
0.0,-1.41416,-0.447196,1.34159,0.0,0.999961,0.267251,1.2247,0
0.0,-1.41416,-0.447196,1.34159,0.0,0.999961,1.069,-1.2247,3
0.0,-1.41416,-0.447196,1.34159,0.0,0.999961,1.069,0.0,3
0.0,-1.41416,-0.447196,1.34159,0.0,0.999961,1.069,1.2247,0
0.0,-1.41416,-0.447196,1.34159,1.2247,-0.999961,-1.33625,-1.2247,3
0.0,-1.41416,-0.447196,1.34159,1.2247,-0.999961,-1.33625,0.0,3
0.0,-1.41416,-0.447196,1.34159,1.2247,-0.999961,-1.33625,1.2247,0
0.0,-1.41416,-0.447196,1.34159,1.2247,-0.999961,0.267251,-1.2247,3
0.0,-1.41416,-0.447196,1.34159,1.2247,-0.999961,0.267251,0.0,3
0.0,-1.41416,-0.447196,1.34159,1.2247,-0.999961,0.267251,1.2247,0
0.0,-1.41416,-0.447196,1.34159,1.2247,-0.999961,1.069,-1.2247,3
0.0,-1.41416,-0.447196,1.34159,1.2247,-0.999961,1.069,0.0,3
0.0,-1.41416,-0.447196,1.34159,1.2247,-0.999961,1.069,1.2247,0
0.0,-1.41416,-0.447196,1.34159,1.2247,0.999961,-1.33625,-1.2247,3
0.0,-1.41416,-0.447196,1.34159,1.2247,0.999961,-1.33625,0.0,3
0.0,-1.41416,-0.447196,1.34159,1.2247,0.999961,-1.33625,1.2247,0
0.0,-1.41416,-0.447196,1.34159,1.2247,0.999961,0.267251,-1.2247,3
0.0,-1.41416,-0.447196,1.34159,1.2247,0.999961,0.267251,0.0,3
0.0,-1.41416,-0.447196,1.34159,1.2247,0.999961,0.267251,1.2247,0
0.0,-1.41416,-0.447196,1.34159,1.2247,0.999961,1.069,-1.2247,3
0.0,-1.41416,-0.447196,1.34159,1.2247,0.999961,1.069,0.0,3
0.0,-1.41416,-0.447196,1.34159,1.2247,0.999961,1.069,1.2247,0
0.0,-1.41416,0.447196,-1.34159,-1.2247,-0.999961,-1.33625,-1.2247,2
0.0,-1.41416,0.447196,-1.34159,-1.2247,-0.999961,-1.33625,0.0,3
0.0,-1.41416,0.447196,-1.34159,-1.2247,-0.999961,-1.33625,1.2247,0
0.0,-1.41416,0.447196,-1.34159,-1.2247,-0.999961,0.267251,-1.2247,2
0.0,-1.41416,0.447196,-1.34159,-1.2247,-0.999961,0.267251,0.0,3
0.0,-1.41416,0.447196,-1.34159,-1.2247,-0.999961,0.267251,1.2247,0
0.0,-1.41416,0.447196,-1.34159,-1.2247,-0.999961,1.069,-1.2247,3
0.0,-1.41416,0.447196,-1.34159,-1.2247,-0.999961,1.069,0.0,3
0.0,-1.41416,0.447196,-1.34159,-1.2247,-0.999961,1.069,1.2247,0
0.0,-1.41416,0.447196,-1.34159,-1.2247,0.999961,-1.33625,-1.2247,2
0.0,-1.41416,0.447196,-1.34159,-1.2247,0.999961,-1.33625,0.0,3
0.0,-1.41416,0.447196,-1.34159,-1.2247,0.999961,-1.33625,1.2247,0
0.0,-1.41416,0.447196,-1.34159,-1.2247,0.999961,0.267251,-1.2247,2
0.0,-1.41416,0.447196,-1.34159,-1.2247,0.999961,0.267251,0.0,3
0.0,-1.41416,0.447196,-1.34159,-1.2247,0.999961,0.267251,1.2247,0
0.0,-1.41416,0.447196,-1.34159,-1.2247,0.999961,1.069,-1.2247,3
0.0,-1.41416,0.447196,-1.34159,-1.2247,0.999961,1.069,0.0,3
0.0,-1.41416,0.447196,-1.34159,-1.2247,0.999961,1.069,1.2247,0
0.0,-1.41416,0.447196,-1.34159,0.0,-0.999961,-1.33625,-1.2247,2
0.0,-1.41416,0.447196,-1.34159,0.0,-0.999961,-1.33625,0.0,3
0.0,-1.41416,0.447196,-1.34159,0.0,-0.999961,-1.33625,1.2247,0
0.0,-1.41416,0.447196,-1.34159,0.0,-0.999961,0.267251,-1.2247,2
0.0,-1.41416,0.447196,-1.34159,0.0,-0.999961,0.267251,0.0,3
0.0,-1.41416,0.447196,-1.34159,0.0,-0.999961,0.267251,1.2247,0
0.0,-1.41416,0.447196,-1.34159,0.0,-0.999961,1.069,-1.2247,3
0.0,-1.41416,0.447196,-1.34159,0.0,-0.999961,1.069,0.0,3
0.0,-1.41416,0.447196,-1.34159,0.0,-0.999961,1.069,1.2247,0
0.0,-1.41416,0.447196,-1.34159,0.0,0.999961,-1.33625,-1.2247,2
0.0,-1.41416,0.447196,-1.34159,0.0,0.999961,-1.33625,0.0,3
0.0,-1.41416,0.447196,-1.34159,0.0,0.999961,-1.33625,1.2247,0
0.0,-1.41416,0.447196,-1.34159,0.0,0.999961,0.267251,-1.2247,2
0.0,-1.41416,0.447196,-1.34159,0.0,0.999961,0.267251,0.0,3
0.0,-1.41416,0.447196,-1.34159,0.0,0.999961,0.267251,1.2247,0
0.0,-1.41416,0.447196,-1.34159,0.0,0.999961,1.069,-1.2247,3
0.0,-1.41416,0.447196,-1.34159,0.0,0.999961,1.069,0.0,3
0.0,-1.41416,0.447196,-1.34159,0.0,0.999961,1.069,1.2247,0
0.0,-1.41416,0.447196,-1.34159,1.2247,-0.999961,-1.33625,-1.2247,3
0.0,-1.41416,0.447196,-1.34159,1.2247,-0.999961,-1.33625,0.0,3
0.0,-1.41416,0.447196,-1.34159,1.2247,-0.999961,-1.33625,1.2247,0
0.0,-1.41416,0.447196,-1.34159,1.2247,-0.999961,0.267251,-1.2247,3
0.0,-1.41416,0.447196,-1.34159,1.2247,-0.999961,0.267251,0.0,3
0.0,-1.41416,0.447196,-1.34159,1.2247,-0.999961,0.267251,1.2247,0
0.0,-1.41416,0.447196,-1.34159,1.2247,-0.999961,1.069,-1.2247,3
0.0,-1.41416,0.447196,-1.34159,1.2247,-0.999961,1.069,0.0,3
0.0,-1.41416,0.447196,-1.34159,1.2247,-0.999961,1.069,1.2247,0
0.0,-1.41416,0.447196,-1.34159,1.2247,0.999961,-1.33625,-1.2247,3
0.0,-1.41416,0.447196,-1.34159,1.2247,0.999961,-1.33625,0.0,3
0.0,-1.41416,0.447196,-1.34159,1.2247,0.999961,-1.33625,1.2247,0
0.0,-1.41416,0.447196,-1.34159,1.2247,0.999961,0.267251,-1.2247,3
0.0,-1.41416,0.447196,-1.34159,1.2247,0.999961,0.267251,0.0,3
0.0,-1.41416,0.447196,-1.34159,1.2247,0.999961,0.267251,1.2247,0
0.0,-1.41416,0.447196,-1.34159,1.2247,0.999961,1.069,-1.2247,3
0.0,-1.41416,0.447196,-1.34159,1.2247,0.999961,1.069,0.0,3
0.0,-1.41416,0.447196,-1.34159,1.2247,0.999961,1.069,1.2247,0
0.0,-1.41416,0.447196,-0.447196,-1.2247,-0.999961,-1.33625,-1.2247,2
0.0,-1.41416,0.447196,-0.447196,-1.2247,-0.999961,-1.33625,0.0,3
0.0,-1.41416,0.447196,-0.447196,-1.2247,-0.999961,-1.33625,1.2247,0
0.0,-1.41416,0.447196,-0.447196,-1.2247,-0.999961,0.267251,-1.2247,2
0.0,-1.41416,0.447196,-0.447196,-1.2247,-0.999961,0.267251,0.0,3
0.0,-1.41416,0.447196,-0.447196,-1.2247,-0.999961,0.267251,1.2247,0
0.0,-1.41416,0.447196,-0.447196,-1.2247,-0.999961,1.069,-1.2247,3
0.0,-1.41416,0.447196,-0.447196,-1.2247,-0.999961,1.069,0.0,3
0.0,-1.41416,0.447196,-0.447196,-1.2247,-0.999961,1.069,1.2247,0
0.0,-1.41416,0.447196,-0.447196,-1.2247,0.999961,-1.33625,-1.2247,3
0.0,-1.41416,0.447196,-0.447196,-1.2247,0.999961,-1.33625,0.0,3
0.0,-1.41416,0.447196,-0.447196,-1.2247,0.999961,-1.33625,1.2247,0
0.0,-1.41416,0.447196,-0.447196,-1.2247,0.999961,0.267251,-1.2247,3
0.0,-1.41416,0.447196,-0.447196,-1.2247,0.999961,0.267251,0.0,3
0.0,-1.41416,0.447196,-0.447196,-1.2247,0.999961,0.267251,1.2247,0
0.0,-1.41416,0.447196,-0.447196,-1.2247,0.999961,1.069,-1.2247,3
0.0,-1.41416,0.447196,-0.447196,-1.2247,0.999961,1.069,0.0,3
0.0,-1.41416,0.447196,-0.447196,-1.2247,0.999961,1.069,1.2247,0
0.0,-1.41416,0.447196,-0.447196,0.0,-0.999961,-1.33625,-1.2247,3
0.0,-1.41416,0.447196,-0.447196,0.0,-0.999961,-1.33625,0.0,3
0.0,-1.41416,0.447196,-0.447196,0.0,-0.999961,-1.33625,1.2247,0
0.0,-1.41416,0.447196,-0.447196,0.0,-0.999961,0.267251,-1.2247,3
0.0,-1.41416,0.447196,-0.447196,0.0,-0.999961,0.267251,0.0,3
0.0,-1.41416,0.447196,-0.447196,0.0,-0.999961,0.267251,1.2247,0
0.0,-1.41416,0.447196,-0.447196,0.0,-0.999961,1.069,-1.2247,3
0.0,-1.41416,0.447196,-0.447196,0.0,-0.999961,1.069,0.0,3
0.0,-1.41416,0.447196,-0.447196,0.0,-0.999961,1.069,1.2247,0
0.0,-1.41416,0.447196,-0.447196,0.0,0.999961,-1.33625,-1.2247,3
0.0,-1.41416,0.447196,-0.447196,0.0,0.999961,-1.33625,0.0,3
0.0,-1.41416,0.447196,-0.447196,0.0,0.999961,-1.33625,1.2247,0
0.0,-1.41416,0.447196,-0.447196,0.0,0.999961,0.267251,-1.2247,3
0.0,-1.41416,0.447196,-0.447196,0.0,0.999961,0.267251,0.0,3
0.0,-1.41416,0.447196,-0.447196,0.0,0.999961,0.267251,1.2247,0
0.0,-1.41416,0.447196,-0.447196,0.0,0.999961,1.069,-1.2247,3
0.0,-1.41416,0.447196,-0.447196,0.0,0.999961,1.069,0.0,3
0.0,-1.41416,0.447196,-0.447196,0.0,0.999961,1.069,1.2247,0
0.0,-1.41416,0.447196,-0.447196,1.2247,-0.999961,-1.33625,-1.2247,3
0.0,-1.41416,0.447196,-0.447196,1.2247,-0.999961,-1.33625,0.0,3
0.0,-1.41416,0.447196,-0.447196,1.2247,-0.999961,-1.33625,1.2247,0
0.0,-1.41416,0.447196,-0.447196,1.2247,-0.999961,0.267251,-1.2247,3
0.0,-1.41416,0.447196,-0.447196,1.2247,-0.999961,0.267251,0.0,3
0.0,-1.41416,0.447196,-0.447196,1.2247,-0.999961,0.267251,1.2247,0
0.0,-1.41416,0.447196,-0.447196,1.2247,-0.999961,1.069,-1.2247,3
0.0,-1.41416,0.447196,-0.447196,1.2247,-0.999961,1.069,0.0,3
0.0,-1.41416,0.447196,-0.447196,1.2247,-0.999961,1.069,1.2247,0
0.0,-1.41416,0.447196,-0.447196,1.2247,0.999961,-1.33625,-1.2247,3
0.0,-1.41416,0.447196,-0.447196,1.2247,0.999961,-1.33625,0.0,3
0.0,-1.41416,0.447196,-0.447196,1.2247,0.999961,-1.33625,1.2247,0
0.0,-1.41416,0.447196,-0.447196,1.2247,0.999961,0.267251,-1.2247,3
0.0,-1.41416,0.447196,-0.447196,1.2247,0.999961,0.267251,0.0,3
0.0,-1.41416,0.447196,-0.447196,1.2247,0.999961,0.267251,1.2247,0
0.0,-1.41416,0.447196,-0.447196,1.2247,0.999961,1.069,-1.2247,3
0.0,-1.41416,0.447196,-0.447196,1.2247,0.999961,1.069,0.0,3
0.0,-1.41416,0.447196,-0.447196,1.2247,0.999961,1.069,1.2247,0
0.0,-1.41416,0.447196,0.447196,-1.2247,-0.999961,-1.33625,-1.2247,2
0.0,-1.41416,0.447196,0.447196,-1.2247,-0.999961,-1.33625,0.0,3
0.0,-1.41416,0.447196,0.447196,-1.2247,-0.999961,-1.33625,1.2247,0
0.0,-1.41416,0.447196,0.447196,-1.2247,-0.999961,0.267251,-1.2247,2
0.0,-1.41416,0.447196,0.447196,-1.2247,-0.999961,0.267251,0.0,3
0.0,-1.41416,0.447196,0.447196,-1.2247,-0.999961,0.267251,1.2247,0
0.0,-1.41416,0.447196,0.447196,-1.2247,-0.999961,1.069,-1.2247,3
0.0,-1.41416,0.447196,0.447196,-1.2247,-0.999961,1.069,0.0,3
0.0,-1.41416,0.447196,0.447196,-1.2247,-0.999961,1.069,1.2247,0
0.0,-1.41416,0.447196,0.447196,-1.2247,0.999961,-1.33625,-1.2247,3
0.0,-1.41416,0.447196,0.447196,-1.2247,0.999961,-1.33625,0.0,3
0.0,-1.41416,0.447196,0.447196,-1.2247,0.999961,-1.33625,1.2247,0
0.0,-1.41416,0.447196,0.447196,-1.2247,0.999961,0.267251,-1.2247,3
0.0,-1.41416,0.447196,0.447196,-1.2247,0.999961,0.267251,0.0,3
0.0,-1.41416,0.447196,0.447196,-1.2247,0.999961,0.267251,1.2247,0
0.0,-1.41416,0.447196,0.447196,-1.2247,0.999961,1.069,-1.2247,3
0.0,-1.41416,0.447196,0.447196,-1.2247,0.999961,1.069,0.0,3
0.0,-1.41416,0.447196,0.447196,-1.2247,0.999961,1.069,1.2247,0
0.0,-1.41416,0.447196,0.447196,0.0,-0.999961,-1.33625,-1.2247,3
0.0,-1.41416,0.447196,0.447196,0.0,-0.999961,-1.33625,0.0,3
0.0,-1.41416,0.447196,0.447196,0.0,-0.999961,-1.33625,1.2247,0
0.0,-1.41416,0.447196,0.447196,0.0,-0.999961,0.267251,-1.2247,3
0.0,-1.41416,0.447196,0.447196,0.0,-0.999961,0.267251,0.0,3
0.0,-1.41416,0.447196,0.447196,0.0,-0.999961,0.267251,1.2247,0
0.0,-1.41416,0.447196,0.447196,0.0,-0.999961,1.069,-1.2247,3
0.0,-1.41416,0.447196,0.447196,0.0,-0.999961,1.069,0.0,3
0.0,-1.41416,0.447196,0.447196,0.0,-0.999961,1.069,1.2247,0
0.0,-1.41416,0.447196,0.447196,0.0,0.999961,-1.33625,-1.2247,3
0.0,-1.41416,0.447196,0.447196,0.0,0.999961,-1.33625,0.0,3
0.0,-1.41416,0.447196,0.447196,0.0,0.999961,-1.33625,1.2247,0
0.0,-1.41416,0.447196,0.447196,0.0,0.999961,0.267251,-1.2247,3
0.0,-1.41416,0.447196,0.447196,0.0,0.999961,0.267251,0.0,3
0.0,-1.41416,0.447196,0.447196,0.0,0.999961,0.267251,1.2247,0
0.0,-1.41416,0.447196,0.447196,0.0,0.999961,1.069,-1.2247,3
0.0,-1.41416,0.447196,0.447196,0.0,0.999961,1.069,0.0,3
0.0,-1.41416,0.447196,0.447196,0.0,0.999961,1.069,1.2247,0
0.0,-1.41416,0.447196,0.447196,1.2247,-0.999961,-1.33625,-1.2247,3
0.0,-1.41416,0.447196,0.447196,1.2247,-0.999961,-1.33625,0.0,3
0.0,-1.41416,0.447196,0.447196,1.2247,-0.999961,-1.33625,1.2247,0
0.0,-1.41416,0.447196,0.447196,1.2247,-0.999961,0.267251,-1.2247,3
0.0,-1.41416,0.447196,0.447196,1.2247,-0.999961,0.267251,0.0,3
0.0,-1.41416,0.447196,0.447196,1.2247,-0.999961,0.267251,1.2247,0
0.0,-1.41416,0.447196,0.447196,1.2247,-0.999961,1.069,-1.2247,3
0.0,-1.41416,0.447196,0.447196,1.2247,-0.999961,1.069,0.0,3
0.0,-1.41416,0.447196,0.447196,1.2247,-0.999961,1.069,1.2247,0
0.0,-1.41416,0.447196,0.447196,1.2247,0.999961,-1.33625,-1.2247,3
0.0,-1.41416,0.447196,0.447196,1.2247,0.999961,-1.33625,0.0,3
0.0,-1.41416,0.447196,0.447196,1.2247,0.999961,-1.33625,1.2247,0
0.0,-1.41416,0.447196,0.447196,1.2247,0.999961,0.267251,-1.2247,3
0.0,-1.41416,0.447196,0.447196,1.2247,0.999961,0.267251,0.0,3
0.0,-1.41416,0.447196,0.447196,1.2247,0.999961,0.267251,1.2247,0
0.0,-1.41416,0.447196,0.447196,1.2247,0.999961,1.069,-1.2247,3
0.0,-1.41416,0.447196,0.447196,1.2247,0.999961,1.069,0.0,3
0.0,-1.41416,0.447196,0.447196,1.2247,0.999961,1.069,1.2247,0
0.0,-1.41416,0.447196,1.34159,-1.2247,-0.999961,-1.33625,-1.2247,2
0.0,-1.41416,0.447196,1.34159,-1.2247,-0.999961,-1.33625,0.0,3
0.0,-1.41416,0.447196,1.34159,-1.2247,-0.999961,-1.33625,1.2247,0
0.0,-1.41416,0.447196,1.34159,-1.2247,-0.999961,0.267251,-1.2247,2
0.0,-1.41416,0.447196,1.34159,-1.2247,-0.999961,0.267251,0.0,3
0.0,-1.41416,0.447196,1.34159,-1.2247,-0.999961,0.267251,1.2247,0
0.0,-1.41416,0.447196,1.34159,-1.2247,-0.999961,1.069,-1.2247,3
0.0,-1.41416,0.447196,1.34159,-1.2247,-0.999961,1.069,0.0,3
0.0,-1.41416,0.447196,1.34159,-1.2247,-0.999961,1.069,1.2247,0
0.0,-1.41416,0.447196,1.34159,-1.2247,0.999961,-1.33625,-1.2247,3
0.0,-1.41416,0.447196,1.34159,-1.2247,0.999961,-1.33625,0.0,3
0.0,-1.41416,0.447196,1.34159,-1.2247,0.999961,-1.33625,1.2247,0
0.0,-1.41416,0.447196,1.34159,-1.2247,0.999961,0.267251,-1.2247,3
0.0,-1.41416,0.447196,1.34159,-1.2247,0.999961,0.267251,0.0,3
0.0,-1.41416,0.447196,1.34159,-1.2247,0.999961,0.267251,1.2247,0
0.0,-1.41416,0.447196,1.34159,-1.2247,0.999961,1.069,-1.2247,3
0.0,-1.41416,0.447196,1.34159,-1.2247,0.999961,1.069,0.0,3
0.0,-1.41416,0.447196,1.34159,-1.2247,0.999961,1.069,1.2247,0
0.0,-1.41416,0.447196,1.34159,0.0,-0.999961,-1.33625,-1.2247,3
0.0,-1.41416,0.447196,1.34159,0.0,-0.999961,-1.33625,0.0,3
0.0,-1.41416,0.447196,1.34159,0.0,-0.999961,-1.33625,1.2247,0
0.0,-1.41416,0.447196,1.34159,0.0,-0.999961,0.267251,-1.2247,3
0.0,-1.41416,0.447196,1.34159,0.0,-0.999961,0.267251,0.0,3
0.0,-1.41416,0.447196,1.34159,0.0,-0.999961,0.267251,1.2247,0
0.0,-1.41416,0.447196,1.34159,0.0,-0.999961,1.069,-1.2247,3
0.0,-1.41416,0.447196,1.34159,0.0,-0.999961,1.069,0.0,3
0.0,-1.41416,0.447196,1.34159,0.0,-0.999961,1.069,1.2247,0
0.0,-1.41416,0.447196,1.34159,0.0,0.999961,-1.33625,-1.2247,3
0.0,-1.41416,0.447196,1.34159,0.0,0.999961,-1.33625,0.0,3
0.0,-1.41416,0.447196,1.34159,0.0,0.999961,-1.33625,1.2247,0
0.0,-1.41416,0.447196,1.34159,0.0,0.999961,0.267251,-1.2247,3
0.0,-1.41416,0.447196,1.34159,0.0,0.999961,0.267251,0.0,3
0.0,-1.41416,0.447196,1.34159,0.0,0.999961,0.267251,1.2247,0
0.0,-1.41416,0.447196,1.34159,0.0,0.999961,1.069,-1.2247,3
0.0,-1.41416,0.447196,1.34159,0.0,0.999961,1.069,0.0,3
0.0,-1.41416,0.447196,1.34159,0.0,0.999961,1.069,1.2247,0
0.0,-1.41416,0.447196,1.34159,1.2247,-0.999961,-1.33625,-1.2247,3
0.0,-1.41416,0.447196,1.34159,1.2247,-0.999961,-1.33625,0.0,3
0.0,-1.41416,0.447196,1.34159,1.2247,-0.999961,-1.33625,1.2247,0
0.0,-1.41416,0.447196,1.34159,1.2247,-0.999961,0.267251,-1.2247,3
0.0,-1.41416,0.447196,1.34159,1.2247,-0.999961,0.267251,0.0,3
0.0,-1.41416,0.447196,1.34159,1.2247,-0.999961,0.267251,1.2247,0
0.0,-1.41416,0.447196,1.34159,1.2247,-0.999961,1.069,-1.2247,3
0.0,-1.41416,0.447196,1.34159,1.2247,-0.999961,1.069,0.0,3
0.0,-1.41416,0.447196,1.34159,1.2247,-0.999961,1.069,1.2247,0
0.0,-1.41416,0.447196,1.34159,1.2247,0.999961,-1.33625,-1.2247,3
0.0,-1.41416,0.447196,1.34159,1.2247,0.999961,-1.33625,0.0,3
0.0,-1.41416,0.447196,1.34159,1.2247,0.999961,-1.33625,1.2247,0
0.0,-1.41416,0.447196,1.34159,1.2247,0.999961,0.267251,-1.2247,3
0.0,-1.41416,0.447196,1.34159,1.2247,0.999961,0.267251,0.0,3
0.0,-1.41416,0.447196,1.34159,1.2247,0.999961,0.267251,1.2247,0
0.0,-1.41416,0.447196,1.34159,1.2247,0.999961,1.069,-1.2247,3
0.0,-1.41416,0.447196,1.34159,1.2247,0.999961,1.069,0.0,3
0.0,-1.41416,0.447196,1.34159,1.2247,0.999961,1.069,1.2247,0
0.0,-1.41416,1.34159,-1.34159,-1.2247,-0.999961,-1.33625,-1.2247,2
0.0,-1.41416,1.34159,-1.34159,-1.2247,-0.999961,-1.33625,0.0,3
0.0,-1.41416,1.34159,-1.34159,-1.2247,-0.999961,-1.33625,1.2247,0
0.0,-1.41416,1.34159,-1.34159,-1.2247,-0.999961,0.267251,-1.2247,2
0.0,-1.41416,1.34159,-1.34159,-1.2247,-0.999961,0.267251,0.0,3
0.0,-1.41416,1.34159,-1.34159,-1.2247,-0.999961,0.267251,1.2247,0
0.0,-1.41416,1.34159,-1.34159,-1.2247,-0.999961,1.069,-1.2247,3
0.0,-1.41416,1.34159,-1.34159,-1.2247,-0.999961,1.069,0.0,3
0.0,-1.41416,1.34159,-1.34159,-1.2247,-0.999961,1.069,1.2247,0
0.0,-1.41416,1.34159,-1.34159,-1.2247,0.999961,-1.33625,-1.2247,3
0.0,-1.41416,1.34159,-1.34159,-1.2247,0.999961,-1.33625,0.0,3
0.0,-1.41416,1.34159,-1.34159,-1.2247,0.999961,-1.33625,1.2247,0
0.0,-1.41416,1.34159,-1.34159,-1.2247,0.999961,0.267251,-1.2247,3
0.0,-1.41416,1.34159,-1.34159,-1.2247,0.999961,0.267251,0.0,3
0.0,-1.41416,1.34159,-1.34159,-1.2247,0.999961,0.267251,1.2247,0
0.0,-1.41416,1.34159,-1.34159,-1.2247,0.999961,1.069,-1.2247,3
0.0,-1.41416,1.34159,-1.34159,-1.2247,0.999961,1.069,0.0,3
0.0,-1.41416,1.34159,-1.34159,-1.2247,0.999961,1.069,1.2247,0
0.0,-1.41416,1.34159,-1.34159,0.0,-0.999961,-1.33625,-1.2247,3
0.0,-1.41416,1.34159,-1.34159,0.0,-0.999961,-1.33625,0.0,3
0.0,-1.41416,1.34159,-1.34159,0.0,-0.999961,-1.33625,1.2247,0
0.0,-1.41416,1.34159,-1.34159,0.0,-0.999961,0.267251,-1.2247,3
0.0,-1.41416,1.34159,-1.34159,0.0,-0.999961,0.267251,0.0,3
0.0,-1.41416,1.34159,-1.34159,0.0,-0.999961,0.267251,1.2247,0
0.0,-1.41416,1.34159,-1.34159,0.0,-0.999961,1.069,-1.2247,3
0.0,-1.41416,1.34159,-1.34159,0.0,-0.999961,1.069,0.0,3
0.0,-1.41416,1.34159,-1.34159,0.0,-0.999961,1.069,1.2247,0
0.0,-1.41416,1.34159,-1.34159,0.0,0.999961,-1.33625,-1.2247,3
0.0,-1.41416,1.34159,-1.34159,0.0,0.999961,-1.33625,0.0,3
0.0,-1.41416,1.34159,-1.34159,0.0,0.999961,-1.33625,1.2247,0
0.0,-1.41416,1.34159,-1.34159,0.0,0.999961,0.267251,-1.2247,3
0.0,-1.41416,1.34159,-1.34159,0.0,0.999961,0.267251,0.0,3
0.0,-1.41416,1.34159,-1.34159,0.0,0.999961,0.267251,1.2247,0
0.0,-1.41416,1.34159,-1.34159,0.0,0.999961,1.069,-1.2247,3
0.0,-1.41416,1.34159,-1.34159,0.0,0.999961,1.069,0.0,3
0.0,-1.41416,1.34159,-1.34159,0.0,0.999961,1.069,1.2247,0
0.0,-1.41416,1.34159,-1.34159,1.2247,-0.999961,-1.33625,-1.2247,3
0.0,-1.41416,1.34159,-1.34159,1.2247,-0.999961,-1.33625,0.0,3
0.0,-1.41416,1.34159,-1.34159,1.2247,-0.999961,-1.33625,1.2247,0
0.0,-1.41416,1.34159,-1.34159,1.2247,-0.999961,0.267251,-1.2247,3
0.0,-1.41416,1.34159,-1.34159,1.2247,-0.999961,0.267251,0.0,3
0.0,-1.41416,1.34159,-1.34159,1.2247,-0.999961,0.267251,1.2247,0
0.0,-1.41416,1.34159,-1.34159,1.2247,-0.999961,1.069,-1.2247,3
0.0,-1.41416,1.34159,-1.34159,1.2247,-0.999961,1.069,0.0,3
0.0,-1.41416,1.34159,-1.34159,1.2247,-0.999961,1.069,1.2247,0
0.0,-1.41416,1.34159,-1.34159,1.2247,0.999961,-1.33625,-1.2247,3
0.0,-1.41416,1.34159,-1.34159,1.2247,0.999961,-1.33625,0.0,3
0.0,-1.41416,1.34159,-1.34159,1.2247,0.999961,-1.33625,1.2247,0
0.0,-1.41416,1.34159,-1.34159,1.2247,0.999961,0.267251,-1.2247,3
0.0,-1.41416,1.34159,-1.34159,1.2247,0.999961,0.267251,0.0,3
0.0,-1.41416,1.34159,-1.34159,1.2247,0.999961,0.267251,1.2247,0
0.0,-1.41416,1.34159,-1.34159,1.2247,0.999961,1.069,-1.2247,3
0.0,-1.41416,1.34159,-1.34159,1.2247,0.999961,1.069,0.0,3
0.0,-1.41416,1.34159,-1.34159,1.2247,0.999961,1.069,1.2247,0
0.0,-1.41416,1.34159,-0.447196,-1.2247,-0.999961,-1.33625,-1.2247,2
0.0,-1.41416,1.34159,-0.447196,-1.2247,-0.999961,-1.33625,0.0,3
0.0,-1.41416,1.34159,-0.447196,-1.2247,-0.999961,-1.33625,1.2247,0
0.0,-1.41416,1.34159,-0.447196,-1.2247,-0.999961,0.267251,-1.2247,2
0.0,-1.41416,1.34159,-0.447196,-1.2247,-0.999961,0.267251,0.0,3
0.0,-1.41416,1.34159,-0.447196,-1.2247,-0.999961,0.267251,1.2247,0
0.0,-1.41416,1.34159,-0.447196,-1.2247,-0.999961,1.069,-1.2247,3
0.0,-1.41416,1.34159,-0.447196,-1.2247,-0.999961,1.069,0.0,3
0.0,-1.41416,1.34159,-0.447196,-1.2247,-0.999961,1.069,1.2247,0
0.0,-1.41416,1.34159,-0.447196,-1.2247,0.999961,-1.33625,-1.2247,3
0.0,-1.41416,1.34159,-0.447196,-1.2247,0.999961,-1.33625,0.0,3
0.0,-1.41416,1.34159,-0.447196,-1.2247,0.999961,-1.33625,1.2247,0
0.0,-1.41416,1.34159,-0.447196,-1.2247,0.999961,0.267251,-1.2247,3
0.0,-1.41416,1.34159,-0.447196,-1.2247,0.999961,0.267251,0.0,3
0.0,-1.41416,1.34159,-0.447196,-1.2247,0.999961,0.267251,1.2247,0
0.0,-1.41416,1.34159,-0.447196,-1.2247,0.999961,1.069,-1.2247,3
0.0,-1.41416,1.34159,-0.447196,-1.2247,0.999961,1.069,0.0,3
0.0,-1.41416,1.34159,-0.447196,-1.2247,0.999961,1.069,1.2247,0
0.0,-1.41416,1.34159,-0.447196,0.0,-0.999961,-1.33625,-1.2247,3
0.0,-1.41416,1.34159,-0.447196,0.0,-0.999961,-1.33625,0.0,3
0.0,-1.41416,1.34159,-0.447196,0.0,-0.999961,-1.33625,1.2247,0
0.0,-1.41416,1.34159,-0.447196,0.0,-0.999961,0.267251,-1.2247,3
0.0,-1.41416,1.34159,-0.447196,0.0,-0.999961,0.267251,0.0,3
0.0,-1.41416,1.34159,-0.447196,0.0,-0.999961,0.267251,1.2247,0
0.0,-1.41416,1.34159,-0.447196,0.0,-0.999961,1.069,-1.2247,3
0.0,-1.41416,1.34159,-0.447196,0.0,-0.999961,1.069,0.0,3
0.0,-1.41416,1.34159,-0.447196,0.0,-0.999961,1.069,1.2247,0
0.0,-1.41416,1.34159,-0.447196,0.0,0.999961,-1.33625,-1.2247,3
0.0,-1.41416,1.34159,-0.447196,0.0,0.999961,-1.33625,0.0,3
0.0,-1.41416,1.34159,-0.447196,0.0,0.999961,-1.33625,1.2247,0
0.0,-1.41416,1.34159,-0.447196,0.0,0.999961,0.267251,-1.2247,3
0.0,-1.41416,1.34159,-0.447196,0.0,0.999961,0.267251,0.0,3
0.0,-1.41416,1.34159,-0.447196,0.0,0.999961,0.267251,1.2247,0
0.0,-1.41416,1.34159,-0.447196,0.0,0.999961,1.069,-1.2247,3
0.0,-1.41416,1.34159,-0.447196,0.0,0.999961,1.069,0.0,3
0.0,-1.41416,1.34159,-0.447196,0.0,0.999961,1.069,1.2247,0
0.0,-1.41416,1.34159,-0.447196,1.2247,-0.999961,-1.33625,-1.2247,3
0.0,-1.41416,1.34159,-0.447196,1.2247,-0.999961,-1.33625,0.0,3
0.0,-1.41416,1.34159,-0.447196,1.2247,-0.999961,-1.33625,1.2247,0
0.0,-1.41416,1.34159,-0.447196,1.2247,-0.999961,0.267251,-1.2247,3
0.0,-1.41416,1.34159,-0.447196,1.2247,-0.999961,0.267251,0.0,3
0.0,-1.41416,1.34159,-0.447196,1.2247,-0.999961,0.267251,1.2247,0
0.0,-1.41416,1.34159,-0.447196,1.2247,-0.999961,1.069,-1.2247,3
0.0,-1.41416,1.34159,-0.447196,1.2247,-0.999961,1.069,0.0,3
0.0,-1.41416,1.34159,-0.447196,1.2247,-0.999961,1.069,1.2247,0
0.0,-1.41416,1.34159,-0.447196,1.2247,0.999961,-1.33625,-1.2247,3
0.0,-1.41416,1.34159,-0.447196,1.2247,0.999961,-1.33625,0.0,3
0.0,-1.41416,1.34159,-0.447196,1.2247,0.999961,-1.33625,1.2247,0
0.0,-1.41416,1.34159,-0.447196,1.2247,0.999961,0.267251,-1.2247,3
0.0,-1.41416,1.34159,-0.447196,1.2247,0.999961,0.267251,0.0,3
0.0,-1.41416,1.34159,-0.447196,1.2247,0.999961,0.267251,1.2247,0
0.0,-1.41416,1.34159,-0.447196,1.2247,0.999961,1.069,-1.2247,3
0.0,-1.41416,1.34159,-0.447196,1.2247,0.999961,1.069,0.0,3
0.0,-1.41416,1.34159,-0.447196,1.2247,0.999961,1.069,1.2247,0
0.0,-1.41416,1.34159,0.447196,-1.2247,-0.999961,-1.33625,-1.2247,2
0.0,-1.41416,1.34159,0.447196,-1.2247,-0.999961,-1.33625,0.0,3
0.0,-1.41416,1.34159,0.447196,-1.2247,-0.999961,-1.33625,1.2247,0
0.0,-1.41416,1.34159,0.447196,-1.2247,-0.999961,0.267251,-1.2247,2
0.0,-1.41416,1.34159,0.447196,-1.2247,-0.999961,0.267251,0.0,3
0.0,-1.41416,1.34159,0.447196,-1.2247,-0.999961,0.267251,1.2247,0
0.0,-1.41416,1.34159,0.447196,-1.2247,-0.999961,1.069,-1.2247,3
0.0,-1.41416,1.34159,0.447196,-1.2247,-0.999961,1.069,0.0,3
0.0,-1.41416,1.34159,0.447196,-1.2247,-0.999961,1.069,1.2247,0
0.0,-1.41416,1.34159,0.447196,-1.2247,0.999961,-1.33625,-1.2247,3
0.0,-1.41416,1.34159,0.447196,-1.2247,0.999961,-1.33625,0.0,3
0.0,-1.41416,1.34159,0.447196,-1.2247,0.999961,-1.33625,1.2247,0
0.0,-1.41416,1.34159,0.447196,-1.2247,0.999961,0.267251,-1.2247,3
0.0,-1.41416,1.34159,0.447196,-1.2247,0.999961,0.267251,0.0,3
0.0,-1.41416,1.34159,0.447196,-1.2247,0.999961,0.267251,1.2247,0
0.0,-1.41416,1.34159,0.447196,-1.2247,0.999961,1.069,-1.2247,3
0.0,-1.41416,1.34159,0.447196,-1.2247,0.999961,1.069,0.0,3
0.0,-1.41416,1.34159,0.447196,-1.2247,0.999961,1.069,1.2247,0
0.0,-1.41416,1.34159,0.447196,0.0,-0.999961,-1.33625,-1.2247,3
0.0,-1.41416,1.34159,0.447196,0.0,-0.999961,-1.33625,0.0,3
0.0,-1.41416,1.34159,0.447196,0.0,-0.999961,-1.33625,1.2247,0
0.0,-1.41416,1.34159,0.447196,0.0,-0.999961,0.267251,-1.2247,3
0.0,-1.41416,1.34159,0.447196,0.0,-0.999961,0.267251,0.0,3
0.0,-1.41416,1.34159,0.447196,0.0,-0.999961,0.267251,1.2247,0
0.0,-1.41416,1.34159,0.447196,0.0,-0.999961,1.069,-1.2247,3
0.0,-1.41416,1.34159,0.447196,0.0,-0.999961,1.069,0.0,3
0.0,-1.41416,1.34159,0.447196,0.0,-0.999961,1.069,1.2247,0
0.0,-1.41416,1.34159,0.447196,0.0,0.999961,-1.33625,-1.2247,3
0.0,-1.41416,1.34159,0.447196,0.0,0.999961,-1.33625,0.0,3
0.0,-1.41416,1.34159,0.447196,0.0,0.999961,-1.33625,1.2247,0
0.0,-1.41416,1.34159,0.447196,0.0,0.999961,0.267251,-1.2247,3
0.0,-1.41416,1.34159,0.447196,0.0,0.999961,0.267251,0.0,3
0.0,-1.41416,1.34159,0.447196,0.0,0.999961,0.267251,1.2247,0
0.0,-1.41416,1.34159,0.447196,0.0,0.999961,1.069,-1.2247,3
0.0,-1.41416,1.34159,0.447196,0.0,0.999961,1.069,0.0,3
0.0,-1.41416,1.34159,0.447196,0.0,0.999961,1.069,1.2247,0
0.0,-1.41416,1.34159,0.447196,1.2247,-0.999961,-1.33625,-1.2247,3
0.0,-1.41416,1.34159,0.447196,1.2247,-0.999961,-1.33625,0.0,3
0.0,-1.41416,1.34159,0.447196,1.2247,-0.999961,-1.33625,1.2247,0
0.0,-1.41416,1.34159,0.447196,1.2247,-0.999961,0.267251,-1.2247,3
0.0,-1.41416,1.34159,0.447196,1.2247,-0.999961,0.267251,0.0,3
0.0,-1.41416,1.34159,0.447196,1.2247,-0.999961,0.267251,1.2247,0
0.0,-1.41416,1.34159,0.447196,1.2247,-0.999961,1.069,-1.2247,3
0.0,-1.41416,1.34159,0.447196,1.2247,-0.999961,1.069,0.0,3
0.0,-1.41416,1.34159,0.447196,1.2247,-0.999961,1.069,1.2247,0
0.0,-1.41416,1.34159,0.447196,1.2247,0.999961,-1.33625,-1.2247,3
0.0,-1.41416,1.34159,0.447196,1.2247,0.999961,-1.33625,0.0,3
0.0,-1.41416,1.34159,0.447196,1.2247,0.999961,-1.33625,1.2247,0
0.0,-1.41416,1.34159,0.447196,1.2247,0.999961,0.267251,-1.2247,3
0.0,-1.41416,1.34159,0.447196,1.2247,0.999961,0.267251,0.0,3
0.0,-1.41416,1.34159,0.447196,1.2247,0.999961,0.267251,1.2247,0
0.0,-1.41416,1.34159,0.447196,1.2247,0.999961,1.069,-1.2247,3
0.0,-1.41416,1.34159,0.447196,1.2247,0.999961,1.069,0.0,3
0.0,-1.41416,1.34159,0.447196,1.2247,0.999961,1.069,1.2247,0
0.0,-1.41416,1.34159,1.34159,-1.2247,-0.999961,-1.33625,-1.2247,2
0.0,-1.41416,1.34159,1.34159,-1.2247,-0.999961,-1.33625,0.0,3
0.0,-1.41416,1.34159,1.34159,-1.2247,-0.999961,-1.33625,1.2247,0
0.0,-1.41416,1.34159,1.34159,-1.2247,-0.999961,0.267251,-1.2247,2
0.0,-1.41416,1.34159,1.34159,-1.2247,-0.999961,0.267251,0.0,3
0.0,-1.41416,1.34159,1.34159,-1.2247,-0.999961,0.267251,1.2247,0
0.0,-1.41416,1.34159,1.34159,-1.2247,-0.999961,1.069,-1.2247,3
0.0,-1.41416,1.34159,1.34159,-1.2247,-0.999961,1.069,0.0,3
0.0,-1.41416,1.34159,1.34159,-1.2247,-0.999961,1.069,1.2247,0
0.0,-1.41416,1.34159,1.34159,-1.2247,0.999961,-1.33625,-1.2247,3
0.0,-1.41416,1.34159,1.34159,-1.2247,0.999961,-1.33625,0.0,3
0.0,-1.41416,1.34159,1.34159,-1.2247,0.999961,-1.33625,1.2247,0
0.0,-1.41416,1.34159,1.34159,-1.2247,0.999961,0.267251,-1.2247,3
0.0,-1.41416,1.34159,1.34159,-1.2247,0.999961,0.267251,0.0,3
0.0,-1.41416,1.34159,1.34159,-1.2247,0.999961,0.267251,1.2247,0
0.0,-1.41416,1.34159,1.34159,-1.2247,0.999961,1.069,-1.2247,3
0.0,-1.41416,1.34159,1.34159,-1.2247,0.999961,1.069,0.0,3
0.0,-1.41416,1.34159,1.34159,-1.2247,0.999961,1.069,1.2247,0
0.0,-1.41416,1.34159,1.34159,0.0,-0.999961,-1.33625,-1.2247,3
0.0,-1.41416,1.34159,1.34159,0.0,-0.999961,-1.33625,0.0,3
0.0,-1.41416,1.34159,1.34159,0.0,-0.999961,-1.33625,1.2247,0
0.0,-1.41416,1.34159,1.34159,0.0,-0.999961,0.267251,-1.2247,3
0.0,-1.41416,1.34159,1.34159,0.0,-0.999961,0.267251,0.0,3
0.0,-1.41416,1.34159,1.34159,0.0,-0.999961,0.267251,1.2247,0
0.0,-1.41416,1.34159,1.34159,0.0,-0.999961,1.069,-1.2247,3
0.0,-1.41416,1.34159,1.34159,0.0,-0.999961,1.069,0.0,3
0.0,-1.41416,1.34159,1.34159,0.0,-0.999961,1.069,1.2247,0
0.0,-1.41416,1.34159,1.34159,0.0,0.999961,-1.33625,-1.2247,3
0.0,-1.41416,1.34159,1.34159,0.0,0.999961,-1.33625,0.0,3
0.0,-1.41416,1.34159,1.34159,0.0,0.999961,-1.33625,1.2247,0
0.0,-1.41416,1.34159,1.34159,0.0,0.999961,0.267251,-1.2247,3
0.0,-1.41416,1.34159,1.34159,0.0,0.999961,0.267251,0.0,3
0.0,-1.41416,1.34159,1.34159,0.0,0.999961,0.267251,1.2247,0
0.0,-1.41416,1.34159,1.34159,0.0,0.999961,1.069,-1.2247,3
0.0,-1.41416,1.34159,1.34159,0.0,0.999961,1.069,0.0,3
0.0,-1.41416,1.34159,1.34159,0.0,0.999961,1.069,1.2247,0
0.0,-1.41416,1.34159,1.34159,1.2247,-0.999961,-1.33625,-1.2247,3
0.0,-1.41416,1.34159,1.34159,1.2247,-0.999961,-1.33625,0.0,3
0.0,-1.41416,1.34159,1.34159,1.2247,-0.999961,-1.33625,1.2247,0
0.0,-1.41416,1.34159,1.34159,1.2247,-0.999961,0.267251,-1.2247,3
0.0,-1.41416,1.34159,1.34159,1.2247,-0.999961,0.267251,0.0,3
0.0,-1.41416,1.34159,1.34159,1.2247,-0.999961,0.267251,1.2247,0
0.0,-1.41416,1.34159,1.34159,1.2247,-0.999961,1.069,-1.2247,3
0.0,-1.41416,1.34159,1.34159,1.2247,-0.999961,1.069,0.0,3
0.0,-1.41416,1.34159,1.34159,1.2247,-0.999961,1.069,1.2247,0
0.0,-1.41416,1.34159,1.34159,1.2247,0.999961,-1.33625,-1.2247,3
0.0,-1.41416,1.34159,1.34159,1.2247,0.999961,-1.33625,0.0,3
0.0,-1.41416,1.34159,1.34159,1.2247,0.999961,-1.33625,1.2247,0
0.0,-1.41416,1.34159,1.34159,1.2247,0.999961,0.267251,-1.2247,3
0.0,-1.41416,1.34159,1.34159,1.2247,0.999961,0.267251,0.0,3
0.0,-1.41416,1.34159,1.34159,1.2247,0.999961,0.267251,1.2247,0
0.0,-1.41416,1.34159,1.34159,1.2247,0.999961,1.069,-1.2247,3
0.0,-1.41416,1.34159,1.34159,1.2247,0.999961,1.069,0.0,3
0.0,-1.41416,1.34159,1.34159,1.2247,0.999961,1.069,1.2247,0
0.0,-0.70708,-1.34159,-1.34159,-1.2247,-0.999961,-1.33625,-1.2247,2
0.0,-0.70708,-1.34159,-1.34159,-1.2247,-0.999961,-1.33625,0.0,3
0.0,-0.70708,-1.34159,-1.34159,-1.2247,-0.999961,-1.33625,1.2247,0
0.0,-0.70708,-1.34159,-1.34159,-1.2247,-0.999961,0.267251,-1.2247,2
0.0,-0.70708,-1.34159,-1.34159,-1.2247,-0.999961,0.267251,0.0,3
0.0,-0.70708,-1.34159,-1.34159,-1.2247,-0.999961,0.267251,1.2247,0
0.0,-0.70708,-1.34159,-1.34159,-1.2247,-0.999961,1.069,-1.2247,3
0.0,-0.70708,-1.34159,-1.34159,-1.2247,-0.999961,1.069,0.0,3
0.0,-0.70708,-1.34159,-1.34159,-1.2247,-0.999961,1.069,1.2247,0
0.0,-0.70708,-1.34159,-1.34159,-1.2247,0.999961,-1.33625,-1.2247,2
0.0,-0.70708,-1.34159,-1.34159,-1.2247,0.999961,-1.33625,0.0,3
0.0,-0.70708,-1.34159,-1.34159,-1.2247,0.999961,-1.33625,1.2247,0
0.0,-0.70708,-1.34159,-1.34159,-1.2247,0.999961,0.267251,-1.2247,2
0.0,-0.70708,-1.34159,-1.34159,-1.2247,0.999961,0.267251,0.0,3
0.0,-0.70708,-1.34159,-1.34159,-1.2247,0.999961,0.267251,1.2247,0
0.0,-0.70708,-1.34159,-1.34159,-1.2247,0.999961,1.069,-1.2247,3
0.0,-0.70708,-1.34159,-1.34159,-1.2247,0.999961,1.069,0.0,3
0.0,-0.70708,-1.34159,-1.34159,-1.2247,0.999961,1.069,1.2247,0
0.0,-0.70708,-1.34159,-1.34159,0.0,-0.999961,-1.33625,-1.2247,2
0.0,-0.70708,-1.34159,-1.34159,0.0,-0.999961,-1.33625,0.0,3
0.0,-0.70708,-1.34159,-1.34159,0.0,-0.999961,-1.33625,1.2247,0
0.0,-0.70708,-1.34159,-1.34159,0.0,-0.999961,0.267251,-1.2247,2
0.0,-0.70708,-1.34159,-1.34159,0.0,-0.999961,0.267251,0.0,3
0.0,-0.70708,-1.34159,-1.34159,0.0,-0.999961,0.267251,1.2247,0
0.0,-0.70708,-1.34159,-1.34159,0.0,-0.999961,1.069,-1.2247,3
0.0,-0.70708,-1.34159,-1.34159,0.0,-0.999961,1.069,0.0,3
0.0,-0.70708,-1.34159,-1.34159,0.0,-0.999961,1.069,1.2247,0
0.0,-0.70708,-1.34159,-1.34159,0.0,0.999961,-1.33625,-1.2247,2
0.0,-0.70708,-1.34159,-1.34159,0.0,0.999961,-1.33625,0.0,3
0.0,-0.70708,-1.34159,-1.34159,0.0,0.999961,-1.33625,1.2247,0
0.0,-0.70708,-1.34159,-1.34159,0.0,0.999961,0.267251,-1.2247,2
0.0,-0.70708,-1.34159,-1.34159,0.0,0.999961,0.267251,0.0,3
0.0,-0.70708,-1.34159,-1.34159,0.0,0.999961,0.267251,1.2247,0
0.0,-0.70708,-1.34159,-1.34159,0.0,0.999961,1.069,-1.2247,3
0.0,-0.70708,-1.34159,-1.34159,0.0,0.999961,1.069,0.0,3
0.0,-0.70708,-1.34159,-1.34159,0.0,0.999961,1.069,1.2247,0
0.0,-0.70708,-1.34159,-1.34159,1.2247,-0.999961,-1.33625,-1.2247,2
0.0,-0.70708,-1.34159,-1.34159,1.2247,-0.999961,-1.33625,0.0,3
0.0,-0.70708,-1.34159,-1.34159,1.2247,-0.999961,-1.33625,1.2247,0
0.0,-0.70708,-1.34159,-1.34159,1.2247,-0.999961,0.267251,-1.2247,2
0.0,-0.70708,-1.34159,-1.34159,1.2247,-0.999961,0.267251,0.0,3
0.0,-0.70708,-1.34159,-1.34159,1.2247,-0.999961,0.267251,1.2247,0
0.0,-0.70708,-1.34159,-1.34159,1.2247,-0.999961,1.069,-1.2247,3
0.0,-0.70708,-1.34159,-1.34159,1.2247,-0.999961,1.069,0.0,3
0.0,-0.70708,-1.34159,-1.34159,1.2247,-0.999961,1.069,1.2247,0
0.0,-0.70708,-1.34159,-1.34159,1.2247,0.999961,-1.33625,-1.2247,2
0.0,-0.70708,-1.34159,-1.34159,1.2247,0.999961,-1.33625,0.0,3
0.0,-0.70708,-1.34159,-1.34159,1.2247,0.999961,-1.33625,1.2247,0
0.0,-0.70708,-1.34159,-1.34159,1.2247,0.999961,0.267251,-1.2247,2
0.0,-0.70708,-1.34159,-1.34159,1.2247,0.999961,0.267251,0.0,3
0.0,-0.70708,-1.34159,-1.34159,1.2247,0.999961,0.267251,1.2247,0
0.0,-0.70708,-1.34159,-1.34159,1.2247,0.999961,1.069,-1.2247,3
0.0,-0.70708,-1.34159,-1.34159,1.2247,0.999961,1.069,0.0,3
0.0,-0.70708,-1.34159,-1.34159,1.2247,0.999961,1.069,1.2247,0
0.0,-0.70708,-1.34159,-0.447196,-1.2247,-0.999961,-1.33625,-1.2247,2
0.0,-0.70708,-1.34159,-0.447196,-1.2247,-0.999961,-1.33625,0.0,3
0.0,-0.70708,-1.34159,-0.447196,-1.2247,-0.999961,-1.33625,1.2247,0
0.0,-0.70708,-1.34159,-0.447196,-1.2247,-0.999961,0.267251,-1.2247,2
0.0,-0.70708,-1.34159,-0.447196,-1.2247,-0.999961,0.267251,0.0,3
0.0,-0.70708,-1.34159,-0.447196,-1.2247,-0.999961,0.267251,1.2247,0
0.0,-0.70708,-1.34159,-0.447196,-1.2247,-0.999961,1.069,-1.2247,3
0.0,-0.70708,-1.34159,-0.447196,-1.2247,-0.999961,1.069,0.0,3
0.0,-0.70708,-1.34159,-0.447196,-1.2247,-0.999961,1.069,1.2247,0
0.0,-0.70708,-1.34159,-0.447196,-1.2247,0.999961,-1.33625,-1.2247,2
0.0,-0.70708,-1.34159,-0.447196,-1.2247,0.999961,-1.33625,0.0,3
0.0,-0.70708,-1.34159,-0.447196,-1.2247,0.999961,-1.33625,1.2247,0
0.0,-0.70708,-1.34159,-0.447196,-1.2247,0.999961,0.267251,-1.2247,2
0.0,-0.70708,-1.34159,-0.447196,-1.2247,0.999961,0.267251,0.0,3
0.0,-0.70708,-1.34159,-0.447196,-1.2247,0.999961,0.267251,1.2247,0
0.0,-0.70708,-1.34159,-0.447196,-1.2247,0.999961,1.069,-1.2247,3
0.0,-0.70708,-1.34159,-0.447196,-1.2247,0.999961,1.069,0.0,3
0.0,-0.70708,-1.34159,-0.447196,-1.2247,0.999961,1.069,1.2247,0
0.0,-0.70708,-1.34159,-0.447196,0.0,-0.999961,-1.33625,-1.2247,2
0.0,-0.70708,-1.34159,-0.447196,0.0,-0.999961,-1.33625,0.0,3
0.0,-0.70708,-1.34159,-0.447196,0.0,-0.999961,-1.33625,1.2247,0
0.0,-0.70708,-1.34159,-0.447196,0.0,-0.999961,0.267251,-1.2247,2
0.0,-0.70708,-1.34159,-0.447196,0.0,-0.999961,0.267251,0.0,3
0.0,-0.70708,-1.34159,-0.447196,0.0,-0.999961,0.267251,1.2247,0
0.0,-0.70708,-1.34159,-0.447196,0.0,-0.999961,1.069,-1.2247,3
0.0,-0.70708,-1.34159,-0.447196,0.0,-0.999961,1.069,0.0,3
0.0,-0.70708,-1.34159,-0.447196,0.0,-0.999961,1.069,1.2247,0
0.0,-0.70708,-1.34159,-0.447196,0.0,0.999961,-1.33625,-1.2247,2
0.0,-0.70708,-1.34159,-0.447196,0.0,0.999961,-1.33625,0.0,3
0.0,-0.70708,-1.34159,-0.447196,0.0,0.999961,-1.33625,1.2247,0
0.0,-0.70708,-1.34159,-0.447196,0.0,0.999961,0.267251,-1.2247,2
0.0,-0.70708,-1.34159,-0.447196,0.0,0.999961,0.267251,0.0,3
0.0,-0.70708,-1.34159,-0.447196,0.0,0.999961,0.267251,1.2247,0
0.0,-0.70708,-1.34159,-0.447196,0.0,0.999961,1.069,-1.2247,3
0.0,-0.70708,-1.34159,-0.447196,0.0,0.999961,1.069,0.0,3
0.0,-0.70708,-1.34159,-0.447196,0.0,0.999961,1.069,1.2247,0
0.0,-0.70708,-1.34159,-0.447196,1.2247,-0.999961,-1.33625,-1.2247,3
0.0,-0.70708,-1.34159,-0.447196,1.2247,-0.999961,-1.33625,0.0,3
0.0,-0.70708,-1.34159,-0.447196,1.2247,-0.999961,-1.33625,1.2247,0
0.0,-0.70708,-1.34159,-0.447196,1.2247,-0.999961,0.267251,-1.2247,3
0.0,-0.70708,-1.34159,-0.447196,1.2247,-0.999961,0.267251,0.0,3
0.0,-0.70708,-1.34159,-0.447196,1.2247,-0.999961,0.267251,1.2247,0
0.0,-0.70708,-1.34159,-0.447196,1.2247,-0.999961,1.069,-1.2247,3
0.0,-0.70708,-1.34159,-0.447196,1.2247,-0.999961,1.069,0.0,3
0.0,-0.70708,-1.34159,-0.447196,1.2247,-0.999961,1.069,1.2247,0
0.0,-0.70708,-1.34159,-0.447196,1.2247,0.999961,-1.33625,-1.2247,3
0.0,-0.70708,-1.34159,-0.447196,1.2247,0.999961,-1.33625,0.0,3
0.0,-0.70708,-1.34159,-0.447196,1.2247,0.999961,-1.33625,1.2247,0
0.0,-0.70708,-1.34159,-0.447196,1.2247,0.999961,0.267251,-1.2247,3
0.0,-0.70708,-1.34159,-0.447196,1.2247,0.999961,0.267251,0.0,3
0.0,-0.70708,-1.34159,-0.447196,1.2247,0.999961,0.267251,1.2247,0
0.0,-0.70708,-1.34159,-0.447196,1.2247,0.999961,1.069,-1.2247,3
0.0,-0.70708,-1.34159,-0.447196,1.2247,0.999961,1.069,0.0,3
0.0,-0.70708,-1.34159,-0.447196,1.2247,0.999961,1.069,1.2247,0
0.0,-0.70708,-1.34159,0.447196,-1.2247,-0.999961,-1.33625,-1.2247,2
0.0,-0.70708,-1.34159,0.447196,-1.2247,-0.999961,-1.33625,0.0,3
0.0,-0.70708,-1.34159,0.447196,-1.2247,-0.999961,-1.33625,1.2247,0
0.0,-0.70708,-1.34159,0.447196,-1.2247,-0.999961,0.267251,-1.2247,2
0.0,-0.70708,-1.34159,0.447196,-1.2247,-0.999961,0.267251,0.0,3
0.0,-0.70708,-1.34159,0.447196,-1.2247,-0.999961,0.267251,1.2247,0
0.0,-0.70708,-1.34159,0.447196,-1.2247,-0.999961,1.069,-1.2247,3
0.0,-0.70708,-1.34159,0.447196,-1.2247,-0.999961,1.069,0.0,3
0.0,-0.70708,-1.34159,0.447196,-1.2247,-0.999961,1.069,1.2247,0
0.0,-0.70708,-1.34159,0.447196,-1.2247,0.999961,-1.33625,-1.2247,3
0.0,-0.70708,-1.34159,0.447196,-1.2247,0.999961,-1.33625,0.0,3
0.0,-0.70708,-1.34159,0.447196,-1.2247,0.999961,-1.33625,1.2247,0
0.0,-0.70708,-1.34159,0.447196,-1.2247,0.999961,0.267251,-1.2247,3
0.0,-0.70708,-1.34159,0.447196,-1.2247,0.999961,0.267251,0.0,3
0.0,-0.70708,-1.34159,0.447196,-1.2247,0.999961,0.267251,1.2247,0
0.0,-0.70708,-1.34159,0.447196,-1.2247,0.999961,1.069,-1.2247,3
0.0,-0.70708,-1.34159,0.447196,-1.2247,0.999961,1.069,0.0,3
0.0,-0.70708,-1.34159,0.447196,-1.2247,0.999961,1.069,1.2247,0
0.0,-0.70708,-1.34159,0.447196,0.0,-0.999961,-1.33625,-1.2247,3
0.0,-0.70708,-1.34159,0.447196,0.0,-0.999961,-1.33625,0.0,3
0.0,-0.70708,-1.34159,0.447196,0.0,-0.999961,-1.33625,1.2247,0
0.0,-0.70708,-1.34159,0.447196,0.0,-0.999961,0.267251,-1.2247,3
0.0,-0.70708,-1.34159,0.447196,0.0,-0.999961,0.267251,0.0,3
0.0,-0.70708,-1.34159,0.447196,0.0,-0.999961,0.267251,1.2247,0
0.0,-0.70708,-1.34159,0.447196,0.0,-0.999961,1.069,-1.2247,3
0.0,-0.70708,-1.34159,0.447196,0.0,-0.999961,1.069,0.0,3
0.0,-0.70708,-1.34159,0.447196,0.0,-0.999961,1.069,1.2247,0
0.0,-0.70708,-1.34159,0.447196,0.0,0.999961,-1.33625,-1.2247,3
0.0,-0.70708,-1.34159,0.447196,0.0,0.999961,-1.33625,0.0,3
0.0,-0.70708,-1.34159,0.447196,0.0,0.999961,-1.33625,1.2247,0
0.0,-0.70708,-1.34159,0.447196,0.0,0.999961,0.267251,-1.2247,3
0.0,-0.70708,-1.34159,0.447196,0.0,0.999961,0.267251,0.0,3
0.0,-0.70708,-1.34159,0.447196,0.0,0.999961,0.267251,1.2247,0
0.0,-0.70708,-1.34159,0.447196,0.0,0.999961,1.069,-1.2247,3
0.0,-0.70708,-1.34159,0.447196,0.0,0.999961,1.069,0.0,3
0.0,-0.70708,-1.34159,0.447196,0.0,0.999961,1.069,1.2247,0
0.0,-0.70708,-1.34159,0.447196,1.2247,-0.999961,-1.33625,-1.2247,3
0.0,-0.70708,-1.34159,0.447196,1.2247,-0.999961,-1.33625,0.0,3
0.0,-0.70708,-1.34159,0.447196,1.2247,-0.999961,-1.33625,1.2247,0
0.0,-0.70708,-1.34159,0.447196,1.2247,-0.999961,0.267251,-1.2247,3
0.0,-0.70708,-1.34159,0.447196,1.2247,-0.999961,0.267251,0.0,3
0.0,-0.70708,-1.34159,0.447196,1.2247,-0.999961,0.267251,1.2247,0
0.0,-0.70708,-1.34159,0.447196,1.2247,-0.999961,1.069,-1.2247,3
0.0,-0.70708,-1.34159,0.447196,1.2247,-0.999961,1.069,0.0,3
0.0,-0.70708,-1.34159,0.447196,1.2247,-0.999961,1.069,1.2247,0
0.0,-0.70708,-1.34159,0.447196,1.2247,0.999961,-1.33625,-1.2247,3
0.0,-0.70708,-1.34159,0.447196,1.2247,0.999961,-1.33625,0.0,3
0.0,-0.70708,-1.34159,0.447196,1.2247,0.999961,-1.33625,1.2247,0
0.0,-0.70708,-1.34159,0.447196,1.2247,0.999961,0.267251,-1.2247,3
0.0,-0.70708,-1.34159,0.447196,1.2247,0.999961,0.267251,0.0,3
0.0,-0.70708,-1.34159,0.447196,1.2247,0.999961,0.267251,1.2247,0
0.0,-0.70708,-1.34159,0.447196,1.2247,0.999961,1.069,-1.2247,3
0.0,-0.70708,-1.34159,0.447196,1.2247,0.999961,1.069,0.0,3
0.0,-0.70708,-1.34159,0.447196,1.2247,0.999961,1.069,1.2247,0
0.0,-0.70708,-1.34159,1.34159,-1.2247,-0.999961,-1.33625,-1.2247,2
0.0,-0.70708,-1.34159,1.34159,-1.2247,-0.999961,-1.33625,0.0,3
0.0,-0.70708,-1.34159,1.34159,-1.2247,-0.999961,-1.33625,1.2247,0
0.0,-0.70708,-1.34159,1.34159,-1.2247,-0.999961,0.267251,-1.2247,2
0.0,-0.70708,-1.34159,1.34159,-1.2247,-0.999961,0.267251,0.0,3
0.0,-0.70708,-1.34159,1.34159,-1.2247,-0.999961,0.267251,1.2247,0
0.0,-0.70708,-1.34159,1.34159,-1.2247,-0.999961,1.069,-1.2247,3
0.0,-0.70708,-1.34159,1.34159,-1.2247,-0.999961,1.069,0.0,3
0.0,-0.70708,-1.34159,1.34159,-1.2247,-0.999961,1.069,1.2247,0
0.0,-0.70708,-1.34159,1.34159,-1.2247,0.999961,-1.33625,-1.2247,3
0.0,-0.70708,-1.34159,1.34159,-1.2247,0.999961,-1.33625,0.0,3
0.0,-0.70708,-1.34159,1.34159,-1.2247,0.999961,-1.33625,1.2247,0
0.0,-0.70708,-1.34159,1.34159,-1.2247,0.999961,0.267251,-1.2247,3
0.0,-0.70708,-1.34159,1.34159,-1.2247,0.999961,0.267251,0.0,3
0.0,-0.70708,-1.34159,1.34159,-1.2247,0.999961,0.267251,1.2247,0
0.0,-0.70708,-1.34159,1.34159,-1.2247,0.999961,1.069,-1.2247,3
0.0,-0.70708,-1.34159,1.34159,-1.2247,0.999961,1.069,0.0,3
0.0,-0.70708,-1.34159,1.34159,-1.2247,0.999961,1.069,1.2247,0
0.0,-0.70708,-1.34159,1.34159,0.0,-0.999961,-1.33625,-1.2247,3
0.0,-0.70708,-1.34159,1.34159,0.0,-0.999961,-1.33625,0.0,3
0.0,-0.70708,-1.34159,1.34159,0.0,-0.999961,-1.33625,1.2247,0
0.0,-0.70708,-1.34159,1.34159,0.0,-0.999961,0.267251,-1.2247,3
0.0,-0.70708,-1.34159,1.34159,0.0,-0.999961,0.267251,0.0,3
0.0,-0.70708,-1.34159,1.34159,0.0,-0.999961,0.267251,1.2247,0
0.0,-0.70708,-1.34159,1.34159,0.0,-0.999961,1.069,-1.2247,3
0.0,-0.70708,-1.34159,1.34159,0.0,-0.999961,1.069,0.0,3
0.0,-0.70708,-1.34159,1.34159,0.0,-0.999961,1.069,1.2247,0
0.0,-0.70708,-1.34159,1.34159,0.0,0.999961,-1.33625,-1.2247,3
0.0,-0.70708,-1.34159,1.34159,0.0,0.999961,-1.33625,0.0,3
0.0,-0.70708,-1.34159,1.34159,0.0,0.999961,-1.33625,1.2247,0
0.0,-0.70708,-1.34159,1.34159,0.0,0.999961,0.267251,-1.2247,3
0.0,-0.70708,-1.34159,1.34159,0.0,0.999961,0.267251,0.0,3
0.0,-0.70708,-1.34159,1.34159,0.0,0.999961,0.267251,1.2247,0
0.0,-0.70708,-1.34159,1.34159,0.0,0.999961,1.069,-1.2247,3
0.0,-0.70708,-1.34159,1.34159,0.0,0.999961,1.069,0.0,3
0.0,-0.70708,-1.34159,1.34159,0.0,0.999961,1.069,1.2247,0
0.0,-0.70708,-1.34159,1.34159,1.2247,-0.999961,-1.33625,-1.2247,3
0.0,-0.70708,-1.34159,1.34159,1.2247,-0.999961,-1.33625,0.0,3
0.0,-0.70708,-1.34159,1.34159,1.2247,-0.999961,-1.33625,1.2247,0
0.0,-0.70708,-1.34159,1.34159,1.2247,-0.999961,0.267251,-1.2247,3
0.0,-0.70708,-1.34159,1.34159,1.2247,-0.999961,0.267251,0.0,3
0.0,-0.70708,-1.34159,1.34159,1.2247,-0.999961,0.267251,1.2247,0
0.0,-0.70708,-1.34159,1.34159,1.2247,-0.999961,1.069,-1.2247,3
0.0,-0.70708,-1.34159,1.34159,1.2247,-0.999961,1.069,0.0,3
0.0,-0.70708,-1.34159,1.34159,1.2247,-0.999961,1.069,1.2247,0
0.0,-0.70708,-1.34159,1.34159,1.2247,0.999961,-1.33625,-1.2247,3
0.0,-0.70708,-1.34159,1.34159,1.2247,0.999961,-1.33625,0.0,3
0.0,-0.70708,-1.34159,1.34159,1.2247,0.999961,-1.33625,1.2247,0
0.0,-0.70708,-1.34159,1.34159,1.2247,0.999961,0.267251,-1.2247,3
0.0,-0.70708,-1.34159,1.34159,1.2247,0.999961,0.267251,0.0,3
0.0,-0.70708,-1.34159,1.34159,1.2247,0.999961,0.267251,1.2247,0
0.0,-0.70708,-1.34159,1.34159,1.2247,0.999961,1.069,-1.2247,3
0.0,-0.70708,-1.34159,1.34159,1.2247,0.999961,1.069,0.0,3
0.0,-0.70708,-1.34159,1.34159,1.2247,0.999961,1.069,1.2247,0
0.0,-0.70708,-0.447196,-1.34159,-1.2247,-0.999961,-1.33625,-1.2247,2
0.0,-0.70708,-0.447196,-1.34159,-1.2247,-0.999961,-1.33625,0.0,3
0.0,-0.70708,-0.447196,-1.34159,-1.2247,-0.999961,-1.33625,1.2247,0
0.0,-0.70708,-0.447196,-1.34159,-1.2247,-0.999961,0.267251,-1.2247,2
0.0,-0.70708,-0.447196,-1.34159,-1.2247,-0.999961,0.267251,0.0,3
0.0,-0.70708,-0.447196,-1.34159,-1.2247,-0.999961,0.267251,1.2247,0
0.0,-0.70708,-0.447196,-1.34159,-1.2247,-0.999961,1.069,-1.2247,3
0.0,-0.70708,-0.447196,-1.34159,-1.2247,-0.999961,1.069,0.0,3
0.0,-0.70708,-0.447196,-1.34159,-1.2247,-0.999961,1.069,1.2247,0
0.0,-0.70708,-0.447196,-1.34159,-1.2247,0.999961,-1.33625,-1.2247,2
0.0,-0.70708,-0.447196,-1.34159,-1.2247,0.999961,-1.33625,0.0,3
0.0,-0.70708,-0.447196,-1.34159,-1.2247,0.999961,-1.33625,1.2247,0
0.0,-0.70708,-0.447196,-1.34159,-1.2247,0.999961,0.267251,-1.2247,2
0.0,-0.70708,-0.447196,-1.34159,-1.2247,0.999961,0.267251,0.0,3
0.0,-0.70708,-0.447196,-1.34159,-1.2247,0.999961,0.267251,1.2247,0
0.0,-0.70708,-0.447196,-1.34159,-1.2247,0.999961,1.069,-1.2247,3
0.0,-0.70708,-0.447196,-1.34159,-1.2247,0.999961,1.069,0.0,3
0.0,-0.70708,-0.447196,-1.34159,-1.2247,0.999961,1.069,1.2247,0
0.0,-0.70708,-0.447196,-1.34159,0.0,-0.999961,-1.33625,-1.2247,2
0.0,-0.70708,-0.447196,-1.34159,0.0,-0.999961,-1.33625,0.0,3
0.0,-0.70708,-0.447196,-1.34159,0.0,-0.999961,-1.33625,1.2247,0
0.0,-0.70708,-0.447196,-1.34159,0.0,-0.999961,0.267251,-1.2247,2
0.0,-0.70708,-0.447196,-1.34159,0.0,-0.999961,0.267251,0.0,3
0.0,-0.70708,-0.447196,-1.34159,0.0,-0.999961,0.267251,1.2247,0
0.0,-0.70708,-0.447196,-1.34159,0.0,-0.999961,1.069,-1.2247,3
0.0,-0.70708,-0.447196,-1.34159,0.0,-0.999961,1.069,0.0,3
0.0,-0.70708,-0.447196,-1.34159,0.0,-0.999961,1.069,1.2247,0
0.0,-0.70708,-0.447196,-1.34159,0.0,0.999961,-1.33625,-1.2247,2
0.0,-0.70708,-0.447196,-1.34159,0.0,0.999961,-1.33625,0.0,3
0.0,-0.70708,-0.447196,-1.34159,0.0,0.999961,-1.33625,1.2247,0
0.0,-0.70708,-0.447196,-1.34159,0.0,0.999961,0.267251,-1.2247,2
0.0,-0.70708,-0.447196,-1.34159,0.0,0.999961,0.267251,0.0,3
0.0,-0.70708,-0.447196,-1.34159,0.0,0.999961,0.267251,1.2247,0
0.0,-0.70708,-0.447196,-1.34159,0.0,0.999961,1.069,-1.2247,3
0.0,-0.70708,-0.447196,-1.34159,0.0,0.999961,1.069,0.0,3
0.0,-0.70708,-0.447196,-1.34159,0.0,0.999961,1.069,1.2247,0
0.0,-0.70708,-0.447196,-1.34159,1.2247,-0.999961,-1.33625,-1.2247,3
0.0,-0.70708,-0.447196,-1.34159,1.2247,-0.999961,-1.33625,0.0,3
0.0,-0.70708,-0.447196,-1.34159,1.2247,-0.999961,-1.33625,1.2247,0
0.0,-0.70708,-0.447196,-1.34159,1.2247,-0.999961,0.267251,-1.2247,3
0.0,-0.70708,-0.447196,-1.34159,1.2247,-0.999961,0.267251,0.0,3
0.0,-0.70708,-0.447196,-1.34159,1.2247,-0.999961,0.267251,1.2247,0
0.0,-0.70708,-0.447196,-1.34159,1.2247,-0.999961,1.069,-1.2247,3
0.0,-0.70708,-0.447196,-1.34159,1.2247,-0.999961,1.069,0.0,3
0.0,-0.70708,-0.447196,-1.34159,1.2247,-0.999961,1.069,1.2247,0
0.0,-0.70708,-0.447196,-1.34159,1.2247,0.999961,-1.33625,-1.2247,3
0.0,-0.70708,-0.447196,-1.34159,1.2247,0.999961,-1.33625,0.0,3
0.0,-0.70708,-0.447196,-1.34159,1.2247,0.999961,-1.33625,1.2247,0
0.0,-0.70708,-0.447196,-1.34159,1.2247,0.999961,0.267251,-1.2247,3
0.0,-0.70708,-0.447196,-1.34159,1.2247,0.999961,0.267251,0.0,3
0.0,-0.70708,-0.447196,-1.34159,1.2247,0.999961,0.267251,1.2247,0
0.0,-0.70708,-0.447196,-1.34159,1.2247,0.999961,1.069,-1.2247,3
0.0,-0.70708,-0.447196,-1.34159,1.2247,0.999961,1.069,0.0,3
0.0,-0.70708,-0.447196,-1.34159,1.2247,0.999961,1.069,1.2247,0
0.0,-0.70708,-0.447196,-0.447196,-1.2247,-0.999961,-1.33625,-1.2247,2
0.0,-0.70708,-0.447196,-0.447196,-1.2247,-0.999961,-1.33625,0.0,3
0.0,-0.70708,-0.447196,-0.447196,-1.2247,-0.999961,-1.33625,1.2247,0
0.0,-0.70708,-0.447196,-0.447196,-1.2247,-0.999961,0.267251,-1.2247,2
0.0,-0.70708,-0.447196,-0.447196,-1.2247,-0.999961,0.267251,0.0,3
0.0,-0.70708,-0.447196,-0.447196,-1.2247,-0.999961,0.267251,1.2247,0
0.0,-0.70708,-0.447196,-0.447196,-1.2247,-0.999961,1.069,-1.2247,3
0.0,-0.70708,-0.447196,-0.447196,-1.2247,-0.999961,1.069,0.0,3
0.0,-0.70708,-0.447196,-0.447196,-1.2247,-0.999961,1.069,1.2247,0
0.0,-0.70708,-0.447196,-0.447196,-1.2247,0.999961,-1.33625,-1.2247,2
0.0,-0.70708,-0.447196,-0.447196,-1.2247,0.999961,-1.33625,0.0,3
0.0,-0.70708,-0.447196,-0.447196,-1.2247,0.999961,-1.33625,1.2247,0
0.0,-0.70708,-0.447196,-0.447196,-1.2247,0.999961,0.267251,-1.2247,2
0.0,-0.70708,-0.447196,-0.447196,-1.2247,0.999961,0.267251,0.0,3
0.0,-0.70708,-0.447196,-0.447196,-1.2247,0.999961,0.267251,1.2247,0
0.0,-0.70708,-0.447196,-0.447196,-1.2247,0.999961,1.069,-1.2247,3
0.0,-0.70708,-0.447196,-0.447196,-1.2247,0.999961,1.069,0.0,3
0.0,-0.70708,-0.447196,-0.447196,-1.2247,0.999961,1.069,1.2247,0
0.0,-0.70708,-0.447196,-0.447196,0.0,-0.999961,-1.33625,-1.2247,2
0.0,-0.70708,-0.447196,-0.447196,0.0,-0.999961,-1.33625,0.0,3
0.0,-0.70708,-0.447196,-0.447196,0.0,-0.999961,-1.33625,1.2247,0
0.0,-0.70708,-0.447196,-0.447196,0.0,-0.999961,0.267251,-1.2247,2
0.0,-0.70708,-0.447196,-0.447196,0.0,-0.999961,0.267251,0.0,3
0.0,-0.70708,-0.447196,-0.447196,0.0,-0.999961,0.267251,1.2247,0
0.0,-0.70708,-0.447196,-0.447196,0.0,-0.999961,1.069,-1.2247,3
0.0,-0.70708,-0.447196,-0.447196,0.0,-0.999961,1.069,0.0,3
0.0,-0.70708,-0.447196,-0.447196,0.0,-0.999961,1.069,1.2247,0
0.0,-0.70708,-0.447196,-0.447196,0.0,0.999961,-1.33625,-1.2247,2
0.0,-0.70708,-0.447196,-0.447196,0.0,0.999961,-1.33625,0.0,3
0.0,-0.70708,-0.447196,-0.447196,0.0,0.999961,-1.33625,1.2247,0
0.0,-0.70708,-0.447196,-0.447196,0.0,0.999961,0.267251,-1.2247,2
0.0,-0.70708,-0.447196,-0.447196,0.0,0.999961,0.267251,0.0,3
0.0,-0.70708,-0.447196,-0.447196,0.0,0.999961,0.267251,1.2247,0
0.0,-0.70708,-0.447196,-0.447196,0.0,0.999961,1.069,-1.2247,3
0.0,-0.70708,-0.447196,-0.447196,0.0,0.999961,1.069,0.0,3
0.0,-0.70708,-0.447196,-0.447196,0.0,0.999961,1.069,1.2247,0
0.0,-0.70708,-0.447196,-0.447196,1.2247,-0.999961,-1.33625,-1.2247,3
0.0,-0.70708,-0.447196,-0.447196,1.2247,-0.999961,-1.33625,0.0,3
0.0,-0.70708,-0.447196,-0.447196,1.2247,-0.999961,-1.33625,1.2247,0
0.0,-0.70708,-0.447196,-0.447196,1.2247,-0.999961,0.267251,-1.2247,3
0.0,-0.70708,-0.447196,-0.447196,1.2247,-0.999961,0.267251,0.0,3
0.0,-0.70708,-0.447196,-0.447196,1.2247,-0.999961,0.267251,1.2247,0
0.0,-0.70708,-0.447196,-0.447196,1.2247,-0.999961,1.069,-1.2247,3
0.0,-0.70708,-0.447196,-0.447196,1.2247,-0.999961,1.069,0.0,3
0.0,-0.70708,-0.447196,-0.447196,1.2247,-0.999961,1.069,1.2247,0
0.0,-0.70708,-0.447196,-0.447196,1.2247,0.999961,-1.33625,-1.2247,3
0.0,-0.70708,-0.447196,-0.447196,1.2247,0.999961,-1.33625,0.0,3
0.0,-0.70708,-0.447196,-0.447196,1.2247,0.999961,-1.33625,1.2247,0
0.0,-0.70708,-0.447196,-0.447196,1.2247,0.999961,0.267251,-1.2247,3
0.0,-0.70708,-0.447196,-0.447196,1.2247,0.999961,0.267251,0.0,3
0.0,-0.70708,-0.447196,-0.447196,1.2247,0.999961,0.267251,1.2247,0
0.0,-0.70708,-0.447196,-0.447196,1.2247,0.999961,1.069,-1.2247,3
0.0,-0.70708,-0.447196,-0.447196,1.2247,0.999961,1.069,0.0,3
0.0,-0.70708,-0.447196,-0.447196,1.2247,0.999961,1.069,1.2247,0
0.0,-0.70708,-0.447196,0.447196,-1.2247,-0.999961,-1.33625,-1.2247,2
0.0,-0.70708,-0.447196,0.447196,-1.2247,-0.999961,-1.33625,0.0,3
0.0,-0.70708,-0.447196,0.447196,-1.2247,-0.999961,-1.33625,1.2247,0
0.0,-0.70708,-0.447196,0.447196,-1.2247,-0.999961,0.267251,-1.2247,2
0.0,-0.70708,-0.447196,0.447196,-1.2247,-0.999961,0.267251,0.0,3
0.0,-0.70708,-0.447196,0.447196,-1.2247,-0.999961,0.267251,1.2247,0
0.0,-0.70708,-0.447196,0.447196,-1.2247,-0.999961,1.069,-1.2247,3
0.0,-0.70708,-0.447196,0.447196,-1.2247,-0.999961,1.069,0.0,3
0.0,-0.70708,-0.447196,0.447196,-1.2247,-0.999961,1.069,1.2247,0
0.0,-0.70708,-0.447196,0.447196,-1.2247,0.999961,-1.33625,-1.2247,3
0.0,-0.70708,-0.447196,0.447196,-1.2247,0.999961,-1.33625,0.0,3
0.0,-0.70708,-0.447196,0.447196,-1.2247,0.999961,-1.33625,1.2247,0
0.0,-0.70708,-0.447196,0.447196,-1.2247,0.999961,0.267251,-1.2247,3
0.0,-0.70708,-0.447196,0.447196,-1.2247,0.999961,0.267251,0.0,3
0.0,-0.70708,-0.447196,0.447196,-1.2247,0.999961,0.267251,1.2247,0
0.0,-0.70708,-0.447196,0.447196,-1.2247,0.999961,1.069,-1.2247,3
0.0,-0.70708,-0.447196,0.447196,-1.2247,0.999961,1.069,0.0,3
0.0,-0.70708,-0.447196,0.447196,-1.2247,0.999961,1.069,1.2247,0
0.0,-0.70708,-0.447196,0.447196,0.0,-0.999961,-1.33625,-1.2247,3
0.0,-0.70708,-0.447196,0.447196,0.0,-0.999961,-1.33625,0.0,3
0.0,-0.70708,-0.447196,0.447196,0.0,-0.999961,-1.33625,1.2247,0
0.0,-0.70708,-0.447196,0.447196,0.0,-0.999961,0.267251,-1.2247,3
0.0,-0.70708,-0.447196,0.447196,0.0,-0.999961,0.267251,0.0,3
0.0,-0.70708,-0.447196,0.447196,0.0,-0.999961,0.267251,1.2247,0
0.0,-0.70708,-0.447196,0.447196,0.0,-0.999961,1.069,-1.2247,3
0.0,-0.70708,-0.447196,0.447196,0.0,-0.999961,1.069,0.0,3
0.0,-0.70708,-0.447196,0.447196,0.0,-0.999961,1.069,1.2247,0
0.0,-0.70708,-0.447196,0.447196,0.0,0.999961,-1.33625,-1.2247,3
0.0,-0.70708,-0.447196,0.447196,0.0,0.999961,-1.33625,0.0,3
0.0,-0.70708,-0.447196,0.447196,0.0,0.999961,-1.33625,1.2247,0
0.0,-0.70708,-0.447196,0.447196,0.0,0.999961,0.267251,-1.2247,3
0.0,-0.70708,-0.447196,0.447196,0.0,0.999961,0.267251,0.0,3
0.0,-0.70708,-0.447196,0.447196,0.0,0.999961,0.267251,1.2247,0
0.0,-0.70708,-0.447196,0.447196,0.0,0.999961,1.069,-1.2247,3
0.0,-0.70708,-0.447196,0.447196,0.0,0.999961,1.069,0.0,3
0.0,-0.70708,-0.447196,0.447196,0.0,0.999961,1.069,1.2247,0
0.0,-0.70708,-0.447196,0.447196,1.2247,-0.999961,-1.33625,-1.2247,3
0.0,-0.70708,-0.447196,0.447196,1.2247,-0.999961,-1.33625,0.0,3
0.0,-0.70708,-0.447196,0.447196,1.2247,-0.999961,-1.33625,1.2247,0
0.0,-0.70708,-0.447196,0.447196,1.2247,-0.999961,0.267251,-1.2247,3
0.0,-0.70708,-0.447196,0.447196,1.2247,-0.999961,0.267251,0.0,3
0.0,-0.70708,-0.447196,0.447196,1.2247,-0.999961,0.267251,1.2247,0
0.0,-0.70708,-0.447196,0.447196,1.2247,-0.999961,1.069,-1.2247,3
0.0,-0.70708,-0.447196,0.447196,1.2247,-0.999961,1.069,0.0,3
0.0,-0.70708,-0.447196,0.447196,1.2247,-0.999961,1.069,1.2247,0
0.0,-0.70708,-0.447196,0.447196,1.2247,0.999961,-1.33625,-1.2247,3
0.0,-0.70708,-0.447196,0.447196,1.2247,0.999961,-1.33625,0.0,3
0.0,-0.70708,-0.447196,0.447196,1.2247,0.999961,-1.33625,1.2247,0
0.0,-0.70708,-0.447196,0.447196,1.2247,0.999961,0.267251,-1.2247,3
0.0,-0.70708,-0.447196,0.447196,1.2247,0.999961,0.267251,0.0,3
0.0,-0.70708,-0.447196,0.447196,1.2247,0.999961,0.267251,1.2247,0
0.0,-0.70708,-0.447196,0.447196,1.2247,0.999961,1.069,-1.2247,3
0.0,-0.70708,-0.447196,0.447196,1.2247,0.999961,1.069,0.0,3
0.0,-0.70708,-0.447196,0.447196,1.2247,0.999961,1.069,1.2247,0
0.0,-0.70708,-0.447196,1.34159,-1.2247,-0.999961,-1.33625,-1.2247,2
0.0,-0.70708,-0.447196,1.34159,-1.2247,-0.999961,-1.33625,0.0,3
0.0,-0.70708,-0.447196,1.34159,-1.2247,-0.999961,-1.33625,1.2247,0
0.0,-0.70708,-0.447196,1.34159,-1.2247,-0.999961,0.267251,-1.2247,2
0.0,-0.70708,-0.447196,1.34159,-1.2247,-0.999961,0.267251,0.0,3
0.0,-0.70708,-0.447196,1.34159,-1.2247,-0.999961,0.267251,1.2247,0
0.0,-0.70708,-0.447196,1.34159,-1.2247,-0.999961,1.069,-1.2247,3
0.0,-0.70708,-0.447196,1.34159,-1.2247,-0.999961,1.069,0.0,3
0.0,-0.70708,-0.447196,1.34159,-1.2247,-0.999961,1.069,1.2247,0
0.0,-0.70708,-0.447196,1.34159,-1.2247,0.999961,-1.33625,-1.2247,3
0.0,-0.70708,-0.447196,1.34159,-1.2247,0.999961,-1.33625,0.0,3
0.0,-0.70708,-0.447196,1.34159,-1.2247,0.999961,-1.33625,1.2247,0
0.0,-0.70708,-0.447196,1.34159,-1.2247,0.999961,0.267251,-1.2247,3
0.0,-0.70708,-0.447196,1.34159,-1.2247,0.999961,0.267251,0.0,3
0.0,-0.70708,-0.447196,1.34159,-1.2247,0.999961,0.267251,1.2247,0
0.0,-0.70708,-0.447196,1.34159,-1.2247,0.999961,1.069,-1.2247,3
0.0,-0.70708,-0.447196,1.34159,-1.2247,0.999961,1.069,0.0,3
0.0,-0.70708,-0.447196,1.34159,-1.2247,0.999961,1.069,1.2247,0
0.0,-0.70708,-0.447196,1.34159,0.0,-0.999961,-1.33625,-1.2247,3
0.0,-0.70708,-0.447196,1.34159,0.0,-0.999961,-1.33625,0.0,3
0.0,-0.70708,-0.447196,1.34159,0.0,-0.999961,-1.33625,1.2247,0
0.0,-0.70708,-0.447196,1.34159,0.0,-0.999961,0.267251,-1.2247,3
0.0,-0.70708,-0.447196,1.34159,0.0,-0.999961,0.267251,0.0,3
0.0,-0.70708,-0.447196,1.34159,0.0,-0.999961,0.267251,1.2247,0
0.0,-0.70708,-0.447196,1.34159,0.0,-0.999961,1.069,-1.2247,3
0.0,-0.70708,-0.447196,1.34159,0.0,-0.999961,1.069,0.0,3
0.0,-0.70708,-0.447196,1.34159,0.0,-0.999961,1.069,1.2247,0
0.0,-0.70708,-0.447196,1.34159,0.0,0.999961,-1.33625,-1.2247,3
0.0,-0.70708,-0.447196,1.34159,0.0,0.999961,-1.33625,0.0,3
0.0,-0.70708,-0.447196,1.34159,0.0,0.999961,-1.33625,1.2247,0
0.0,-0.70708,-0.447196,1.34159,0.0,0.999961,0.267251,-1.2247,3
0.0,-0.70708,-0.447196,1.34159,0.0,0.999961,0.267251,0.0,3
0.0,-0.70708,-0.447196,1.34159,0.0,0.999961,0.267251,1.2247,0
0.0,-0.70708,-0.447196,1.34159,0.0,0.999961,1.069,-1.2247,3
0.0,-0.70708,-0.447196,1.34159,0.0,0.999961,1.069,0.0,3
0.0,-0.70708,-0.447196,1.34159,0.0,0.999961,1.069,1.2247,0
0.0,-0.70708,-0.447196,1.34159,1.2247,-0.999961,-1.33625,-1.2247,3
0.0,-0.70708,-0.447196,1.34159,1.2247,-0.999961,-1.33625,0.0,3
0.0,-0.70708,-0.447196,1.34159,1.2247,-0.999961,-1.33625,1.2247,0
0.0,-0.70708,-0.447196,1.34159,1.2247,-0.999961,0.267251,-1.2247,3
0.0,-0.70708,-0.447196,1.34159,1.2247,-0.999961,0.267251,0.0,3
0.0,-0.70708,-0.447196,1.34159,1.2247,-0.999961,0.267251,1.2247,0
0.0,-0.70708,-0.447196,1.34159,1.2247,-0.999961,1.069,-1.2247,3
0.0,-0.70708,-0.447196,1.34159,1.2247,-0.999961,1.069,0.0,3
0.0,-0.70708,-0.447196,1.34159,1.2247,-0.999961,1.069,1.2247,0
0.0,-0.70708,-0.447196,1.34159,1.2247,0.999961,-1.33625,-1.2247,3
0.0,-0.70708,-0.447196,1.34159,1.2247,0.999961,-1.33625,0.0,3
0.0,-0.70708,-0.447196,1.34159,1.2247,0.999961,-1.33625,1.2247,0
0.0,-0.70708,-0.447196,1.34159,1.2247,0.999961,0.267251,-1.2247,3
0.0,-0.70708,-0.447196,1.34159,1.2247,0.999961,0.267251,0.0,3
0.0,-0.70708,-0.447196,1.34159,1.2247,0.999961,0.267251,1.2247,0
0.0,-0.70708,-0.447196,1.34159,1.2247,0.999961,1.069,-1.2247,3
0.0,-0.70708,-0.447196,1.34159,1.2247,0.999961,1.069,0.0,3
0.0,-0.70708,-0.447196,1.34159,1.2247,0.999961,1.069,1.2247,0
0.0,-0.70708,0.447196,-1.34159,-1.2247,-0.999961,-1.33625,-1.2247,2
0.0,-0.70708,0.447196,-1.34159,-1.2247,-0.999961,-1.33625,0.0,3
0.0,-0.70708,0.447196,-1.34159,-1.2247,-0.999961,-1.33625,1.2247,0
0.0,-0.70708,0.447196,-1.34159,-1.2247,-0.999961,0.267251,-1.2247,2
0.0,-0.70708,0.447196,-1.34159,-1.2247,-0.999961,0.267251,0.0,3
0.0,-0.70708,0.447196,-1.34159,-1.2247,-0.999961,0.267251,1.2247,0
0.0,-0.70708,0.447196,-1.34159,-1.2247,-0.999961,1.069,-1.2247,3
0.0,-0.70708,0.447196,-1.34159,-1.2247,-0.999961,1.069,0.0,3
0.0,-0.70708,0.447196,-1.34159,-1.2247,-0.999961,1.069,1.2247,0
0.0,-0.70708,0.447196,-1.34159,-1.2247,0.999961,-1.33625,-1.2247,2
0.0,-0.70708,0.447196,-1.34159,-1.2247,0.999961,-1.33625,0.0,3
0.0,-0.70708,0.447196,-1.34159,-1.2247,0.999961,-1.33625,1.2247,0
0.0,-0.70708,0.447196,-1.34159,-1.2247,0.999961,0.267251,-1.2247,2
0.0,-0.70708,0.447196,-1.34159,-1.2247,0.999961,0.267251,0.0,3
0.0,-0.70708,0.447196,-1.34159,-1.2247,0.999961,0.267251,1.2247,0
0.0,-0.70708,0.447196,-1.34159,-1.2247,0.999961,1.069,-1.2247,3
0.0,-0.70708,0.447196,-1.34159,-1.2247,0.999961,1.069,0.0,3
0.0,-0.70708,0.447196,-1.34159,-1.2247,0.999961,1.069,1.2247,0
0.0,-0.70708,0.447196,-1.34159,0.0,-0.999961,-1.33625,-1.2247,2
0.0,-0.70708,0.447196,-1.34159,0.0,-0.999961,-1.33625,0.0,3
0.0,-0.70708,0.447196,-1.34159,0.0,-0.999961,-1.33625,1.2247,0
0.0,-0.70708,0.447196,-1.34159,0.0,-0.999961,0.267251,-1.2247,2
0.0,-0.70708,0.447196,-1.34159,0.0,-0.999961,0.267251,0.0,3
0.0,-0.70708,0.447196,-1.34159,0.0,-0.999961,0.267251,1.2247,0
0.0,-0.70708,0.447196,-1.34159,0.0,-0.999961,1.069,-1.2247,3
0.0,-0.70708,0.447196,-1.34159,0.0,-0.999961,1.069,0.0,3
0.0,-0.70708,0.447196,-1.34159,0.0,-0.999961,1.069,1.2247,0
0.0,-0.70708,0.447196,-1.34159,0.0,0.999961,-1.33625,-1.2247,2
0.0,-0.70708,0.447196,-1.34159,0.0,0.999961,-1.33625,0.0,3
0.0,-0.70708,0.447196,-1.34159,0.0,0.999961,-1.33625,1.2247,0
0.0,-0.70708,0.447196,-1.34159,0.0,0.999961,0.267251,-1.2247,2
0.0,-0.70708,0.447196,-1.34159,0.0,0.999961,0.267251,0.0,3
0.0,-0.70708,0.447196,-1.34159,0.0,0.999961,0.267251,1.2247,0
0.0,-0.70708,0.447196,-1.34159,0.0,0.999961,1.069,-1.2247,3
0.0,-0.70708,0.447196,-1.34159,0.0,0.999961,1.069,0.0,3
0.0,-0.70708,0.447196,-1.34159,0.0,0.999961,1.069,1.2247,0
0.0,-0.70708,0.447196,-1.34159,1.2247,-0.999961,-1.33625,-1.2247,3
0.0,-0.70708,0.447196,-1.34159,1.2247,-0.999961,-1.33625,0.0,3
0.0,-0.70708,0.447196,-1.34159,1.2247,-0.999961,-1.33625,1.2247,0
0.0,-0.70708,0.447196,-1.34159,1.2247,-0.999961,0.267251,-1.2247,3
0.0,-0.70708,0.447196,-1.34159,1.2247,-0.999961,0.267251,0.0,3
0.0,-0.70708,0.447196,-1.34159,1.2247,-0.999961,0.267251,1.2247,0
0.0,-0.70708,0.447196,-1.34159,1.2247,-0.999961,1.069,-1.2247,3
0.0,-0.70708,0.447196,-1.34159,1.2247,-0.999961,1.069,0.0,3
0.0,-0.70708,0.447196,-1.34159,1.2247,-0.999961,1.069,1.2247,0
0.0,-0.70708,0.447196,-1.34159,1.2247,0.999961,-1.33625,-1.2247,3
0.0,-0.70708,0.447196,-1.34159,1.2247,0.999961,-1.33625,0.0,3
0.0,-0.70708,0.447196,-1.34159,1.2247,0.999961,-1.33625,1.2247,0
0.0,-0.70708,0.447196,-1.34159,1.2247,0.999961,0.267251,-1.2247,3
0.0,-0.70708,0.447196,-1.34159,1.2247,0.999961,0.267251,0.0,3
0.0,-0.70708,0.447196,-1.34159,1.2247,0.999961,0.267251,1.2247,0
0.0,-0.70708,0.447196,-1.34159,1.2247,0.999961,1.069,-1.2247,3
0.0,-0.70708,0.447196,-1.34159,1.2247,0.999961,1.069,0.0,3
0.0,-0.70708,0.447196,-1.34159,1.2247,0.999961,1.069,1.2247,0
0.0,-0.70708,0.447196,-0.447196,-1.2247,-0.999961,-1.33625,-1.2247,2
0.0,-0.70708,0.447196,-0.447196,-1.2247,-0.999961,-1.33625,0.0,3
0.0,-0.70708,0.447196,-0.447196,-1.2247,-0.999961,-1.33625,1.2247,0
0.0,-0.70708,0.447196,-0.447196,-1.2247,-0.999961,0.267251,-1.2247,2
0.0,-0.70708,0.447196,-0.447196,-1.2247,-0.999961,0.267251,0.0,3
0.0,-0.70708,0.447196,-0.447196,-1.2247,-0.999961,0.267251,1.2247,0
0.0,-0.70708,0.447196,-0.447196,-1.2247,-0.999961,1.069,-1.2247,3
0.0,-0.70708,0.447196,-0.447196,-1.2247,-0.999961,1.069,0.0,3
0.0,-0.70708,0.447196,-0.447196,-1.2247,-0.999961,1.069,1.2247,0
0.0,-0.70708,0.447196,-0.447196,-1.2247,0.999961,-1.33625,-1.2247,3
0.0,-0.70708,0.447196,-0.447196,-1.2247,0.999961,-1.33625,0.0,3
0.0,-0.70708,0.447196,-0.447196,-1.2247,0.999961,-1.33625,1.2247,0
0.0,-0.70708,0.447196,-0.447196,-1.2247,0.999961,0.267251,-1.2247,3
0.0,-0.70708,0.447196,-0.447196,-1.2247,0.999961,0.267251,0.0,3
0.0,-0.70708,0.447196,-0.447196,-1.2247,0.999961,0.267251,1.2247,0
0.0,-0.70708,0.447196,-0.447196,-1.2247,0.999961,1.069,-1.2247,3
0.0,-0.70708,0.447196,-0.447196,-1.2247,0.999961,1.069,0.0,3
0.0,-0.70708,0.447196,-0.447196,-1.2247,0.999961,1.069,1.2247,0
0.0,-0.70708,0.447196,-0.447196,0.0,-0.999961,-1.33625,-1.2247,3
0.0,-0.70708,0.447196,-0.447196,0.0,-0.999961,-1.33625,0.0,3
0.0,-0.70708,0.447196,-0.447196,0.0,-0.999961,-1.33625,1.2247,0
0.0,-0.70708,0.447196,-0.447196,0.0,-0.999961,0.267251,-1.2247,3
0.0,-0.70708,0.447196,-0.447196,0.0,-0.999961,0.267251,0.0,3
0.0,-0.70708,0.447196,-0.447196,0.0,-0.999961,0.267251,1.2247,0
0.0,-0.70708,0.447196,-0.447196,0.0,-0.999961,1.069,-1.2247,3
0.0,-0.70708,0.447196,-0.447196,0.0,-0.999961,1.069,0.0,3
0.0,-0.70708,0.447196,-0.447196,0.0,-0.999961,1.069,1.2247,0
0.0,-0.70708,0.447196,-0.447196,0.0,0.999961,-1.33625,-1.2247,3
0.0,-0.70708,0.447196,-0.447196,0.0,0.999961,-1.33625,0.0,3
0.0,-0.70708,0.447196,-0.447196,0.0,0.999961,-1.33625,1.2247,0
0.0,-0.70708,0.447196,-0.447196,0.0,0.999961,0.267251,-1.2247,3
0.0,-0.70708,0.447196,-0.447196,0.0,0.999961,0.267251,0.0,3
0.0,-0.70708,0.447196,-0.447196,0.0,0.999961,0.267251,1.2247,0
0.0,-0.70708,0.447196,-0.447196,0.0,0.999961,1.069,-1.2247,3
0.0,-0.70708,0.447196,-0.447196,0.0,0.999961,1.069,0.0,3
0.0,-0.70708,0.447196,-0.447196,0.0,0.999961,1.069,1.2247,0
0.0,-0.70708,0.447196,-0.447196,1.2247,-0.999961,-1.33625,-1.2247,3
0.0,-0.70708,0.447196,-0.447196,1.2247,-0.999961,-1.33625,0.0,3
0.0,-0.70708,0.447196,-0.447196,1.2247,-0.999961,-1.33625,1.2247,0
0.0,-0.70708,0.447196,-0.447196,1.2247,-0.999961,0.267251,-1.2247,3
0.0,-0.70708,0.447196,-0.447196,1.2247,-0.999961,0.267251,0.0,3
0.0,-0.70708,0.447196,-0.447196,1.2247,-0.999961,0.267251,1.2247,0
0.0,-0.70708,0.447196,-0.447196,1.2247,-0.999961,1.069,-1.2247,3
0.0,-0.70708,0.447196,-0.447196,1.2247,-0.999961,1.069,0.0,3
0.0,-0.70708,0.447196,-0.447196,1.2247,-0.999961,1.069,1.2247,0
0.0,-0.70708,0.447196,-0.447196,1.2247,0.999961,-1.33625,-1.2247,3
0.0,-0.70708,0.447196,-0.447196,1.2247,0.999961,-1.33625,0.0,3
0.0,-0.70708,0.447196,-0.447196,1.2247,0.999961,-1.33625,1.2247,0
0.0,-0.70708,0.447196,-0.447196,1.2247,0.999961,0.267251,-1.2247,3
0.0,-0.70708,0.447196,-0.447196,1.2247,0.999961,0.267251,0.0,3
0.0,-0.70708,0.447196,-0.447196,1.2247,0.999961,0.267251,1.2247,0
0.0,-0.70708,0.447196,-0.447196,1.2247,0.999961,1.069,-1.2247,3
0.0,-0.70708,0.447196,-0.447196,1.2247,0.999961,1.069,0.0,3
0.0,-0.70708,0.447196,-0.447196,1.2247,0.999961,1.069,1.2247,0
0.0,-0.70708,0.447196,0.447196,-1.2247,-0.999961,-1.33625,-1.2247,2
0.0,-0.70708,0.447196,0.447196,-1.2247,-0.999961,-1.33625,0.0,3
0.0,-0.70708,0.447196,0.447196,-1.2247,-0.999961,-1.33625,1.2247,0
0.0,-0.70708,0.447196,0.447196,-1.2247,-0.999961,0.267251,-1.2247,2
0.0,-0.70708,0.447196,0.447196,-1.2247,-0.999961,0.267251,0.0,3
0.0,-0.70708,0.447196,0.447196,-1.2247,-0.999961,0.267251,1.2247,0
0.0,-0.70708,0.447196,0.447196,-1.2247,-0.999961,1.069,-1.2247,3
0.0,-0.70708,0.447196,0.447196,-1.2247,-0.999961,1.069,0.0,3
0.0,-0.70708,0.447196,0.447196,-1.2247,-0.999961,1.069,1.2247,0
0.0,-0.70708,0.447196,0.447196,-1.2247,0.999961,-1.33625,-1.2247,3
0.0,-0.70708,0.447196,0.447196,-1.2247,0.999961,-1.33625,0.0,3
0.0,-0.70708,0.447196,0.447196,-1.2247,0.999961,-1.33625,1.2247,0
0.0,-0.70708,0.447196,0.447196,-1.2247,0.999961,0.267251,-1.2247,3
0.0,-0.70708,0.447196,0.447196,-1.2247,0.999961,0.267251,0.0,3
0.0,-0.70708,0.447196,0.447196,-1.2247,0.999961,0.267251,1.2247,0
0.0,-0.70708,0.447196,0.447196,-1.2247,0.999961,1.069,-1.2247,3
0.0,-0.70708,0.447196,0.447196,-1.2247,0.999961,1.069,0.0,3
0.0,-0.70708,0.447196,0.447196,-1.2247,0.999961,1.069,1.2247,0
0.0,-0.70708,0.447196,0.447196,0.0,-0.999961,-1.33625,-1.2247,3
0.0,-0.70708,0.447196,0.447196,0.0,-0.999961,-1.33625,0.0,3
0.0,-0.70708,0.447196,0.447196,0.0,-0.999961,-1.33625,1.2247,0
0.0,-0.70708,0.447196,0.447196,0.0,-0.999961,0.267251,-1.2247,3
0.0,-0.70708,0.447196,0.447196,0.0,-0.999961,0.267251,0.0,3
0.0,-0.70708,0.447196,0.447196,0.0,-0.999961,0.267251,1.2247,0
0.0,-0.70708,0.447196,0.447196,0.0,-0.999961,1.069,-1.2247,3
0.0,-0.70708,0.447196,0.447196,0.0,-0.999961,1.069,0.0,3
0.0,-0.70708,0.447196,0.447196,0.0,-0.999961,1.069,1.2247,0
0.0,-0.70708,0.447196,0.447196,0.0,0.999961,-1.33625,-1.2247,3
0.0,-0.70708,0.447196,0.447196,0.0,0.999961,-1.33625,0.0,3
0.0,-0.70708,0.447196,0.447196,0.0,0.999961,-1.33625,1.2247,0
0.0,-0.70708,0.447196,0.447196,0.0,0.999961,0.267251,-1.2247,3
0.0,-0.70708,0.447196,0.447196,0.0,0.999961,0.267251,0.0,3
0.0,-0.70708,0.447196,0.447196,0.0,0.999961,0.267251,1.2247,0
0.0,-0.70708,0.447196,0.447196,0.0,0.999961,1.069,-1.2247,3
0.0,-0.70708,0.447196,0.447196,0.0,0.999961,1.069,0.0,3
0.0,-0.70708,0.447196,0.447196,0.0,0.999961,1.069,1.2247,0
0.0,-0.70708,0.447196,0.447196,1.2247,-0.999961,-1.33625,-1.2247,3
0.0,-0.70708,0.447196,0.447196,1.2247,-0.999961,-1.33625,0.0,3
0.0,-0.70708,0.447196,0.447196,1.2247,-0.999961,-1.33625,1.2247,0
0.0,-0.70708,0.447196,0.447196,1.2247,-0.999961,0.267251,-1.2247,3
0.0,-0.70708,0.447196,0.447196,1.2247,-0.999961,0.267251,0.0,3
0.0,-0.70708,0.447196,0.447196,1.2247,-0.999961,0.267251,1.2247,0
0.0,-0.70708,0.447196,0.447196,1.2247,-0.999961,1.069,-1.2247,3
0.0,-0.70708,0.447196,0.447196,1.2247,-0.999961,1.069,0.0,3
0.0,-0.70708,0.447196,0.447196,1.2247,-0.999961,1.069,1.2247,0
0.0,-0.70708,0.447196,0.447196,1.2247,0.999961,-1.33625,-1.2247,3
0.0,-0.70708,0.447196,0.447196,1.2247,0.999961,-1.33625,0.0,3
0.0,-0.70708,0.447196,0.447196,1.2247,0.999961,-1.33625,1.2247,0
0.0,-0.70708,0.447196,0.447196,1.2247,0.999961,0.267251,-1.2247,3
0.0,-0.70708,0.447196,0.447196,1.2247,0.999961,0.267251,0.0,3
0.0,-0.70708,0.447196,0.447196,1.2247,0.999961,0.267251,1.2247,0
0.0,-0.70708,0.447196,0.447196,1.2247,0.999961,1.069,-1.2247,3
0.0,-0.70708,0.447196,0.447196,1.2247,0.999961,1.069,0.0,3
0.0,-0.70708,0.447196,0.447196,1.2247,0.999961,1.069,1.2247,0
0.0,-0.70708,0.447196,1.34159,-1.2247,-0.999961,-1.33625,-1.2247,2
0.0,-0.70708,0.447196,1.34159,-1.2247,-0.999961,-1.33625,0.0,3
0.0,-0.70708,0.447196,1.34159,-1.2247,-0.999961,-1.33625,1.2247,0
0.0,-0.70708,0.447196,1.34159,-1.2247,-0.999961,0.267251,-1.2247,2
0.0,-0.70708,0.447196,1.34159,-1.2247,-0.999961,0.267251,0.0,3
0.0,-0.70708,0.447196,1.34159,-1.2247,-0.999961,0.267251,1.2247,0
0.0,-0.70708,0.447196,1.34159,-1.2247,-0.999961,1.069,-1.2247,3
0.0,-0.70708,0.447196,1.34159,-1.2247,-0.999961,1.069,0.0,3
0.0,-0.70708,0.447196,1.34159,-1.2247,-0.999961,1.069,1.2247,0
0.0,-0.70708,0.447196,1.34159,-1.2247,0.999961,-1.33625,-1.2247,3
0.0,-0.70708,0.447196,1.34159,-1.2247,0.999961,-1.33625,0.0,3
0.0,-0.70708,0.447196,1.34159,-1.2247,0.999961,-1.33625,1.2247,0
0.0,-0.70708,0.447196,1.34159,-1.2247,0.999961,0.267251,-1.2247,3
0.0,-0.70708,0.447196,1.34159,-1.2247,0.999961,0.267251,0.0,3
0.0,-0.70708,0.447196,1.34159,-1.2247,0.999961,0.267251,1.2247,0
0.0,-0.70708,0.447196,1.34159,-1.2247,0.999961,1.069,-1.2247,3
0.0,-0.70708,0.447196,1.34159,-1.2247,0.999961,1.069,0.0,3
0.0,-0.70708,0.447196,1.34159,-1.2247,0.999961,1.069,1.2247,0
0.0,-0.70708,0.447196,1.34159,0.0,-0.999961,-1.33625,-1.2247,3
0.0,-0.70708,0.447196,1.34159,0.0,-0.999961,-1.33625,0.0,3
0.0,-0.70708,0.447196,1.34159,0.0,-0.999961,-1.33625,1.2247,0
0.0,-0.70708,0.447196,1.34159,0.0,-0.999961,0.267251,-1.2247,3
0.0,-0.70708,0.447196,1.34159,0.0,-0.999961,0.267251,0.0,3
0.0,-0.70708,0.447196,1.34159,0.0,-0.999961,0.267251,1.2247,0
0.0,-0.70708,0.447196,1.34159,0.0,-0.999961,1.069,-1.2247,3
0.0,-0.70708,0.447196,1.34159,0.0,-0.999961,1.069,0.0,3
0.0,-0.70708,0.447196,1.34159,0.0,-0.999961,1.069,1.2247,0
0.0,-0.70708,0.447196,1.34159,0.0,0.999961,-1.33625,-1.2247,3
0.0,-0.70708,0.447196,1.34159,0.0,0.999961,-1.33625,0.0,3
0.0,-0.70708,0.447196,1.34159,0.0,0.999961,-1.33625,1.2247,0
0.0,-0.70708,0.447196,1.34159,0.0,0.999961,0.267251,-1.2247,3
0.0,-0.70708,0.447196,1.34159,0.0,0.999961,0.267251,0.0,3
0.0,-0.70708,0.447196,1.34159,0.0,0.999961,0.267251,1.2247,0
0.0,-0.70708,0.447196,1.34159,0.0,0.999961,1.069,-1.2247,3
0.0,-0.70708,0.447196,1.34159,0.0,0.999961,1.069,0.0,3
0.0,-0.70708,0.447196,1.34159,0.0,0.999961,1.069,1.2247,0
0.0,-0.70708,0.447196,1.34159,1.2247,-0.999961,-1.33625,-1.2247,3
0.0,-0.70708,0.447196,1.34159,1.2247,-0.999961,-1.33625,0.0,3
0.0,-0.70708,0.447196,1.34159,1.2247,-0.999961,-1.33625,1.2247,0
0.0,-0.70708,0.447196,1.34159,1.2247,-0.999961,0.267251,-1.2247,3
0.0,-0.70708,0.447196,1.34159,1.2247,-0.999961,0.267251,0.0,3
0.0,-0.70708,0.447196,1.34159,1.2247,-0.999961,0.267251,1.2247,0
0.0,-0.70708,0.447196,1.34159,1.2247,-0.999961,1.069,-1.2247,3
0.0,-0.70708,0.447196,1.34159,1.2247,-0.999961,1.069,0.0,3
0.0,-0.70708,0.447196,1.34159,1.2247,-0.999961,1.069,1.2247,0
0.0,-0.70708,0.447196,1.34159,1.2247,0.999961,-1.33625,-1.2247,3
0.0,-0.70708,0.447196,1.34159,1.2247,0.999961,-1.33625,0.0,3
0.0,-0.70708,0.447196,1.34159,1.2247,0.999961,-1.33625,1.2247,0
0.0,-0.70708,0.447196,1.34159,1.2247,0.999961,0.267251,-1.2247,3
0.0,-0.70708,0.447196,1.34159,1.2247,0.999961,0.267251,0.0,3
0.0,-0.70708,0.447196,1.34159,1.2247,0.999961,0.267251,1.2247,0
0.0,-0.70708,0.447196,1.34159,1.2247,0.999961,1.069,-1.2247,3
0.0,-0.70708,0.447196,1.34159,1.2247,0.999961,1.069,0.0,3
0.0,-0.70708,0.447196,1.34159,1.2247,0.999961,1.069,1.2247,0
0.0,-0.70708,1.34159,-1.34159,-1.2247,-0.999961,-1.33625,-1.2247,2
0.0,-0.70708,1.34159,-1.34159,-1.2247,-0.999961,-1.33625,0.0,3
0.0,-0.70708,1.34159,-1.34159,-1.2247,-0.999961,-1.33625,1.2247,0
0.0,-0.70708,1.34159,-1.34159,-1.2247,-0.999961,0.267251,-1.2247,2
0.0,-0.70708,1.34159,-1.34159,-1.2247,-0.999961,0.267251,0.0,3
0.0,-0.70708,1.34159,-1.34159,-1.2247,-0.999961,0.267251,1.2247,0
0.0,-0.70708,1.34159,-1.34159,-1.2247,-0.999961,1.069,-1.2247,3
0.0,-0.70708,1.34159,-1.34159,-1.2247,-0.999961,1.069,0.0,3
0.0,-0.70708,1.34159,-1.34159,-1.2247,-0.999961,1.069,1.2247,0
0.0,-0.70708,1.34159,-1.34159,-1.2247,0.999961,-1.33625,-1.2247,3
0.0,-0.70708,1.34159,-1.34159,-1.2247,0.999961,-1.33625,0.0,3
0.0,-0.70708,1.34159,-1.34159,-1.2247,0.999961,-1.33625,1.2247,0
0.0,-0.70708,1.34159,-1.34159,-1.2247,0.999961,0.267251,-1.2247,3
0.0,-0.70708,1.34159,-1.34159,-1.2247,0.999961,0.267251,0.0,3
0.0,-0.70708,1.34159,-1.34159,-1.2247,0.999961,0.267251,1.2247,0
0.0,-0.70708,1.34159,-1.34159,-1.2247,0.999961,1.069,-1.2247,3
0.0,-0.70708,1.34159,-1.34159,-1.2247,0.999961,1.069,0.0,3
0.0,-0.70708,1.34159,-1.34159,-1.2247,0.999961,1.069,1.2247,0
0.0,-0.70708,1.34159,-1.34159,0.0,-0.999961,-1.33625,-1.2247,3
0.0,-0.70708,1.34159,-1.34159,0.0,-0.999961,-1.33625,0.0,3
0.0,-0.70708,1.34159,-1.34159,0.0,-0.999961,-1.33625,1.2247,0
0.0,-0.70708,1.34159,-1.34159,0.0,-0.999961,0.267251,-1.2247,3
0.0,-0.70708,1.34159,-1.34159,0.0,-0.999961,0.267251,0.0,3
0.0,-0.70708,1.34159,-1.34159,0.0,-0.999961,0.267251,1.2247,0
0.0,-0.70708,1.34159,-1.34159,0.0,-0.999961,1.069,-1.2247,3
0.0,-0.70708,1.34159,-1.34159,0.0,-0.999961,1.069,0.0,3
0.0,-0.70708,1.34159,-1.34159,0.0,-0.999961,1.069,1.2247,0
0.0,-0.70708,1.34159,-1.34159,0.0,0.999961,-1.33625,-1.2247,3
0.0,-0.70708,1.34159,-1.34159,0.0,0.999961,-1.33625,0.0,3
0.0,-0.70708,1.34159,-1.34159,0.0,0.999961,-1.33625,1.2247,0
0.0,-0.70708,1.34159,-1.34159,0.0,0.999961,0.267251,-1.2247,3
0.0,-0.70708,1.34159,-1.34159,0.0,0.999961,0.267251,0.0,3
0.0,-0.70708,1.34159,-1.34159,0.0,0.999961,0.267251,1.2247,0
0.0,-0.70708,1.34159,-1.34159,0.0,0.999961,1.069,-1.2247,3
0.0,-0.70708,1.34159,-1.34159,0.0,0.999961,1.069,0.0,3
0.0,-0.70708,1.34159,-1.34159,0.0,0.999961,1.069,1.2247,0
0.0,-0.70708,1.34159,-1.34159,1.2247,-0.999961,-1.33625,-1.2247,3
0.0,-0.70708,1.34159,-1.34159,1.2247,-0.999961,-1.33625,0.0,3
0.0,-0.70708,1.34159,-1.34159,1.2247,-0.999961,-1.33625,1.2247,0
0.0,-0.70708,1.34159,-1.34159,1.2247,-0.999961,0.267251,-1.2247,3
0.0,-0.70708,1.34159,-1.34159,1.2247,-0.999961,0.267251,0.0,3
0.0,-0.70708,1.34159,-1.34159,1.2247,-0.999961,0.267251,1.2247,0
0.0,-0.70708,1.34159,-1.34159,1.2247,-0.999961,1.069,-1.2247,3
0.0,-0.70708,1.34159,-1.34159,1.2247,-0.999961,1.069,0.0,3
0.0,-0.70708,1.34159,-1.34159,1.2247,-0.999961,1.069,1.2247,0
0.0,-0.70708,1.34159,-1.34159,1.2247,0.999961,-1.33625,-1.2247,3
0.0,-0.70708,1.34159,-1.34159,1.2247,0.999961,-1.33625,0.0,3
0.0,-0.70708,1.34159,-1.34159,1.2247,0.999961,-1.33625,1.2247,0
0.0,-0.70708,1.34159,-1.34159,1.2247,0.999961,0.267251,-1.2247,3
0.0,-0.70708,1.34159,-1.34159,1.2247,0.999961,0.267251,0.0,3
0.0,-0.70708,1.34159,-1.34159,1.2247,0.999961,0.267251,1.2247,0
0.0,-0.70708,1.34159,-1.34159,1.2247,0.999961,1.069,-1.2247,3
0.0,-0.70708,1.34159,-1.34159,1.2247,0.999961,1.069,0.0,3
0.0,-0.70708,1.34159,-1.34159,1.2247,0.999961,1.069,1.2247,0
0.0,-0.70708,1.34159,-0.447196,-1.2247,-0.999961,-1.33625,-1.2247,2
0.0,-0.70708,1.34159,-0.447196,-1.2247,-0.999961,-1.33625,0.0,3
0.0,-0.70708,1.34159,-0.447196,-1.2247,-0.999961,-1.33625,1.2247,0
0.0,-0.70708,1.34159,-0.447196,-1.2247,-0.999961,0.267251,-1.2247,2
0.0,-0.70708,1.34159,-0.447196,-1.2247,-0.999961,0.267251,0.0,3
0.0,-0.70708,1.34159,-0.447196,-1.2247,-0.999961,0.267251,1.2247,0
0.0,-0.70708,1.34159,-0.447196,-1.2247,-0.999961,1.069,-1.2247,3
0.0,-0.70708,1.34159,-0.447196,-1.2247,-0.999961,1.069,0.0,3
0.0,-0.70708,1.34159,-0.447196,-1.2247,-0.999961,1.069,1.2247,0
0.0,-0.70708,1.34159,-0.447196,-1.2247,0.999961,-1.33625,-1.2247,3
0.0,-0.70708,1.34159,-0.447196,-1.2247,0.999961,-1.33625,0.0,3
0.0,-0.70708,1.34159,-0.447196,-1.2247,0.999961,-1.33625,1.2247,0
0.0,-0.70708,1.34159,-0.447196,-1.2247,0.999961,0.267251,-1.2247,3
0.0,-0.70708,1.34159,-0.447196,-1.2247,0.999961,0.267251,0.0,3
0.0,-0.70708,1.34159,-0.447196,-1.2247,0.999961,0.267251,1.2247,0
0.0,-0.70708,1.34159,-0.447196,-1.2247,0.999961,1.069,-1.2247,3
0.0,-0.70708,1.34159,-0.447196,-1.2247,0.999961,1.069,0.0,3
0.0,-0.70708,1.34159,-0.447196,-1.2247,0.999961,1.069,1.2247,0
0.0,-0.70708,1.34159,-0.447196,0.0,-0.999961,-1.33625,-1.2247,3
0.0,-0.70708,1.34159,-0.447196,0.0,-0.999961,-1.33625,0.0,3
0.0,-0.70708,1.34159,-0.447196,0.0,-0.999961,-1.33625,1.2247,0
0.0,-0.70708,1.34159,-0.447196,0.0,-0.999961,0.267251,-1.2247,3
0.0,-0.70708,1.34159,-0.447196,0.0,-0.999961,0.267251,0.0,3
0.0,-0.70708,1.34159,-0.447196,0.0,-0.999961,0.267251,1.2247,0
0.0,-0.70708,1.34159,-0.447196,0.0,-0.999961,1.069,-1.2247,3
0.0,-0.70708,1.34159,-0.447196,0.0,-0.999961,1.069,0.0,3
0.0,-0.70708,1.34159,-0.447196,0.0,-0.999961,1.069,1.2247,0
0.0,-0.70708,1.34159,-0.447196,0.0,0.999961,-1.33625,-1.2247,3
0.0,-0.70708,1.34159,-0.447196,0.0,0.999961,-1.33625,0.0,3
0.0,-0.70708,1.34159,-0.447196,0.0,0.999961,-1.33625,1.2247,0
0.0,-0.70708,1.34159,-0.447196,0.0,0.999961,0.267251,-1.2247,3
0.0,-0.70708,1.34159,-0.447196,0.0,0.999961,0.267251,0.0,3
0.0,-0.70708,1.34159,-0.447196,0.0,0.999961,0.267251,1.2247,0
0.0,-0.70708,1.34159,-0.447196,0.0,0.999961,1.069,-1.2247,3
0.0,-0.70708,1.34159,-0.447196,0.0,0.999961,1.069,0.0,3
0.0,-0.70708,1.34159,-0.447196,0.0,0.999961,1.069,1.2247,0
0.0,-0.70708,1.34159,-0.447196,1.2247,-0.999961,-1.33625,-1.2247,3
0.0,-0.70708,1.34159,-0.447196,1.2247,-0.999961,-1.33625,0.0,3
0.0,-0.70708,1.34159,-0.447196,1.2247,-0.999961,-1.33625,1.2247,0
0.0,-0.70708,1.34159,-0.447196,1.2247,-0.999961,0.267251,-1.2247,3
0.0,-0.70708,1.34159,-0.447196,1.2247,-0.999961,0.267251,0.0,3
0.0,-0.70708,1.34159,-0.447196,1.2247,-0.999961,0.267251,1.2247,0
0.0,-0.70708,1.34159,-0.447196,1.2247,-0.999961,1.069,-1.2247,3
0.0,-0.70708,1.34159,-0.447196,1.2247,-0.999961,1.069,0.0,3
0.0,-0.70708,1.34159,-0.447196,1.2247,-0.999961,1.069,1.2247,0
0.0,-0.70708,1.34159,-0.447196,1.2247,0.999961,-1.33625,-1.2247,3
0.0,-0.70708,1.34159,-0.447196,1.2247,0.999961,-1.33625,0.0,3
0.0,-0.70708,1.34159,-0.447196,1.2247,0.999961,-1.33625,1.2247,0
0.0,-0.70708,1.34159,-0.447196,1.2247,0.999961,0.267251,-1.2247,3
0.0,-0.70708,1.34159,-0.447196,1.2247,0.999961,0.267251,0.0,3
0.0,-0.70708,1.34159,-0.447196,1.2247,0.999961,0.267251,1.2247,0
0.0,-0.70708,1.34159,-0.447196,1.2247,0.999961,1.069,-1.2247,3
0.0,-0.70708,1.34159,-0.447196,1.2247,0.999961,1.069,0.0,3
0.0,-0.70708,1.34159,-0.447196,1.2247,0.999961,1.069,1.2247,0
0.0,-0.70708,1.34159,0.447196,-1.2247,-0.999961,-1.33625,-1.2247,2
0.0,-0.70708,1.34159,0.447196,-1.2247,-0.999961,-1.33625,0.0,3
0.0,-0.70708,1.34159,0.447196,-1.2247,-0.999961,-1.33625,1.2247,0
0.0,-0.70708,1.34159,0.447196,-1.2247,-0.999961,0.267251,-1.2247,2
0.0,-0.70708,1.34159,0.447196,-1.2247,-0.999961,0.267251,0.0,3
0.0,-0.70708,1.34159,0.447196,-1.2247,-0.999961,0.267251,1.2247,0
0.0,-0.70708,1.34159,0.447196,-1.2247,-0.999961,1.069,-1.2247,3
0.0,-0.70708,1.34159,0.447196,-1.2247,-0.999961,1.069,0.0,3
0.0,-0.70708,1.34159,0.447196,-1.2247,-0.999961,1.069,1.2247,0
0.0,-0.70708,1.34159,0.447196,-1.2247,0.999961,-1.33625,-1.2247,3
0.0,-0.70708,1.34159,0.447196,-1.2247,0.999961,-1.33625,0.0,3
0.0,-0.70708,1.34159,0.447196,-1.2247,0.999961,-1.33625,1.2247,0
0.0,-0.70708,1.34159,0.447196,-1.2247,0.999961,0.267251,-1.2247,3
0.0,-0.70708,1.34159,0.447196,-1.2247,0.999961,0.267251,0.0,3
0.0,-0.70708,1.34159,0.447196,-1.2247,0.999961,0.267251,1.2247,0
0.0,-0.70708,1.34159,0.447196,-1.2247,0.999961,1.069,-1.2247,3
0.0,-0.70708,1.34159,0.447196,-1.2247,0.999961,1.069,0.0,3
0.0,-0.70708,1.34159,0.447196,-1.2247,0.999961,1.069,1.2247,0
0.0,-0.70708,1.34159,0.447196,0.0,-0.999961,-1.33625,-1.2247,3
0.0,-0.70708,1.34159,0.447196,0.0,-0.999961,-1.33625,0.0,3
0.0,-0.70708,1.34159,0.447196,0.0,-0.999961,-1.33625,1.2247,0
0.0,-0.70708,1.34159,0.447196,0.0,-0.999961,0.267251,-1.2247,3
0.0,-0.70708,1.34159,0.447196,0.0,-0.999961,0.267251,0.0,3
0.0,-0.70708,1.34159,0.447196,0.0,-0.999961,0.267251,1.2247,0
0.0,-0.70708,1.34159,0.447196,0.0,-0.999961,1.069,-1.2247,3
0.0,-0.70708,1.34159,0.447196,0.0,-0.999961,1.069,0.0,3
0.0,-0.70708,1.34159,0.447196,0.0,-0.999961,1.069,1.2247,0
0.0,-0.70708,1.34159,0.447196,0.0,0.999961,-1.33625,-1.2247,3
0.0,-0.70708,1.34159,0.447196,0.0,0.999961,-1.33625,0.0,3
0.0,-0.70708,1.34159,0.447196,0.0,0.999961,-1.33625,1.2247,0
0.0,-0.70708,1.34159,0.447196,0.0,0.999961,0.267251,-1.2247,3
0.0,-0.70708,1.34159,0.447196,0.0,0.999961,0.267251,0.0,3
0.0,-0.70708,1.34159,0.447196,0.0,0.999961,0.267251,1.2247,0
0.0,-0.70708,1.34159,0.447196,0.0,0.999961,1.069,-1.2247,3
0.0,-0.70708,1.34159,0.447196,0.0,0.999961,1.069,0.0,3
0.0,-0.70708,1.34159,0.447196,0.0,0.999961,1.069,1.2247,0
0.0,-0.70708,1.34159,0.447196,1.2247,-0.999961,-1.33625,-1.2247,3
0.0,-0.70708,1.34159,0.447196,1.2247,-0.999961,-1.33625,0.0,3
0.0,-0.70708,1.34159,0.447196,1.2247,-0.999961,-1.33625,1.2247,0
0.0,-0.70708,1.34159,0.447196,1.2247,-0.999961,0.267251,-1.2247,3
0.0,-0.70708,1.34159,0.447196,1.2247,-0.999961,0.267251,0.0,3
0.0,-0.70708,1.34159,0.447196,1.2247,-0.999961,0.267251,1.2247,0
0.0,-0.70708,1.34159,0.447196,1.2247,-0.999961,1.069,-1.2247,3
0.0,-0.70708,1.34159,0.447196,1.2247,-0.999961,1.069,0.0,3
0.0,-0.70708,1.34159,0.447196,1.2247,-0.999961,1.069,1.2247,0
0.0,-0.70708,1.34159,0.447196,1.2247,0.999961,-1.33625,-1.2247,3
0.0,-0.70708,1.34159,0.447196,1.2247,0.999961,-1.33625,0.0,3
0.0,-0.70708,1.34159,0.447196,1.2247,0.999961,-1.33625,1.2247,0
0.0,-0.70708,1.34159,0.447196,1.2247,0.999961,0.267251,-1.2247,3
0.0,-0.70708,1.34159,0.447196,1.2247,0.999961,0.267251,0.0,3
0.0,-0.70708,1.34159,0.447196,1.2247,0.999961,0.267251,1.2247,0
0.0,-0.70708,1.34159,0.447196,1.2247,0.999961,1.069,-1.2247,3
0.0,-0.70708,1.34159,0.447196,1.2247,0.999961,1.069,0.0,3
0.0,-0.70708,1.34159,0.447196,1.2247,0.999961,1.069,1.2247,0
0.0,-0.70708,1.34159,1.34159,-1.2247,-0.999961,-1.33625,-1.2247,2
0.0,-0.70708,1.34159,1.34159,-1.2247,-0.999961,-1.33625,0.0,3
0.0,-0.70708,1.34159,1.34159,-1.2247,-0.999961,-1.33625,1.2247,0
0.0,-0.70708,1.34159,1.34159,-1.2247,-0.999961,0.267251,-1.2247,2
0.0,-0.70708,1.34159,1.34159,-1.2247,-0.999961,0.267251,0.0,3
0.0,-0.70708,1.34159,1.34159,-1.2247,-0.999961,0.267251,1.2247,0
0.0,-0.70708,1.34159,1.34159,-1.2247,-0.999961,1.069,-1.2247,3
0.0,-0.70708,1.34159,1.34159,-1.2247,-0.999961,1.069,0.0,3
0.0,-0.70708,1.34159,1.34159,-1.2247,-0.999961,1.069,1.2247,0
0.0,-0.70708,1.34159,1.34159,-1.2247,0.999961,-1.33625,-1.2247,3
0.0,-0.70708,1.34159,1.34159,-1.2247,0.999961,-1.33625,0.0,3
0.0,-0.70708,1.34159,1.34159,-1.2247,0.999961,-1.33625,1.2247,0
0.0,-0.70708,1.34159,1.34159,-1.2247,0.999961,0.267251,-1.2247,3
0.0,-0.70708,1.34159,1.34159,-1.2247,0.999961,0.267251,0.0,3
0.0,-0.70708,1.34159,1.34159,-1.2247,0.999961,0.267251,1.2247,0
0.0,-0.70708,1.34159,1.34159,-1.2247,0.999961,1.069,-1.2247,3
0.0,-0.70708,1.34159,1.34159,-1.2247,0.999961,1.069,0.0,3
0.0,-0.70708,1.34159,1.34159,-1.2247,0.999961,1.069,1.2247,0
0.0,-0.70708,1.34159,1.34159,0.0,-0.999961,-1.33625,-1.2247,3
0.0,-0.70708,1.34159,1.34159,0.0,-0.999961,-1.33625,0.0,3
0.0,-0.70708,1.34159,1.34159,0.0,-0.999961,-1.33625,1.2247,0
0.0,-0.70708,1.34159,1.34159,0.0,-0.999961,0.267251,-1.2247,3
0.0,-0.70708,1.34159,1.34159,0.0,-0.999961,0.267251,0.0,3
0.0,-0.70708,1.34159,1.34159,0.0,-0.999961,0.267251,1.2247,0
0.0,-0.70708,1.34159,1.34159,0.0,-0.999961,1.069,-1.2247,3
0.0,-0.70708,1.34159,1.34159,0.0,-0.999961,1.069,0.0,3
0.0,-0.70708,1.34159,1.34159,0.0,-0.999961,1.069,1.2247,0
0.0,-0.70708,1.34159,1.34159,0.0,0.999961,-1.33625,-1.2247,3
0.0,-0.70708,1.34159,1.34159,0.0,0.999961,-1.33625,0.0,3
0.0,-0.70708,1.34159,1.34159,0.0,0.999961,-1.33625,1.2247,0
0.0,-0.70708,1.34159,1.34159,0.0,0.999961,0.267251,-1.2247,3
0.0,-0.70708,1.34159,1.34159,0.0,0.999961,0.267251,0.0,3
0.0,-0.70708,1.34159,1.34159,0.0,0.999961,0.267251,1.2247,0
0.0,-0.70708,1.34159,1.34159,0.0,0.999961,1.069,-1.2247,3
0.0,-0.70708,1.34159,1.34159,0.0,0.999961,1.069,0.0,3
0.0,-0.70708,1.34159,1.34159,0.0,0.999961,1.069,1.2247,0
0.0,-0.70708,1.34159,1.34159,1.2247,-0.999961,-1.33625,-1.2247,3
0.0,-0.70708,1.34159,1.34159,1.2247,-0.999961,-1.33625,0.0,3
0.0,-0.70708,1.34159,1.34159,1.2247,-0.999961,-1.33625,1.2247,0
0.0,-0.70708,1.34159,1.34159,1.2247,-0.999961,0.267251,-1.2247,3
0.0,-0.70708,1.34159,1.34159,1.2247,-0.999961,0.267251,0.0,3
0.0,-0.70708,1.34159,1.34159,1.2247,-0.999961,0.267251,1.2247,0
0.0,-0.70708,1.34159,1.34159,1.2247,-0.999961,1.069,-1.2247,3
0.0,-0.70708,1.34159,1.34159,1.2247,-0.999961,1.069,0.0,3
0.0,-0.70708,1.34159,1.34159,1.2247,-0.999961,1.069,1.2247,0
0.0,-0.70708,1.34159,1.34159,1.2247,0.999961,-1.33625,-1.2247,3
0.0,-0.70708,1.34159,1.34159,1.2247,0.999961,-1.33625,0.0,3
0.0,-0.70708,1.34159,1.34159,1.2247,0.999961,-1.33625,1.2247,0
0.0,-0.70708,1.34159,1.34159,1.2247,0.999961,0.267251,-1.2247,3
0.0,-0.70708,1.34159,1.34159,1.2247,0.999961,0.267251,0.0,3
0.0,-0.70708,1.34159,1.34159,1.2247,0.999961,0.267251,1.2247,0
0.0,-0.70708,1.34159,1.34159,1.2247,0.999961,1.069,-1.2247,3
0.0,-0.70708,1.34159,1.34159,1.2247,0.999961,1.069,0.0,3
0.0,-0.70708,1.34159,1.34159,1.2247,0.999961,1.069,1.2247,0
0.0,0.0,-1.34159,-1.34159,-1.2247,-0.999961,-1.33625,-1.2247,3
0.0,0.0,-1.34159,-1.34159,-1.2247,-0.999961,-1.33625,0.0,3
0.0,0.0,-1.34159,-1.34159,-1.2247,-0.999961,-1.33625,1.2247,0
0.0,0.0,-1.34159,-1.34159,-1.2247,-0.999961,0.267251,-1.2247,3
0.0,0.0,-1.34159,-1.34159,-1.2247,-0.999961,0.267251,0.0,3
0.0,0.0,-1.34159,-1.34159,-1.2247,-0.999961,0.267251,1.2247,0
0.0,0.0,-1.34159,-1.34159,-1.2247,-0.999961,1.069,-1.2247,3
0.0,0.0,-1.34159,-1.34159,-1.2247,-0.999961,1.069,0.0,3
0.0,0.0,-1.34159,-1.34159,-1.2247,-0.999961,1.069,1.2247,0
0.0,0.0,-1.34159,-1.34159,-1.2247,0.999961,-1.33625,-1.2247,3
0.0,0.0,-1.34159,-1.34159,-1.2247,0.999961,-1.33625,0.0,3
0.0,0.0,-1.34159,-1.34159,-1.2247,0.999961,-1.33625,1.2247,0
0.0,0.0,-1.34159,-1.34159,-1.2247,0.999961,0.267251,-1.2247,3
0.0,0.0,-1.34159,-1.34159,-1.2247,0.999961,0.267251,0.0,3
0.0,0.0,-1.34159,-1.34159,-1.2247,0.999961,0.267251,1.2247,0
0.0,0.0,-1.34159,-1.34159,-1.2247,0.999961,1.069,-1.2247,3
0.0,0.0,-1.34159,-1.34159,-1.2247,0.999961,1.069,0.0,3
0.0,0.0,-1.34159,-1.34159,-1.2247,0.999961,1.069,1.2247,0
0.0,0.0,-1.34159,-1.34159,0.0,-0.999961,-1.33625,-1.2247,3
0.0,0.0,-1.34159,-1.34159,0.0,-0.999961,-1.33625,0.0,3
0.0,0.0,-1.34159,-1.34159,0.0,-0.999961,-1.33625,1.2247,0
0.0,0.0,-1.34159,-1.34159,0.0,-0.999961,0.267251,-1.2247,3
0.0,0.0,-1.34159,-1.34159,0.0,-0.999961,0.267251,0.0,3
0.0,0.0,-1.34159,-1.34159,0.0,-0.999961,0.267251,1.2247,0
0.0,0.0,-1.34159,-1.34159,0.0,-0.999961,1.069,-1.2247,3
0.0,0.0,-1.34159,-1.34159,0.0,-0.999961,1.069,0.0,3
0.0,0.0,-1.34159,-1.34159,0.0,-0.999961,1.069,1.2247,0
0.0,0.0,-1.34159,-1.34159,0.0,0.999961,-1.33625,-1.2247,3
0.0,0.0,-1.34159,-1.34159,0.0,0.999961,-1.33625,0.0,3
0.0,0.0,-1.34159,-1.34159,0.0,0.999961,-1.33625,1.2247,0
0.0,0.0,-1.34159,-1.34159,0.0,0.999961,0.267251,-1.2247,3
0.0,0.0,-1.34159,-1.34159,0.0,0.999961,0.267251,0.0,3
0.0,0.0,-1.34159,-1.34159,0.0,0.999961,0.267251,1.2247,0
0.0,0.0,-1.34159,-1.34159,0.0,0.999961,1.069,-1.2247,3
0.0,0.0,-1.34159,-1.34159,0.0,0.999961,1.069,0.0,3
0.0,0.0,-1.34159,-1.34159,0.0,0.999961,1.069,1.2247,0
0.0,0.0,-1.34159,-1.34159,1.2247,-0.999961,-1.33625,-1.2247,3
0.0,0.0,-1.34159,-1.34159,1.2247,-0.999961,-1.33625,0.0,3
0.0,0.0,-1.34159,-1.34159,1.2247,-0.999961,-1.33625,1.2247,0
0.0,0.0,-1.34159,-1.34159,1.2247,-0.999961,0.267251,-1.2247,3
0.0,0.0,-1.34159,-1.34159,1.2247,-0.999961,0.267251,0.0,3
0.0,0.0,-1.34159,-1.34159,1.2247,-0.999961,0.267251,1.2247,0
0.0,0.0,-1.34159,-1.34159,1.2247,-0.999961,1.069,-1.2247,3
0.0,0.0,-1.34159,-1.34159,1.2247,-0.999961,1.069,0.0,3
0.0,0.0,-1.34159,-1.34159,1.2247,-0.999961,1.069,1.2247,0
0.0,0.0,-1.34159,-1.34159,1.2247,0.999961,-1.33625,-1.2247,3
0.0,0.0,-1.34159,-1.34159,1.2247,0.999961,-1.33625,0.0,3
0.0,0.0,-1.34159,-1.34159,1.2247,0.999961,-1.33625,1.2247,0
0.0,0.0,-1.34159,-1.34159,1.2247,0.999961,0.267251,-1.2247,3
0.0,0.0,-1.34159,-1.34159,1.2247,0.999961,0.267251,0.0,3
0.0,0.0,-1.34159,-1.34159,1.2247,0.999961,0.267251,1.2247,0
0.0,0.0,-1.34159,-1.34159,1.2247,0.999961,1.069,-1.2247,3
0.0,0.0,-1.34159,-1.34159,1.2247,0.999961,1.069,0.0,3
0.0,0.0,-1.34159,-1.34159,1.2247,0.999961,1.069,1.2247,0
0.0,0.0,-1.34159,-0.447196,-1.2247,-0.999961,-1.33625,-1.2247,3
0.0,0.0,-1.34159,-0.447196,-1.2247,-0.999961,-1.33625,0.0,3
0.0,0.0,-1.34159,-0.447196,-1.2247,-0.999961,-1.33625,1.2247,0
0.0,0.0,-1.34159,-0.447196,-1.2247,-0.999961,0.267251,-1.2247,3
0.0,0.0,-1.34159,-0.447196,-1.2247,-0.999961,0.267251,0.0,3
0.0,0.0,-1.34159,-0.447196,-1.2247,-0.999961,0.267251,1.2247,0
0.0,0.0,-1.34159,-0.447196,-1.2247,-0.999961,1.069,-1.2247,3
0.0,0.0,-1.34159,-0.447196,-1.2247,-0.999961,1.069,0.0,3
0.0,0.0,-1.34159,-0.447196,-1.2247,-0.999961,1.069,1.2247,0
0.0,0.0,-1.34159,-0.447196,-1.2247,0.999961,-1.33625,-1.2247,3
0.0,0.0,-1.34159,-0.447196,-1.2247,0.999961,-1.33625,0.0,3
0.0,0.0,-1.34159,-0.447196,-1.2247,0.999961,-1.33625,1.2247,0
0.0,0.0,-1.34159,-0.447196,-1.2247,0.999961,0.267251,-1.2247,3
0.0,0.0,-1.34159,-0.447196,-1.2247,0.999961,0.267251,0.0,3
0.0,0.0,-1.34159,-0.447196,-1.2247,0.999961,0.267251,1.2247,0
0.0,0.0,-1.34159,-0.447196,-1.2247,0.999961,1.069,-1.2247,3
0.0,0.0,-1.34159,-0.447196,-1.2247,0.999961,1.069,0.0,3
0.0,0.0,-1.34159,-0.447196,-1.2247,0.999961,1.069,1.2247,0
0.0,0.0,-1.34159,-0.447196,0.0,-0.999961,-1.33625,-1.2247,3
0.0,0.0,-1.34159,-0.447196,0.0,-0.999961,-1.33625,0.0,3
0.0,0.0,-1.34159,-0.447196,0.0,-0.999961,-1.33625,1.2247,0
0.0,0.0,-1.34159,-0.447196,0.0,-0.999961,0.267251,-1.2247,3
0.0,0.0,-1.34159,-0.447196,0.0,-0.999961,0.267251,0.0,3
0.0,0.0,-1.34159,-0.447196,0.0,-0.999961,0.267251,1.2247,0
0.0,0.0,-1.34159,-0.447196,0.0,-0.999961,1.069,-1.2247,3
0.0,0.0,-1.34159,-0.447196,0.0,-0.999961,1.069,0.0,3
0.0,0.0,-1.34159,-0.447196,0.0,-0.999961,1.069,1.2247,0
0.0,0.0,-1.34159,-0.447196,0.0,0.999961,-1.33625,-1.2247,3
0.0,0.0,-1.34159,-0.447196,0.0,0.999961,-1.33625,0.0,3
0.0,0.0,-1.34159,-0.447196,0.0,0.999961,-1.33625,1.2247,0
0.0,0.0,-1.34159,-0.447196,0.0,0.999961,0.267251,-1.2247,3
0.0,0.0,-1.34159,-0.447196,0.0,0.999961,0.267251,0.0,3
0.0,0.0,-1.34159,-0.447196,0.0,0.999961,0.267251,1.2247,0
0.0,0.0,-1.34159,-0.447196,0.0,0.999961,1.069,-1.2247,3
0.0,0.0,-1.34159,-0.447196,0.0,0.999961,1.069,0.0,3
0.0,0.0,-1.34159,-0.447196,0.0,0.999961,1.069,1.2247,0
0.0,0.0,-1.34159,-0.447196,1.2247,-0.999961,-1.33625,-1.2247,3
0.0,0.0,-1.34159,-0.447196,1.2247,-0.999961,-1.33625,0.0,4
0.0,0.0,-1.34159,-0.447196,1.2247,-0.999961,-1.33625,1.2247,0
0.0,0.0,-1.34159,-0.447196,1.2247,-0.999961,0.267251,-1.2247,3
0.0,0.0,-1.34159,-0.447196,1.2247,-0.999961,0.267251,0.0,4
0.0,0.0,-1.34159,-0.447196,1.2247,-0.999961,0.267251,1.2247,0
0.0,0.0,-1.34159,-0.447196,1.2247,-0.999961,1.069,-1.2247,4
0.0,0.0,-1.34159,-0.447196,1.2247,-0.999961,1.069,0.0,4
0.0,0.0,-1.34159,-0.447196,1.2247,-0.999961,1.069,1.2247,0
0.0,0.0,-1.34159,-0.447196,1.2247,0.999961,-1.33625,-1.2247,3
0.0,0.0,-1.34159,-0.447196,1.2247,0.999961,-1.33625,0.0,4
0.0,0.0,-1.34159,-0.447196,1.2247,0.999961,-1.33625,1.2247,0
0.0,0.0,-1.34159,-0.447196,1.2247,0.999961,0.267251,-1.2247,3
0.0,0.0,-1.34159,-0.447196,1.2247,0.999961,0.267251,0.0,4
0.0,0.0,-1.34159,-0.447196,1.2247,0.999961,0.267251,1.2247,0
0.0,0.0,-1.34159,-0.447196,1.2247,0.999961,1.069,-1.2247,4
0.0,0.0,-1.34159,-0.447196,1.2247,0.999961,1.069,0.0,4
0.0,0.0,-1.34159,-0.447196,1.2247,0.999961,1.069,1.2247,0
0.0,0.0,-1.34159,0.447196,-1.2247,-0.999961,-1.33625,-1.2247,3
0.0,0.0,-1.34159,0.447196,-1.2247,-0.999961,-1.33625,0.0,3
0.0,0.0,-1.34159,0.447196,-1.2247,-0.999961,-1.33625,1.2247,0
0.0,0.0,-1.34159,0.447196,-1.2247,-0.999961,0.267251,-1.2247,3
0.0,0.0,-1.34159,0.447196,-1.2247,-0.999961,0.267251,0.0,3
0.0,0.0,-1.34159,0.447196,-1.2247,-0.999961,0.267251,1.2247,0
0.0,0.0,-1.34159,0.447196,-1.2247,-0.999961,1.069,-1.2247,3
0.0,0.0,-1.34159,0.447196,-1.2247,-0.999961,1.069,0.0,3
0.0,0.0,-1.34159,0.447196,-1.2247,-0.999961,1.069,1.2247,0
0.0,0.0,-1.34159,0.447196,-1.2247,0.999961,-1.33625,-1.2247,3
0.0,0.0,-1.34159,0.447196,-1.2247,0.999961,-1.33625,0.0,4
0.0,0.0,-1.34159,0.447196,-1.2247,0.999961,-1.33625,1.2247,0
0.0,0.0,-1.34159,0.447196,-1.2247,0.999961,0.267251,-1.2247,3
0.0,0.0,-1.34159,0.447196,-1.2247,0.999961,0.267251,0.0,4
0.0,0.0,-1.34159,0.447196,-1.2247,0.999961,0.267251,1.2247,0
0.0,0.0,-1.34159,0.447196,-1.2247,0.999961,1.069,-1.2247,4
0.0,0.0,-1.34159,0.447196,-1.2247,0.999961,1.069,0.0,4
0.0,0.0,-1.34159,0.447196,-1.2247,0.999961,1.069,1.2247,0
0.0,0.0,-1.34159,0.447196,0.0,-0.999961,-1.33625,-1.2247,3
0.0,0.0,-1.34159,0.447196,0.0,-0.999961,-1.33625,0.0,4
0.0,0.0,-1.34159,0.447196,0.0,-0.999961,-1.33625,1.2247,0
0.0,0.0,-1.34159,0.447196,0.0,-0.999961,0.267251,-1.2247,3
0.0,0.0,-1.34159,0.447196,0.0,-0.999961,0.267251,0.0,4
0.0,0.0,-1.34159,0.447196,0.0,-0.999961,0.267251,1.2247,0
0.0,0.0,-1.34159,0.447196,0.0,-0.999961,1.069,-1.2247,4
0.0,0.0,-1.34159,0.447196,0.0,-0.999961,1.069,0.0,4
0.0,0.0,-1.34159,0.447196,0.0,-0.999961,1.069,1.2247,0
0.0,0.0,-1.34159,0.447196,0.0,0.999961,-1.33625,-1.2247,3
0.0,0.0,-1.34159,0.447196,0.0,0.999961,-1.33625,0.0,4
0.0,0.0,-1.34159,0.447196,0.0,0.999961,-1.33625,1.2247,0
0.0,0.0,-1.34159,0.447196,0.0,0.999961,0.267251,-1.2247,3
0.0,0.0,-1.34159,0.447196,0.0,0.999961,0.267251,0.0,4
0.0,0.0,-1.34159,0.447196,0.0,0.999961,0.267251,1.2247,0
0.0,0.0,-1.34159,0.447196,0.0,0.999961,1.069,-1.2247,4
0.0,0.0,-1.34159,0.447196,0.0,0.999961,1.069,0.0,4
0.0,0.0,-1.34159,0.447196,0.0,0.999961,1.069,1.2247,0
0.0,0.0,-1.34159,0.447196,1.2247,-0.999961,-1.33625,-1.2247,3
0.0,0.0,-1.34159,0.447196,1.2247,-0.999961,-1.33625,0.0,4
0.0,0.0,-1.34159,0.447196,1.2247,-0.999961,-1.33625,1.2247,0
0.0,0.0,-1.34159,0.447196,1.2247,-0.999961,0.267251,-1.2247,3
0.0,0.0,-1.34159,0.447196,1.2247,-0.999961,0.267251,0.0,4
0.0,0.0,-1.34159,0.447196,1.2247,-0.999961,0.267251,1.2247,0
0.0,0.0,-1.34159,0.447196,1.2247,-0.999961,1.069,-1.2247,4
0.0,0.0,-1.34159,0.447196,1.2247,-0.999961,1.069,0.0,4
0.0,0.0,-1.34159,0.447196,1.2247,-0.999961,1.069,1.2247,0
0.0,0.0,-1.34159,0.447196,1.2247,0.999961,-1.33625,-1.2247,3
0.0,0.0,-1.34159,0.447196,1.2247,0.999961,-1.33625,0.0,4
0.0,0.0,-1.34159,0.447196,1.2247,0.999961,-1.33625,1.2247,0
0.0,0.0,-1.34159,0.447196,1.2247,0.999961,0.267251,-1.2247,3
0.0,0.0,-1.34159,0.447196,1.2247,0.999961,0.267251,0.0,4
0.0,0.0,-1.34159,0.447196,1.2247,0.999961,0.267251,1.2247,0
0.0,0.0,-1.34159,0.447196,1.2247,0.999961,1.069,-1.2247,4
0.0,0.0,-1.34159,0.447196,1.2247,0.999961,1.069,0.0,4
0.0,0.0,-1.34159,0.447196,1.2247,0.999961,1.069,1.2247,0
0.0,0.0,-1.34159,1.34159,-1.2247,-0.999961,-1.33625,-1.2247,3
0.0,0.0,-1.34159,1.34159,-1.2247,-0.999961,-1.33625,0.0,3
0.0,0.0,-1.34159,1.34159,-1.2247,-0.999961,-1.33625,1.2247,0
0.0,0.0,-1.34159,1.34159,-1.2247,-0.999961,0.267251,-1.2247,3
0.0,0.0,-1.34159,1.34159,-1.2247,-0.999961,0.267251,0.0,3
0.0,0.0,-1.34159,1.34159,-1.2247,-0.999961,0.267251,1.2247,0
0.0,0.0,-1.34159,1.34159,-1.2247,-0.999961,1.069,-1.2247,3
0.0,0.0,-1.34159,1.34159,-1.2247,-0.999961,1.069,0.0,3
0.0,0.0,-1.34159,1.34159,-1.2247,-0.999961,1.069,1.2247,0
0.0,0.0,-1.34159,1.34159,-1.2247,0.999961,-1.33625,-1.2247,3
0.0,0.0,-1.34159,1.34159,-1.2247,0.999961,-1.33625,0.0,4
0.0,0.0,-1.34159,1.34159,-1.2247,0.999961,-1.33625,1.2247,0
0.0,0.0,-1.34159,1.34159,-1.2247,0.999961,0.267251,-1.2247,3
0.0,0.0,-1.34159,1.34159,-1.2247,0.999961,0.267251,0.0,4
0.0,0.0,-1.34159,1.34159,-1.2247,0.999961,0.267251,1.2247,0
0.0,0.0,-1.34159,1.34159,-1.2247,0.999961,1.069,-1.2247,4
0.0,0.0,-1.34159,1.34159,-1.2247,0.999961,1.069,0.0,4
0.0,0.0,-1.34159,1.34159,-1.2247,0.999961,1.069,1.2247,0
0.0,0.0,-1.34159,1.34159,0.0,-0.999961,-1.33625,-1.2247,3
0.0,0.0,-1.34159,1.34159,0.0,-0.999961,-1.33625,0.0,4
0.0,0.0,-1.34159,1.34159,0.0,-0.999961,-1.33625,1.2247,0
0.0,0.0,-1.34159,1.34159,0.0,-0.999961,0.267251,-1.2247,3
0.0,0.0,-1.34159,1.34159,0.0,-0.999961,0.267251,0.0,4
0.0,0.0,-1.34159,1.34159,0.0,-0.999961,0.267251,1.2247,0
0.0,0.0,-1.34159,1.34159,0.0,-0.999961,1.069,-1.2247,4
0.0,0.0,-1.34159,1.34159,0.0,-0.999961,1.069,0.0,4
0.0,0.0,-1.34159,1.34159,0.0,-0.999961,1.069,1.2247,0
0.0,0.0,-1.34159,1.34159,0.0,0.999961,-1.33625,-1.2247,3
0.0,0.0,-1.34159,1.34159,0.0,0.999961,-1.33625,0.0,4
0.0,0.0,-1.34159,1.34159,0.0,0.999961,-1.33625,1.2247,0
0.0,0.0,-1.34159,1.34159,0.0,0.999961,0.267251,-1.2247,3
0.0,0.0,-1.34159,1.34159,0.0,0.999961,0.267251,0.0,4
0.0,0.0,-1.34159,1.34159,0.0,0.999961,0.267251,1.2247,0
0.0,0.0,-1.34159,1.34159,0.0,0.999961,1.069,-1.2247,4
0.0,0.0,-1.34159,1.34159,0.0,0.999961,1.069,0.0,4
0.0,0.0,-1.34159,1.34159,0.0,0.999961,1.069,1.2247,0
0.0,0.0,-1.34159,1.34159,1.2247,-0.999961,-1.33625,-1.2247,3
0.0,0.0,-1.34159,1.34159,1.2247,-0.999961,-1.33625,0.0,4
0.0,0.0,-1.34159,1.34159,1.2247,-0.999961,-1.33625,1.2247,0
0.0,0.0,-1.34159,1.34159,1.2247,-0.999961,0.267251,-1.2247,3
0.0,0.0,-1.34159,1.34159,1.2247,-0.999961,0.267251,0.0,4
0.0,0.0,-1.34159,1.34159,1.2247,-0.999961,0.267251,1.2247,0
0.0,0.0,-1.34159,1.34159,1.2247,-0.999961,1.069,-1.2247,4
0.0,0.0,-1.34159,1.34159,1.2247,-0.999961,1.069,0.0,4
0.0,0.0,-1.34159,1.34159,1.2247,-0.999961,1.069,1.2247,0
0.0,0.0,-1.34159,1.34159,1.2247,0.999961,-1.33625,-1.2247,3
0.0,0.0,-1.34159,1.34159,1.2247,0.999961,-1.33625,0.0,4
0.0,0.0,-1.34159,1.34159,1.2247,0.999961,-1.33625,1.2247,0
0.0,0.0,-1.34159,1.34159,1.2247,0.999961,0.267251,-1.2247,3
0.0,0.0,-1.34159,1.34159,1.2247,0.999961,0.267251,0.0,4
0.0,0.0,-1.34159,1.34159,1.2247,0.999961,0.267251,1.2247,0
0.0,0.0,-1.34159,1.34159,1.2247,0.999961,1.069,-1.2247,4
0.0,0.0,-1.34159,1.34159,1.2247,0.999961,1.069,0.0,4
0.0,0.0,-1.34159,1.34159,1.2247,0.999961,1.069,1.2247,0
0.0,0.0,-0.447196,-1.34159,-1.2247,-0.999961,-1.33625,-1.2247,3
0.0,0.0,-0.447196,-1.34159,-1.2247,-0.999961,-1.33625,0.0,3
0.0,0.0,-0.447196,-1.34159,-1.2247,-0.999961,-1.33625,1.2247,0
0.0,0.0,-0.447196,-1.34159,-1.2247,-0.999961,0.267251,-1.2247,3
0.0,0.0,-0.447196,-1.34159,-1.2247,-0.999961,0.267251,0.0,3
0.0,0.0,-0.447196,-1.34159,-1.2247,-0.999961,0.267251,1.2247,0
0.0,0.0,-0.447196,-1.34159,-1.2247,-0.999961,1.069,-1.2247,3
0.0,0.0,-0.447196,-1.34159,-1.2247,-0.999961,1.069,0.0,3
0.0,0.0,-0.447196,-1.34159,-1.2247,-0.999961,1.069,1.2247,0
0.0,0.0,-0.447196,-1.34159,-1.2247,0.999961,-1.33625,-1.2247,3
0.0,0.0,-0.447196,-1.34159,-1.2247,0.999961,-1.33625,0.0,3
0.0,0.0,-0.447196,-1.34159,-1.2247,0.999961,-1.33625,1.2247,0
0.0,0.0,-0.447196,-1.34159,-1.2247,0.999961,0.267251,-1.2247,3
0.0,0.0,-0.447196,-1.34159,-1.2247,0.999961,0.267251,0.0,3
0.0,0.0,-0.447196,-1.34159,-1.2247,0.999961,0.267251,1.2247,0
0.0,0.0,-0.447196,-1.34159,-1.2247,0.999961,1.069,-1.2247,3
0.0,0.0,-0.447196,-1.34159,-1.2247,0.999961,1.069,0.0,3
0.0,0.0,-0.447196,-1.34159,-1.2247,0.999961,1.069,1.2247,0
0.0,0.0,-0.447196,-1.34159,0.0,-0.999961,-1.33625,-1.2247,3
0.0,0.0,-0.447196,-1.34159,0.0,-0.999961,-1.33625,0.0,3
0.0,0.0,-0.447196,-1.34159,0.0,-0.999961,-1.33625,1.2247,0
0.0,0.0,-0.447196,-1.34159,0.0,-0.999961,0.267251,-1.2247,3
0.0,0.0,-0.447196,-1.34159,0.0,-0.999961,0.267251,0.0,3
0.0,0.0,-0.447196,-1.34159,0.0,-0.999961,0.267251,1.2247,0
0.0,0.0,-0.447196,-1.34159,0.0,-0.999961,1.069,-1.2247,3
0.0,0.0,-0.447196,-1.34159,0.0,-0.999961,1.069,0.0,3
0.0,0.0,-0.447196,-1.34159,0.0,-0.999961,1.069,1.2247,0
0.0,0.0,-0.447196,-1.34159,0.0,0.999961,-1.33625,-1.2247,3
0.0,0.0,-0.447196,-1.34159,0.0,0.999961,-1.33625,0.0,3
0.0,0.0,-0.447196,-1.34159,0.0,0.999961,-1.33625,1.2247,0
0.0,0.0,-0.447196,-1.34159,0.0,0.999961,0.267251,-1.2247,3
0.0,0.0,-0.447196,-1.34159,0.0,0.999961,0.267251,0.0,3
0.0,0.0,-0.447196,-1.34159,0.0,0.999961,0.267251,1.2247,0
0.0,0.0,-0.447196,-1.34159,0.0,0.999961,1.069,-1.2247,3
0.0,0.0,-0.447196,-1.34159,0.0,0.999961,1.069,0.0,3
0.0,0.0,-0.447196,-1.34159,0.0,0.999961,1.069,1.2247,0
0.0,0.0,-0.447196,-1.34159,1.2247,-0.999961,-1.33625,-1.2247,3
0.0,0.0,-0.447196,-1.34159,1.2247,-0.999961,-1.33625,0.0,4
0.0,0.0,-0.447196,-1.34159,1.2247,-0.999961,-1.33625,1.2247,0
0.0,0.0,-0.447196,-1.34159,1.2247,-0.999961,0.267251,-1.2247,3
0.0,0.0,-0.447196,-1.34159,1.2247,-0.999961,0.267251,0.0,4
0.0,0.0,-0.447196,-1.34159,1.2247,-0.999961,0.267251,1.2247,0
0.0,0.0,-0.447196,-1.34159,1.2247,-0.999961,1.069,-1.2247,4
0.0,0.0,-0.447196,-1.34159,1.2247,-0.999961,1.069,0.0,4
0.0,0.0,-0.447196,-1.34159,1.2247,-0.999961,1.069,1.2247,0
0.0,0.0,-0.447196,-1.34159,1.2247,0.999961,-1.33625,-1.2247,3
0.0,0.0,-0.447196,-1.34159,1.2247,0.999961,-1.33625,0.0,4
0.0,0.0,-0.447196,-1.34159,1.2247,0.999961,-1.33625,1.2247,0
0.0,0.0,-0.447196,-1.34159,1.2247,0.999961,0.267251,-1.2247,3
0.0,0.0,-0.447196,-1.34159,1.2247,0.999961,0.267251,0.0,4
0.0,0.0,-0.447196,-1.34159,1.2247,0.999961,0.267251,1.2247,0
0.0,0.0,-0.447196,-1.34159,1.2247,0.999961,1.069,-1.2247,4
0.0,0.0,-0.447196,-1.34159,1.2247,0.999961,1.069,0.0,4
0.0,0.0,-0.447196,-1.34159,1.2247,0.999961,1.069,1.2247,0
0.0,0.0,-0.447196,-0.447196,-1.2247,-0.999961,-1.33625,-1.2247,3
0.0,0.0,-0.447196,-0.447196,-1.2247,-0.999961,-1.33625,0.0,3
0.0,0.0,-0.447196,-0.447196,-1.2247,-0.999961,-1.33625,1.2247,0
0.0,0.0,-0.447196,-0.447196,-1.2247,-0.999961,0.267251,-1.2247,3
0.0,0.0,-0.447196,-0.447196,-1.2247,-0.999961,0.267251,0.0,3
0.0,0.0,-0.447196,-0.447196,-1.2247,-0.999961,0.267251,1.2247,0
0.0,0.0,-0.447196,-0.447196,-1.2247,-0.999961,1.069,-1.2247,3
0.0,0.0,-0.447196,-0.447196,-1.2247,-0.999961,1.069,0.0,3
0.0,0.0,-0.447196,-0.447196,-1.2247,-0.999961,1.069,1.2247,0
0.0,0.0,-0.447196,-0.447196,-1.2247,0.999961,-1.33625,-1.2247,3
0.0,0.0,-0.447196,-0.447196,-1.2247,0.999961,-1.33625,0.0,3
0.0,0.0,-0.447196,-0.447196,-1.2247,0.999961,-1.33625,1.2247,0
0.0,0.0,-0.447196,-0.447196,-1.2247,0.999961,0.267251,-1.2247,3
0.0,0.0,-0.447196,-0.447196,-1.2247,0.999961,0.267251,0.0,3
0.0,0.0,-0.447196,-0.447196,-1.2247,0.999961,0.267251,1.2247,0
0.0,0.0,-0.447196,-0.447196,-1.2247,0.999961,1.069,-1.2247,3
0.0,0.0,-0.447196,-0.447196,-1.2247,0.999961,1.069,0.0,3
0.0,0.0,-0.447196,-0.447196,-1.2247,0.999961,1.069,1.2247,0
0.0,0.0,-0.447196,-0.447196,0.0,-0.999961,-1.33625,-1.2247,3
0.0,0.0,-0.447196,-0.447196,0.0,-0.999961,-1.33625,0.0,3
0.0,0.0,-0.447196,-0.447196,0.0,-0.999961,-1.33625,1.2247,0
0.0,0.0,-0.447196,-0.447196,0.0,-0.999961,0.267251,-1.2247,3
0.0,0.0,-0.447196,-0.447196,0.0,-0.999961,0.267251,0.0,3
0.0,0.0,-0.447196,-0.447196,0.0,-0.999961,0.267251,1.2247,0
0.0,0.0,-0.447196,-0.447196,0.0,-0.999961,1.069,-1.2247,3
0.0,0.0,-0.447196,-0.447196,0.0,-0.999961,1.069,0.0,3
0.0,0.0,-0.447196,-0.447196,0.0,-0.999961,1.069,1.2247,0
0.0,0.0,-0.447196,-0.447196,0.0,0.999961,-1.33625,-1.2247,3
0.0,0.0,-0.447196,-0.447196,0.0,0.999961,-1.33625,0.0,3
0.0,0.0,-0.447196,-0.447196,0.0,0.999961,-1.33625,1.2247,0
0.0,0.0,-0.447196,-0.447196,0.0,0.999961,0.267251,-1.2247,3
0.0,0.0,-0.447196,-0.447196,0.0,0.999961,0.267251,0.0,3
0.0,0.0,-0.447196,-0.447196,0.0,0.999961,0.267251,1.2247,0
0.0,0.0,-0.447196,-0.447196,0.0,0.999961,1.069,-1.2247,3
0.0,0.0,-0.447196,-0.447196,0.0,0.999961,1.069,0.0,3
0.0,0.0,-0.447196,-0.447196,0.0,0.999961,1.069,1.2247,0
0.0,0.0,-0.447196,-0.447196,1.2247,-0.999961,-1.33625,-1.2247,3
0.0,0.0,-0.447196,-0.447196,1.2247,-0.999961,-1.33625,0.0,4
0.0,0.0,-0.447196,-0.447196,1.2247,-0.999961,-1.33625,1.2247,0
0.0,0.0,-0.447196,-0.447196,1.2247,-0.999961,0.267251,-1.2247,3
0.0,0.0,-0.447196,-0.447196,1.2247,-0.999961,0.267251,0.0,4
0.0,0.0,-0.447196,-0.447196,1.2247,-0.999961,0.267251,1.2247,0
0.0,0.0,-0.447196,-0.447196,1.2247,-0.999961,1.069,-1.2247,4
0.0,0.0,-0.447196,-0.447196,1.2247,-0.999961,1.069,0.0,4
0.0,0.0,-0.447196,-0.447196,1.2247,-0.999961,1.069,1.2247,0
0.0,0.0,-0.447196,-0.447196,1.2247,0.999961,-1.33625,-1.2247,3
0.0,0.0,-0.447196,-0.447196,1.2247,0.999961,-1.33625,0.0,4
0.0,0.0,-0.447196,-0.447196,1.2247,0.999961,-1.33625,1.2247,0
0.0,0.0,-0.447196,-0.447196,1.2247,0.999961,0.267251,-1.2247,3
0.0,0.0,-0.447196,-0.447196,1.2247,0.999961,0.267251,0.0,4
0.0,0.0,-0.447196,-0.447196,1.2247,0.999961,0.267251,1.2247,0
0.0,0.0,-0.447196,-0.447196,1.2247,0.999961,1.069,-1.2247,4
0.0,0.0,-0.447196,-0.447196,1.2247,0.999961,1.069,0.0,4
0.0,0.0,-0.447196,-0.447196,1.2247,0.999961,1.069,1.2247,0
0.0,0.0,-0.447196,0.447196,-1.2247,-0.999961,-1.33625,-1.2247,3
0.0,0.0,-0.447196,0.447196,-1.2247,-0.999961,-1.33625,0.0,3
0.0,0.0,-0.447196,0.447196,-1.2247,-0.999961,-1.33625,1.2247,0
0.0,0.0,-0.447196,0.447196,-1.2247,-0.999961,0.267251,-1.2247,3
0.0,0.0,-0.447196,0.447196,-1.2247,-0.999961,0.267251,0.0,3
0.0,0.0,-0.447196,0.447196,-1.2247,-0.999961,0.267251,1.2247,0
0.0,0.0,-0.447196,0.447196,-1.2247,-0.999961,1.069,-1.2247,3
0.0,0.0,-0.447196,0.447196,-1.2247,-0.999961,1.069,0.0,3
0.0,0.0,-0.447196,0.447196,-1.2247,-0.999961,1.069,1.2247,0
0.0,0.0,-0.447196,0.447196,-1.2247,0.999961,-1.33625,-1.2247,3
0.0,0.0,-0.447196,0.447196,-1.2247,0.999961,-1.33625,0.0,4
0.0,0.0,-0.447196,0.447196,-1.2247,0.999961,-1.33625,1.2247,0
0.0,0.0,-0.447196,0.447196,-1.2247,0.999961,0.267251,-1.2247,3
0.0,0.0,-0.447196,0.447196,-1.2247,0.999961,0.267251,0.0,4
0.0,0.0,-0.447196,0.447196,-1.2247,0.999961,0.267251,1.2247,0
0.0,0.0,-0.447196,0.447196,-1.2247,0.999961,1.069,-1.2247,4
0.0,0.0,-0.447196,0.447196,-1.2247,0.999961,1.069,0.0,4
0.0,0.0,-0.447196,0.447196,-1.2247,0.999961,1.069,1.2247,0
0.0,0.0,-0.447196,0.447196,0.0,-0.999961,-1.33625,-1.2247,3
0.0,0.0,-0.447196,0.447196,0.0,-0.999961,-1.33625,0.0,4
0.0,0.0,-0.447196,0.447196,0.0,-0.999961,-1.33625,1.2247,0
0.0,0.0,-0.447196,0.447196,0.0,-0.999961,0.267251,-1.2247,3
0.0,0.0,-0.447196,0.447196,0.0,-0.999961,0.267251,0.0,4
0.0,0.0,-0.447196,0.447196,0.0,-0.999961,0.267251,1.2247,0
0.0,0.0,-0.447196,0.447196,0.0,-0.999961,1.069,-1.2247,4
0.0,0.0,-0.447196,0.447196,0.0,-0.999961,1.069,0.0,4
0.0,0.0,-0.447196,0.447196,0.0,-0.999961,1.069,1.2247,0
0.0,0.0,-0.447196,0.447196,0.0,0.999961,-1.33625,-1.2247,3
0.0,0.0,-0.447196,0.447196,0.0,0.999961,-1.33625,0.0,4
0.0,0.0,-0.447196,0.447196,0.0,0.999961,-1.33625,1.2247,0
0.0,0.0,-0.447196,0.447196,0.0,0.999961,0.267251,-1.2247,3
0.0,0.0,-0.447196,0.447196,0.0,0.999961,0.267251,0.0,4
0.0,0.0,-0.447196,0.447196,0.0,0.999961,0.267251,1.2247,0
0.0,0.0,-0.447196,0.447196,0.0,0.999961,1.069,-1.2247,4
0.0,0.0,-0.447196,0.447196,0.0,0.999961,1.069,0.0,4
0.0,0.0,-0.447196,0.447196,0.0,0.999961,1.069,1.2247,0
0.0,0.0,-0.447196,0.447196,1.2247,-0.999961,-1.33625,-1.2247,3
0.0,0.0,-0.447196,0.447196,1.2247,-0.999961,-1.33625,0.0,4
0.0,0.0,-0.447196,0.447196,1.2247,-0.999961,-1.33625,1.2247,0
0.0,0.0,-0.447196,0.447196,1.2247,-0.999961,0.267251,-1.2247,3
0.0,0.0,-0.447196,0.447196,1.2247,-0.999961,0.267251,0.0,4
0.0,0.0,-0.447196,0.447196,1.2247,-0.999961,0.267251,1.2247,0
0.0,0.0,-0.447196,0.447196,1.2247,-0.999961,1.069,-1.2247,4
0.0,0.0,-0.447196,0.447196,1.2247,-0.999961,1.069,0.0,4
0.0,0.0,-0.447196,0.447196,1.2247,-0.999961,1.069,1.2247,0
0.0,0.0,-0.447196,0.447196,1.2247,0.999961,-1.33625,-1.2247,3
0.0,0.0,-0.447196,0.447196,1.2247,0.999961,-1.33625,0.0,4
0.0,0.0,-0.447196,0.447196,1.2247,0.999961,-1.33625,1.2247,0
0.0,0.0,-0.447196,0.447196,1.2247,0.999961,0.267251,-1.2247,3
0.0,0.0,-0.447196,0.447196,1.2247,0.999961,0.267251,0.0,4
0.0,0.0,-0.447196,0.447196,1.2247,0.999961,0.267251,1.2247,0
0.0,0.0,-0.447196,0.447196,1.2247,0.999961,1.069,-1.2247,4
0.0,0.0,-0.447196,0.447196,1.2247,0.999961,1.069,0.0,4
0.0,0.0,-0.447196,0.447196,1.2247,0.999961,1.069,1.2247,0
0.0,0.0,-0.447196,1.34159,-1.2247,-0.999961,-1.33625,-1.2247,3
0.0,0.0,-0.447196,1.34159,-1.2247,-0.999961,-1.33625,0.0,3
0.0,0.0,-0.447196,1.34159,-1.2247,-0.999961,-1.33625,1.2247,0
0.0,0.0,-0.447196,1.34159,-1.2247,-0.999961,0.267251,-1.2247,3
0.0,0.0,-0.447196,1.34159,-1.2247,-0.999961,0.267251,0.0,3
0.0,0.0,-0.447196,1.34159,-1.2247,-0.999961,0.267251,1.2247,0
0.0,0.0,-0.447196,1.34159,-1.2247,-0.999961,1.069,-1.2247,3
0.0,0.0,-0.447196,1.34159,-1.2247,-0.999961,1.069,0.0,3
0.0,0.0,-0.447196,1.34159,-1.2247,-0.999961,1.069,1.2247,0
0.0,0.0,-0.447196,1.34159,-1.2247,0.999961,-1.33625,-1.2247,3
0.0,0.0,-0.447196,1.34159,-1.2247,0.999961,-1.33625,0.0,4
0.0,0.0,-0.447196,1.34159,-1.2247,0.999961,-1.33625,1.2247,0
0.0,0.0,-0.447196,1.34159,-1.2247,0.999961,0.267251,-1.2247,3
0.0,0.0,-0.447196,1.34159,-1.2247,0.999961,0.267251,0.0,4
0.0,0.0,-0.447196,1.34159,-1.2247,0.999961,0.267251,1.2247,0
0.0,0.0,-0.447196,1.34159,-1.2247,0.999961,1.069,-1.2247,4
0.0,0.0,-0.447196,1.34159,-1.2247,0.999961,1.069,0.0,4
0.0,0.0,-0.447196,1.34159,-1.2247,0.999961,1.069,1.2247,0
0.0,0.0,-0.447196,1.34159,0.0,-0.999961,-1.33625,-1.2247,3
0.0,0.0,-0.447196,1.34159,0.0,-0.999961,-1.33625,0.0,4
0.0,0.0,-0.447196,1.34159,0.0,-0.999961,-1.33625,1.2247,0
0.0,0.0,-0.447196,1.34159,0.0,-0.999961,0.267251,-1.2247,3
0.0,0.0,-0.447196,1.34159,0.0,-0.999961,0.267251,0.0,4
0.0,0.0,-0.447196,1.34159,0.0,-0.999961,0.267251,1.2247,0
0.0,0.0,-0.447196,1.34159,0.0,-0.999961,1.069,-1.2247,4
0.0,0.0,-0.447196,1.34159,0.0,-0.999961,1.069,0.0,4
0.0,0.0,-0.447196,1.34159,0.0,-0.999961,1.069,1.2247,0
0.0,0.0,-0.447196,1.34159,0.0,0.999961,-1.33625,-1.2247,3
0.0,0.0,-0.447196,1.34159,0.0,0.999961,-1.33625,0.0,4
0.0,0.0,-0.447196,1.34159,0.0,0.999961,-1.33625,1.2247,0
0.0,0.0,-0.447196,1.34159,0.0,0.999961,0.267251,-1.2247,3
0.0,0.0,-0.447196,1.34159,0.0,0.999961,0.267251,0.0,4
0.0,0.0,-0.447196,1.34159,0.0,0.999961,0.267251,1.2247,0
0.0,0.0,-0.447196,1.34159,0.0,0.999961,1.069,-1.2247,4
0.0,0.0,-0.447196,1.34159,0.0,0.999961,1.069,0.0,4
0.0,0.0,-0.447196,1.34159,0.0,0.999961,1.069,1.2247,0
0.0,0.0,-0.447196,1.34159,1.2247,-0.999961,-1.33625,-1.2247,3
0.0,0.0,-0.447196,1.34159,1.2247,-0.999961,-1.33625,0.0,4
0.0,0.0,-0.447196,1.34159,1.2247,-0.999961,-1.33625,1.2247,0
0.0,0.0,-0.447196,1.34159,1.2247,-0.999961,0.267251,-1.2247,3
0.0,0.0,-0.447196,1.34159,1.2247,-0.999961,0.267251,0.0,4
0.0,0.0,-0.447196,1.34159,1.2247,-0.999961,0.267251,1.2247,0
0.0,0.0,-0.447196,1.34159,1.2247,-0.999961,1.069,-1.2247,4
0.0,0.0,-0.447196,1.34159,1.2247,-0.999961,1.069,0.0,4
0.0,0.0,-0.447196,1.34159,1.2247,-0.999961,1.069,1.2247,0
0.0,0.0,-0.447196,1.34159,1.2247,0.999961,-1.33625,-1.2247,3
0.0,0.0,-0.447196,1.34159,1.2247,0.999961,-1.33625,0.0,4
0.0,0.0,-0.447196,1.34159,1.2247,0.999961,-1.33625,1.2247,0
0.0,0.0,-0.447196,1.34159,1.2247,0.999961,0.267251,-1.2247,3
0.0,0.0,-0.447196,1.34159,1.2247,0.999961,0.267251,0.0,4
0.0,0.0,-0.447196,1.34159,1.2247,0.999961,0.267251,1.2247,0
0.0,0.0,-0.447196,1.34159,1.2247,0.999961,1.069,-1.2247,4
0.0,0.0,-0.447196,1.34159,1.2247,0.999961,1.069,0.0,4
0.0,0.0,-0.447196,1.34159,1.2247,0.999961,1.069,1.2247,0
0.0,0.0,0.447196,-1.34159,-1.2247,-0.999961,-1.33625,-1.2247,3
0.0,0.0,0.447196,-1.34159,-1.2247,-0.999961,-1.33625,0.0,3
0.0,0.0,0.447196,-1.34159,-1.2247,-0.999961,-1.33625,1.2247,0
0.0,0.0,0.447196,-1.34159,-1.2247,-0.999961,0.267251,-1.2247,3
0.0,0.0,0.447196,-1.34159,-1.2247,-0.999961,0.267251,0.0,3
0.0,0.0,0.447196,-1.34159,-1.2247,-0.999961,0.267251,1.2247,0
0.0,0.0,0.447196,-1.34159,-1.2247,-0.999961,1.069,-1.2247,3
0.0,0.0,0.447196,-1.34159,-1.2247,-0.999961,1.069,0.0,3
0.0,0.0,0.447196,-1.34159,-1.2247,-0.999961,1.069,1.2247,0
0.0,0.0,0.447196,-1.34159,-1.2247,0.999961,-1.33625,-1.2247,3
0.0,0.0,0.447196,-1.34159,-1.2247,0.999961,-1.33625,0.0,3
0.0,0.0,0.447196,-1.34159,-1.2247,0.999961,-1.33625,1.2247,0
0.0,0.0,0.447196,-1.34159,-1.2247,0.999961,0.267251,-1.2247,3
0.0,0.0,0.447196,-1.34159,-1.2247,0.999961,0.267251,0.0,3
0.0,0.0,0.447196,-1.34159,-1.2247,0.999961,0.267251,1.2247,0
0.0,0.0,0.447196,-1.34159,-1.2247,0.999961,1.069,-1.2247,3
0.0,0.0,0.447196,-1.34159,-1.2247,0.999961,1.069,0.0,3
0.0,0.0,0.447196,-1.34159,-1.2247,0.999961,1.069,1.2247,0
0.0,0.0,0.447196,-1.34159,0.0,-0.999961,-1.33625,-1.2247,3
0.0,0.0,0.447196,-1.34159,0.0,-0.999961,-1.33625,0.0,3
0.0,0.0,0.447196,-1.34159,0.0,-0.999961,-1.33625,1.2247,0
0.0,0.0,0.447196,-1.34159,0.0,-0.999961,0.267251,-1.2247,3
0.0,0.0,0.447196,-1.34159,0.0,-0.999961,0.267251,0.0,3
0.0,0.0,0.447196,-1.34159,0.0,-0.999961,0.267251,1.2247,0
0.0,0.0,0.447196,-1.34159,0.0,-0.999961,1.069,-1.2247,3
0.0,0.0,0.447196,-1.34159,0.0,-0.999961,1.069,0.0,3
0.0,0.0,0.447196,-1.34159,0.0,-0.999961,1.069,1.2247,0
0.0,0.0,0.447196,-1.34159,0.0,0.999961,-1.33625,-1.2247,3
0.0,0.0,0.447196,-1.34159,0.0,0.999961,-1.33625,0.0,3
0.0,0.0,0.447196,-1.34159,0.0,0.999961,-1.33625,1.2247,0
0.0,0.0,0.447196,-1.34159,0.0,0.999961,0.267251,-1.2247,3
0.0,0.0,0.447196,-1.34159,0.0,0.999961,0.267251,0.0,3
0.0,0.0,0.447196,-1.34159,0.0,0.999961,0.267251,1.2247,0
0.0,0.0,0.447196,-1.34159,0.0,0.999961,1.069,-1.2247,3
0.0,0.0,0.447196,-1.34159,0.0,0.999961,1.069,0.0,3
0.0,0.0,0.447196,-1.34159,0.0,0.999961,1.069,1.2247,0
0.0,0.0,0.447196,-1.34159,1.2247,-0.999961,-1.33625,-1.2247,3
0.0,0.0,0.447196,-1.34159,1.2247,-0.999961,-1.33625,0.0,4
0.0,0.0,0.447196,-1.34159,1.2247,-0.999961,-1.33625,1.2247,0
0.0,0.0,0.447196,-1.34159,1.2247,-0.999961,0.267251,-1.2247,3
0.0,0.0,0.447196,-1.34159,1.2247,-0.999961,0.267251,0.0,4
0.0,0.0,0.447196,-1.34159,1.2247,-0.999961,0.267251,1.2247,0
0.0,0.0,0.447196,-1.34159,1.2247,-0.999961,1.069,-1.2247,4
0.0,0.0,0.447196,-1.34159,1.2247,-0.999961,1.069,0.0,4
0.0,0.0,0.447196,-1.34159,1.2247,-0.999961,1.069,1.2247,0
0.0,0.0,0.447196,-1.34159,1.2247,0.999961,-1.33625,-1.2247,3
0.0,0.0,0.447196,-1.34159,1.2247,0.999961,-1.33625,0.0,4
0.0,0.0,0.447196,-1.34159,1.2247,0.999961,-1.33625,1.2247,0
0.0,0.0,0.447196,-1.34159,1.2247,0.999961,0.267251,-1.2247,3
0.0,0.0,0.447196,-1.34159,1.2247,0.999961,0.267251,0.0,4
0.0,0.0,0.447196,-1.34159,1.2247,0.999961,0.267251,1.2247,0
0.0,0.0,0.447196,-1.34159,1.2247,0.999961,1.069,-1.2247,4
0.0,0.0,0.447196,-1.34159,1.2247,0.999961,1.069,0.0,4
0.0,0.0,0.447196,-1.34159,1.2247,0.999961,1.069,1.2247,0
0.0,0.0,0.447196,-0.447196,-1.2247,-0.999961,-1.33625,-1.2247,3
0.0,0.0,0.447196,-0.447196,-1.2247,-0.999961,-1.33625,0.0,3
0.0,0.0,0.447196,-0.447196,-1.2247,-0.999961,-1.33625,1.2247,0
0.0,0.0,0.447196,-0.447196,-1.2247,-0.999961,0.267251,-1.2247,3
0.0,0.0,0.447196,-0.447196,-1.2247,-0.999961,0.267251,0.0,3
0.0,0.0,0.447196,-0.447196,-1.2247,-0.999961,0.267251,1.2247,0
0.0,0.0,0.447196,-0.447196,-1.2247,-0.999961,1.069,-1.2247,3
0.0,0.0,0.447196,-0.447196,-1.2247,-0.999961,1.069,0.0,3
0.0,0.0,0.447196,-0.447196,-1.2247,-0.999961,1.069,1.2247,0
0.0,0.0,0.447196,-0.447196,-1.2247,0.999961,-1.33625,-1.2247,3
0.0,0.0,0.447196,-0.447196,-1.2247,0.999961,-1.33625,0.0,4
0.0,0.0,0.447196,-0.447196,-1.2247,0.999961,-1.33625,1.2247,0
0.0,0.0,0.447196,-0.447196,-1.2247,0.999961,0.267251,-1.2247,3
0.0,0.0,0.447196,-0.447196,-1.2247,0.999961,0.267251,0.0,4
0.0,0.0,0.447196,-0.447196,-1.2247,0.999961,0.267251,1.2247,0
0.0,0.0,0.447196,-0.447196,-1.2247,0.999961,1.069,-1.2247,4
0.0,0.0,0.447196,-0.447196,-1.2247,0.999961,1.069,0.0,4
0.0,0.0,0.447196,-0.447196,-1.2247,0.999961,1.069,1.2247,0
0.0,0.0,0.447196,-0.447196,0.0,-0.999961,-1.33625,-1.2247,3
0.0,0.0,0.447196,-0.447196,0.0,-0.999961,-1.33625,0.0,4
0.0,0.0,0.447196,-0.447196,0.0,-0.999961,-1.33625,1.2247,0
0.0,0.0,0.447196,-0.447196,0.0,-0.999961,0.267251,-1.2247,3
0.0,0.0,0.447196,-0.447196,0.0,-0.999961,0.267251,0.0,4
0.0,0.0,0.447196,-0.447196,0.0,-0.999961,0.267251,1.2247,0
0.0,0.0,0.447196,-0.447196,0.0,-0.999961,1.069,-1.2247,4
0.0,0.0,0.447196,-0.447196,0.0,-0.999961,1.069,0.0,4
0.0,0.0,0.447196,-0.447196,0.0,-0.999961,1.069,1.2247,0
0.0,0.0,0.447196,-0.447196,0.0,0.999961,-1.33625,-1.2247,3
0.0,0.0,0.447196,-0.447196,0.0,0.999961,-1.33625,0.0,4
0.0,0.0,0.447196,-0.447196,0.0,0.999961,-1.33625,1.2247,0
0.0,0.0,0.447196,-0.447196,0.0,0.999961,0.267251,-1.2247,3
0.0,0.0,0.447196,-0.447196,0.0,0.999961,0.267251,0.0,4
0.0,0.0,0.447196,-0.447196,0.0,0.999961,0.267251,1.2247,0
0.0,0.0,0.447196,-0.447196,0.0,0.999961,1.069,-1.2247,4
0.0,0.0,0.447196,-0.447196,0.0,0.999961,1.069,0.0,4
0.0,0.0,0.447196,-0.447196,0.0,0.999961,1.069,1.2247,0
0.0,0.0,0.447196,-0.447196,1.2247,-0.999961,-1.33625,-1.2247,3
0.0,0.0,0.447196,-0.447196,1.2247,-0.999961,-1.33625,0.0,4
0.0,0.0,0.447196,-0.447196,1.2247,-0.999961,-1.33625,1.2247,0
0.0,0.0,0.447196,-0.447196,1.2247,-0.999961,0.267251,-1.2247,3
0.0,0.0,0.447196,-0.447196,1.2247,-0.999961,0.267251,0.0,4
0.0,0.0,0.447196,-0.447196,1.2247,-0.999961,0.267251,1.2247,0
0.0,0.0,0.447196,-0.447196,1.2247,-0.999961,1.069,-1.2247,4
0.0,0.0,0.447196,-0.447196,1.2247,-0.999961,1.069,0.0,4
0.0,0.0,0.447196,-0.447196,1.2247,-0.999961,1.069,1.2247,0
0.0,0.0,0.447196,-0.447196,1.2247,0.999961,-1.33625,-1.2247,3
0.0,0.0,0.447196,-0.447196,1.2247,0.999961,-1.33625,0.0,4
0.0,0.0,0.447196,-0.447196,1.2247,0.999961,-1.33625,1.2247,0
0.0,0.0,0.447196,-0.447196,1.2247,0.999961,0.267251,-1.2247,3
0.0,0.0,0.447196,-0.447196,1.2247,0.999961,0.267251,0.0,4
0.0,0.0,0.447196,-0.447196,1.2247,0.999961,0.267251,1.2247,0
0.0,0.0,0.447196,-0.447196,1.2247,0.999961,1.069,-1.2247,4
0.0,0.0,0.447196,-0.447196,1.2247,0.999961,1.069,0.0,4
0.0,0.0,0.447196,-0.447196,1.2247,0.999961,1.069,1.2247,0
0.0,0.0,0.447196,0.447196,-1.2247,-0.999961,-1.33625,-1.2247,3
0.0,0.0,0.447196,0.447196,-1.2247,-0.999961,-1.33625,0.0,3
0.0,0.0,0.447196,0.447196,-1.2247,-0.999961,-1.33625,1.2247,0
0.0,0.0,0.447196,0.447196,-1.2247,-0.999961,0.267251,-1.2247,3
0.0,0.0,0.447196,0.447196,-1.2247,-0.999961,0.267251,0.0,3
0.0,0.0,0.447196,0.447196,-1.2247,-0.999961,0.267251,1.2247,0
0.0,0.0,0.447196,0.447196,-1.2247,-0.999961,1.069,-1.2247,3
0.0,0.0,0.447196,0.447196,-1.2247,-0.999961,1.069,0.0,3
0.0,0.0,0.447196,0.447196,-1.2247,-0.999961,1.069,1.2247,0
0.0,0.0,0.447196,0.447196,-1.2247,0.999961,-1.33625,-1.2247,3
0.0,0.0,0.447196,0.447196,-1.2247,0.999961,-1.33625,0.0,4
0.0,0.0,0.447196,0.447196,-1.2247,0.999961,-1.33625,1.2247,0
0.0,0.0,0.447196,0.447196,-1.2247,0.999961,0.267251,-1.2247,3
0.0,0.0,0.447196,0.447196,-1.2247,0.999961,0.267251,0.0,4
0.0,0.0,0.447196,0.447196,-1.2247,0.999961,0.267251,1.2247,0
0.0,0.0,0.447196,0.447196,-1.2247,0.999961,1.069,-1.2247,4
0.0,0.0,0.447196,0.447196,-1.2247,0.999961,1.069,0.0,4
0.0,0.0,0.447196,0.447196,-1.2247,0.999961,1.069,1.2247,0
0.0,0.0,0.447196,0.447196,0.0,-0.999961,-1.33625,-1.2247,3
0.0,0.0,0.447196,0.447196,0.0,-0.999961,-1.33625,0.0,4
0.0,0.0,0.447196,0.447196,0.0,-0.999961,-1.33625,1.2247,0
0.0,0.0,0.447196,0.447196,0.0,-0.999961,0.267251,-1.2247,3
0.0,0.0,0.447196,0.447196,0.0,-0.999961,0.267251,0.0,4
0.0,0.0,0.447196,0.447196,0.0,-0.999961,0.267251,1.2247,0
0.0,0.0,0.447196,0.447196,0.0,-0.999961,1.069,-1.2247,4
0.0,0.0,0.447196,0.447196,0.0,-0.999961,1.069,0.0,4
0.0,0.0,0.447196,0.447196,0.0,-0.999961,1.069,1.2247,0
0.0,0.0,0.447196,0.447196,0.0,0.999961,-1.33625,-1.2247,3
0.0,0.0,0.447196,0.447196,0.0,0.999961,-1.33625,0.0,4
0.0,0.0,0.447196,0.447196,0.0,0.999961,-1.33625,1.2247,0
0.0,0.0,0.447196,0.447196,0.0,0.999961,0.267251,-1.2247,3
0.0,0.0,0.447196,0.447196,0.0,0.999961,0.267251,0.0,4
0.0,0.0,0.447196,0.447196,0.0,0.999961,0.267251,1.2247,0
0.0,0.0,0.447196,0.447196,0.0,0.999961,1.069,-1.2247,4
0.0,0.0,0.447196,0.447196,0.0,0.999961,1.069,0.0,4
0.0,0.0,0.447196,0.447196,0.0,0.999961,1.069,1.2247,0
0.0,0.0,0.447196,0.447196,1.2247,-0.999961,-1.33625,-1.2247,3
0.0,0.0,0.447196,0.447196,1.2247,-0.999961,-1.33625,0.0,4
0.0,0.0,0.447196,0.447196,1.2247,-0.999961,-1.33625,1.2247,0
0.0,0.0,0.447196,0.447196,1.2247,-0.999961,0.267251,-1.2247,3
0.0,0.0,0.447196,0.447196,1.2247,-0.999961,0.267251,0.0,4
0.0,0.0,0.447196,0.447196,1.2247,-0.999961,0.267251,1.2247,0
0.0,0.0,0.447196,0.447196,1.2247,-0.999961,1.069,-1.2247,4
0.0,0.0,0.447196,0.447196,1.2247,-0.999961,1.069,0.0,4
0.0,0.0,0.447196,0.447196,1.2247,-0.999961,1.069,1.2247,0
0.0,0.0,0.447196,0.447196,1.2247,0.999961,-1.33625,-1.2247,3
0.0,0.0,0.447196,0.447196,1.2247,0.999961,-1.33625,0.0,4
0.0,0.0,0.447196,0.447196,1.2247,0.999961,-1.33625,1.2247,0
0.0,0.0,0.447196,0.447196,1.2247,0.999961,0.267251,-1.2247,3
0.0,0.0,0.447196,0.447196,1.2247,0.999961,0.267251,0.0,4
0.0,0.0,0.447196,0.447196,1.2247,0.999961,0.267251,1.2247,0
0.0,0.0,0.447196,0.447196,1.2247,0.999961,1.069,-1.2247,4
0.0,0.0,0.447196,0.447196,1.2247,0.999961,1.069,0.0,4
0.0,0.0,0.447196,0.447196,1.2247,0.999961,1.069,1.2247,0
0.0,0.0,0.447196,1.34159,-1.2247,-0.999961,-1.33625,-1.2247,3
0.0,0.0,0.447196,1.34159,-1.2247,-0.999961,-1.33625,0.0,3
0.0,0.0,0.447196,1.34159,-1.2247,-0.999961,-1.33625,1.2247,0
0.0,0.0,0.447196,1.34159,-1.2247,-0.999961,0.267251,-1.2247,3
0.0,0.0,0.447196,1.34159,-1.2247,-0.999961,0.267251,0.0,3
0.0,0.0,0.447196,1.34159,-1.2247,-0.999961,0.267251,1.2247,0
0.0,0.0,0.447196,1.34159,-1.2247,-0.999961,1.069,-1.2247,3
0.0,0.0,0.447196,1.34159,-1.2247,-0.999961,1.069,0.0,3
0.0,0.0,0.447196,1.34159,-1.2247,-0.999961,1.069,1.2247,0
0.0,0.0,0.447196,1.34159,-1.2247,0.999961,-1.33625,-1.2247,3
0.0,0.0,0.447196,1.34159,-1.2247,0.999961,-1.33625,0.0,4
0.0,0.0,0.447196,1.34159,-1.2247,0.999961,-1.33625,1.2247,0
0.0,0.0,0.447196,1.34159,-1.2247,0.999961,0.267251,-1.2247,3
0.0,0.0,0.447196,1.34159,-1.2247,0.999961,0.267251,0.0,4
0.0,0.0,0.447196,1.34159,-1.2247,0.999961,0.267251,1.2247,0
0.0,0.0,0.447196,1.34159,-1.2247,0.999961,1.069,-1.2247,4
0.0,0.0,0.447196,1.34159,-1.2247,0.999961,1.069,0.0,4
0.0,0.0,0.447196,1.34159,-1.2247,0.999961,1.069,1.2247,0
0.0,0.0,0.447196,1.34159,0.0,-0.999961,-1.33625,-1.2247,3
0.0,0.0,0.447196,1.34159,0.0,-0.999961,-1.33625,0.0,4
0.0,0.0,0.447196,1.34159,0.0,-0.999961,-1.33625,1.2247,0
0.0,0.0,0.447196,1.34159,0.0,-0.999961,0.267251,-1.2247,3
0.0,0.0,0.447196,1.34159,0.0,-0.999961,0.267251,0.0,4
0.0,0.0,0.447196,1.34159,0.0,-0.999961,0.267251,1.2247,0
0.0,0.0,0.447196,1.34159,0.0,-0.999961,1.069,-1.2247,4
0.0,0.0,0.447196,1.34159,0.0,-0.999961,1.069,0.0,4
0.0,0.0,0.447196,1.34159,0.0,-0.999961,1.069,1.2247,0
0.0,0.0,0.447196,1.34159,0.0,0.999961,-1.33625,-1.2247,3
0.0,0.0,0.447196,1.34159,0.0,0.999961,-1.33625,0.0,4
0.0,0.0,0.447196,1.34159,0.0,0.999961,-1.33625,1.2247,0
0.0,0.0,0.447196,1.34159,0.0,0.999961,0.267251,-1.2247,3
0.0,0.0,0.447196,1.34159,0.0,0.999961,0.267251,0.0,4
0.0,0.0,0.447196,1.34159,0.0,0.999961,0.267251,1.2247,0
0.0,0.0,0.447196,1.34159,0.0,0.999961,1.069,-1.2247,4
0.0,0.0,0.447196,1.34159,0.0,0.999961,1.069,0.0,4
0.0,0.0,0.447196,1.34159,0.0,0.999961,1.069,1.2247,0
0.0,0.0,0.447196,1.34159,1.2247,-0.999961,-1.33625,-1.2247,3
0.0,0.0,0.447196,1.34159,1.2247,-0.999961,-1.33625,0.0,4
0.0,0.0,0.447196,1.34159,1.2247,-0.999961,-1.33625,1.2247,0
0.0,0.0,0.447196,1.34159,1.2247,-0.999961,0.267251,-1.2247,3
0.0,0.0,0.447196,1.34159,1.2247,-0.999961,0.267251,0.0,4
0.0,0.0,0.447196,1.34159,1.2247,-0.999961,0.267251,1.2247,0
0.0,0.0,0.447196,1.34159,1.2247,-0.999961,1.069,-1.2247,4
0.0,0.0,0.447196,1.34159,1.2247,-0.999961,1.069,0.0,4
0.0,0.0,0.447196,1.34159,1.2247,-0.999961,1.069,1.2247,0
0.0,0.0,0.447196,1.34159,1.2247,0.999961,-1.33625,-1.2247,3
0.0,0.0,0.447196,1.34159,1.2247,0.999961,-1.33625,0.0,4
0.0,0.0,0.447196,1.34159,1.2247,0.999961,-1.33625,1.2247,0
0.0,0.0,0.447196,1.34159,1.2247,0.999961,0.267251,-1.2247,3
0.0,0.0,0.447196,1.34159,1.2247,0.999961,0.267251,0.0,4
0.0,0.0,0.447196,1.34159,1.2247,0.999961,0.267251,1.2247,0
0.0,0.0,0.447196,1.34159,1.2247,0.999961,1.069,-1.2247,4
0.0,0.0,0.447196,1.34159,1.2247,0.999961,1.069,0.0,4
0.0,0.0,0.447196,1.34159,1.2247,0.999961,1.069,1.2247,0
0.0,0.0,1.34159,-1.34159,-1.2247,-0.999961,-1.33625,-1.2247,3
0.0,0.0,1.34159,-1.34159,-1.2247,-0.999961,-1.33625,0.0,3
0.0,0.0,1.34159,-1.34159,-1.2247,-0.999961,-1.33625,1.2247,0
0.0,0.0,1.34159,-1.34159,-1.2247,-0.999961,0.267251,-1.2247,3
0.0,0.0,1.34159,-1.34159,-1.2247,-0.999961,0.267251,0.0,3
0.0,0.0,1.34159,-1.34159,-1.2247,-0.999961,0.267251,1.2247,0
0.0,0.0,1.34159,-1.34159,-1.2247,-0.999961,1.069,-1.2247,3
0.0,0.0,1.34159,-1.34159,-1.2247,-0.999961,1.069,0.0,3
0.0,0.0,1.34159,-1.34159,-1.2247,-0.999961,1.069,1.2247,0
0.0,0.0,1.34159,-1.34159,-1.2247,0.999961,-1.33625,-1.2247,3
0.0,0.0,1.34159,-1.34159,-1.2247,0.999961,-1.33625,0.0,4
0.0,0.0,1.34159,-1.34159,-1.2247,0.999961,-1.33625,1.2247,0
0.0,0.0,1.34159,-1.34159,-1.2247,0.999961,0.267251,-1.2247,3
0.0,0.0,1.34159,-1.34159,-1.2247,0.999961,0.267251,0.0,4
0.0,0.0,1.34159,-1.34159,-1.2247,0.999961,0.267251,1.2247,0
0.0,0.0,1.34159,-1.34159,-1.2247,0.999961,1.069,-1.2247,4
0.0,0.0,1.34159,-1.34159,-1.2247,0.999961,1.069,0.0,4
0.0,0.0,1.34159,-1.34159,-1.2247,0.999961,1.069,1.2247,0
0.0,0.0,1.34159,-1.34159,0.0,-0.999961,-1.33625,-1.2247,3
0.0,0.0,1.34159,-1.34159,0.0,-0.999961,-1.33625,0.0,4
0.0,0.0,1.34159,-1.34159,0.0,-0.999961,-1.33625,1.2247,0
0.0,0.0,1.34159,-1.34159,0.0,-0.999961,0.267251,-1.2247,3
0.0,0.0,1.34159,-1.34159,0.0,-0.999961,0.267251,0.0,4
0.0,0.0,1.34159,-1.34159,0.0,-0.999961,0.267251,1.2247,0
0.0,0.0,1.34159,-1.34159,0.0,-0.999961,1.069,-1.2247,4
0.0,0.0,1.34159,-1.34159,0.0,-0.999961,1.069,0.0,4
0.0,0.0,1.34159,-1.34159,0.0,-0.999961,1.069,1.2247,0
0.0,0.0,1.34159,-1.34159,0.0,0.999961,-1.33625,-1.2247,3
0.0,0.0,1.34159,-1.34159,0.0,0.999961,-1.33625,0.0,4
0.0,0.0,1.34159,-1.34159,0.0,0.999961,-1.33625,1.2247,0
0.0,0.0,1.34159,-1.34159,0.0,0.999961,0.267251,-1.2247,3
0.0,0.0,1.34159,-1.34159,0.0,0.999961,0.267251,0.0,4
0.0,0.0,1.34159,-1.34159,0.0,0.999961,0.267251,1.2247,0
0.0,0.0,1.34159,-1.34159,0.0,0.999961,1.069,-1.2247,4
0.0,0.0,1.34159,-1.34159,0.0,0.999961,1.069,0.0,4
0.0,0.0,1.34159,-1.34159,0.0,0.999961,1.069,1.2247,0
0.0,0.0,1.34159,-1.34159,1.2247,-0.999961,-1.33625,-1.2247,3
0.0,0.0,1.34159,-1.34159,1.2247,-0.999961,-1.33625,0.0,4
0.0,0.0,1.34159,-1.34159,1.2247,-0.999961,-1.33625,1.2247,0
0.0,0.0,1.34159,-1.34159,1.2247,-0.999961,0.267251,-1.2247,3
0.0,0.0,1.34159,-1.34159,1.2247,-0.999961,0.267251,0.0,4
0.0,0.0,1.34159,-1.34159,1.2247,-0.999961,0.267251,1.2247,0
0.0,0.0,1.34159,-1.34159,1.2247,-0.999961,1.069,-1.2247,4
0.0,0.0,1.34159,-1.34159,1.2247,-0.999961,1.069,0.0,4
0.0,0.0,1.34159,-1.34159,1.2247,-0.999961,1.069,1.2247,0
0.0,0.0,1.34159,-1.34159,1.2247,0.999961,-1.33625,-1.2247,3
0.0,0.0,1.34159,-1.34159,1.2247,0.999961,-1.33625,0.0,4
0.0,0.0,1.34159,-1.34159,1.2247,0.999961,-1.33625,1.2247,0
0.0,0.0,1.34159,-1.34159,1.2247,0.999961,0.267251,-1.2247,3
0.0,0.0,1.34159,-1.34159,1.2247,0.999961,0.267251,0.0,4
0.0,0.0,1.34159,-1.34159,1.2247,0.999961,0.267251,1.2247,0
0.0,0.0,1.34159,-1.34159,1.2247,0.999961,1.069,-1.2247,4
0.0,0.0,1.34159,-1.34159,1.2247,0.999961,1.069,0.0,4
0.0,0.0,1.34159,-1.34159,1.2247,0.999961,1.069,1.2247,0
0.0,0.0,1.34159,-0.447196,-1.2247,-0.999961,-1.33625,-1.2247,3
0.0,0.0,1.34159,-0.447196,-1.2247,-0.999961,-1.33625,0.0,3
0.0,0.0,1.34159,-0.447196,-1.2247,-0.999961,-1.33625,1.2247,0
0.0,0.0,1.34159,-0.447196,-1.2247,-0.999961,0.267251,-1.2247,3
0.0,0.0,1.34159,-0.447196,-1.2247,-0.999961,0.267251,0.0,3
0.0,0.0,1.34159,-0.447196,-1.2247,-0.999961,0.267251,1.2247,0
0.0,0.0,1.34159,-0.447196,-1.2247,-0.999961,1.069,-1.2247,3
0.0,0.0,1.34159,-0.447196,-1.2247,-0.999961,1.069,0.0,3
0.0,0.0,1.34159,-0.447196,-1.2247,-0.999961,1.069,1.2247,0
0.0,0.0,1.34159,-0.447196,-1.2247,0.999961,-1.33625,-1.2247,3
0.0,0.0,1.34159,-0.447196,-1.2247,0.999961,-1.33625,0.0,4
0.0,0.0,1.34159,-0.447196,-1.2247,0.999961,-1.33625,1.2247,0
0.0,0.0,1.34159,-0.447196,-1.2247,0.999961,0.267251,-1.2247,3
0.0,0.0,1.34159,-0.447196,-1.2247,0.999961,0.267251,0.0,4
0.0,0.0,1.34159,-0.447196,-1.2247,0.999961,0.267251,1.2247,0
0.0,0.0,1.34159,-0.447196,-1.2247,0.999961,1.069,-1.2247,4
0.0,0.0,1.34159,-0.447196,-1.2247,0.999961,1.069,0.0,4
0.0,0.0,1.34159,-0.447196,-1.2247,0.999961,1.069,1.2247,0
0.0,0.0,1.34159,-0.447196,0.0,-0.999961,-1.33625,-1.2247,3
0.0,0.0,1.34159,-0.447196,0.0,-0.999961,-1.33625,0.0,4
0.0,0.0,1.34159,-0.447196,0.0,-0.999961,-1.33625,1.2247,0
0.0,0.0,1.34159,-0.447196,0.0,-0.999961,0.267251,-1.2247,3
0.0,0.0,1.34159,-0.447196,0.0,-0.999961,0.267251,0.0,4
0.0,0.0,1.34159,-0.447196,0.0,-0.999961,0.267251,1.2247,0
0.0,0.0,1.34159,-0.447196,0.0,-0.999961,1.069,-1.2247,4
0.0,0.0,1.34159,-0.447196,0.0,-0.999961,1.069,0.0,4
0.0,0.0,1.34159,-0.447196,0.0,-0.999961,1.069,1.2247,0
0.0,0.0,1.34159,-0.447196,0.0,0.999961,-1.33625,-1.2247,3
0.0,0.0,1.34159,-0.447196,0.0,0.999961,-1.33625,0.0,4
0.0,0.0,1.34159,-0.447196,0.0,0.999961,-1.33625,1.2247,0
0.0,0.0,1.34159,-0.447196,0.0,0.999961,0.267251,-1.2247,3
0.0,0.0,1.34159,-0.447196,0.0,0.999961,0.267251,0.0,4
0.0,0.0,1.34159,-0.447196,0.0,0.999961,0.267251,1.2247,0
0.0,0.0,1.34159,-0.447196,0.0,0.999961,1.069,-1.2247,4
0.0,0.0,1.34159,-0.447196,0.0,0.999961,1.069,0.0,4
0.0,0.0,1.34159,-0.447196,0.0,0.999961,1.069,1.2247,0
0.0,0.0,1.34159,-0.447196,1.2247,-0.999961,-1.33625,-1.2247,3
0.0,0.0,1.34159,-0.447196,1.2247,-0.999961,-1.33625,0.0,4
0.0,0.0,1.34159,-0.447196,1.2247,-0.999961,-1.33625,1.2247,0
0.0,0.0,1.34159,-0.447196,1.2247,-0.999961,0.267251,-1.2247,3
0.0,0.0,1.34159,-0.447196,1.2247,-0.999961,0.267251,0.0,4
0.0,0.0,1.34159,-0.447196,1.2247,-0.999961,0.267251,1.2247,0
0.0,0.0,1.34159,-0.447196,1.2247,-0.999961,1.069,-1.2247,4
0.0,0.0,1.34159,-0.447196,1.2247,-0.999961,1.069,0.0,4
0.0,0.0,1.34159,-0.447196,1.2247,-0.999961,1.069,1.2247,0
0.0,0.0,1.34159,-0.447196,1.2247,0.999961,-1.33625,-1.2247,3
0.0,0.0,1.34159,-0.447196,1.2247,0.999961,-1.33625,0.0,4
0.0,0.0,1.34159,-0.447196,1.2247,0.999961,-1.33625,1.2247,0
0.0,0.0,1.34159,-0.447196,1.2247,0.999961,0.267251,-1.2247,3
0.0,0.0,1.34159,-0.447196,1.2247,0.999961,0.267251,0.0,4
0.0,0.0,1.34159,-0.447196,1.2247,0.999961,0.267251,1.2247,0
0.0,0.0,1.34159,-0.447196,1.2247,0.999961,1.069,-1.2247,4
0.0,0.0,1.34159,-0.447196,1.2247,0.999961,1.069,0.0,4
0.0,0.0,1.34159,-0.447196,1.2247,0.999961,1.069,1.2247,0
0.0,0.0,1.34159,0.447196,-1.2247,-0.999961,-1.33625,-1.2247,3
0.0,0.0,1.34159,0.447196,-1.2247,-0.999961,-1.33625,0.0,3
0.0,0.0,1.34159,0.447196,-1.2247,-0.999961,-1.33625,1.2247,0
0.0,0.0,1.34159,0.447196,-1.2247,-0.999961,0.267251,-1.2247,3
0.0,0.0,1.34159,0.447196,-1.2247,-0.999961,0.267251,0.0,3
0.0,0.0,1.34159,0.447196,-1.2247,-0.999961,0.267251,1.2247,0
0.0,0.0,1.34159,0.447196,-1.2247,-0.999961,1.069,-1.2247,3
0.0,0.0,1.34159,0.447196,-1.2247,-0.999961,1.069,0.0,3
0.0,0.0,1.34159,0.447196,-1.2247,-0.999961,1.069,1.2247,0
0.0,0.0,1.34159,0.447196,-1.2247,0.999961,-1.33625,-1.2247,3
0.0,0.0,1.34159,0.447196,-1.2247,0.999961,-1.33625,0.0,4
0.0,0.0,1.34159,0.447196,-1.2247,0.999961,-1.33625,1.2247,0
0.0,0.0,1.34159,0.447196,-1.2247,0.999961,0.267251,-1.2247,3
0.0,0.0,1.34159,0.447196,-1.2247,0.999961,0.267251,0.0,4
0.0,0.0,1.34159,0.447196,-1.2247,0.999961,0.267251,1.2247,0
0.0,0.0,1.34159,0.447196,-1.2247,0.999961,1.069,-1.2247,4
0.0,0.0,1.34159,0.447196,-1.2247,0.999961,1.069,0.0,4
0.0,0.0,1.34159,0.447196,-1.2247,0.999961,1.069,1.2247,0
0.0,0.0,1.34159,0.447196,0.0,-0.999961,-1.33625,-1.2247,3
0.0,0.0,1.34159,0.447196,0.0,-0.999961,-1.33625,0.0,4
0.0,0.0,1.34159,0.447196,0.0,-0.999961,-1.33625,1.2247,0
0.0,0.0,1.34159,0.447196,0.0,-0.999961,0.267251,-1.2247,3
0.0,0.0,1.34159,0.447196,0.0,-0.999961,0.267251,0.0,4
0.0,0.0,1.34159,0.447196,0.0,-0.999961,0.267251,1.2247,0
0.0,0.0,1.34159,0.447196,0.0,-0.999961,1.069,-1.2247,4
0.0,0.0,1.34159,0.447196,0.0,-0.999961,1.069,0.0,4
0.0,0.0,1.34159,0.447196,0.0,-0.999961,1.069,1.2247,0
0.0,0.0,1.34159,0.447196,0.0,0.999961,-1.33625,-1.2247,3
0.0,0.0,1.34159,0.447196,0.0,0.999961,-1.33625,0.0,4
0.0,0.0,1.34159,0.447196,0.0,0.999961,-1.33625,1.2247,0
0.0,0.0,1.34159,0.447196,0.0,0.999961,0.267251,-1.2247,3
0.0,0.0,1.34159,0.447196,0.0,0.999961,0.267251,0.0,4
0.0,0.0,1.34159,0.447196,0.0,0.999961,0.267251,1.2247,0
0.0,0.0,1.34159,0.447196,0.0,0.999961,1.069,-1.2247,4
0.0,0.0,1.34159,0.447196,0.0,0.999961,1.069,0.0,4
0.0,0.0,1.34159,0.447196,0.0,0.999961,1.069,1.2247,0
0.0,0.0,1.34159,0.447196,1.2247,-0.999961,-1.33625,-1.2247,3
0.0,0.0,1.34159,0.447196,1.2247,-0.999961,-1.33625,0.0,4
0.0,0.0,1.34159,0.447196,1.2247,-0.999961,-1.33625,1.2247,0
0.0,0.0,1.34159,0.447196,1.2247,-0.999961,0.267251,-1.2247,3
0.0,0.0,1.34159,0.447196,1.2247,-0.999961,0.267251,0.0,4
0.0,0.0,1.34159,0.447196,1.2247,-0.999961,0.267251,1.2247,0
0.0,0.0,1.34159,0.447196,1.2247,-0.999961,1.069,-1.2247,4
0.0,0.0,1.34159,0.447196,1.2247,-0.999961,1.069,0.0,4
0.0,0.0,1.34159,0.447196,1.2247,-0.999961,1.069,1.2247,0
0.0,0.0,1.34159,0.447196,1.2247,0.999961,-1.33625,-1.2247,3
0.0,0.0,1.34159,0.447196,1.2247,0.999961,-1.33625,0.0,4
0.0,0.0,1.34159,0.447196,1.2247,0.999961,-1.33625,1.2247,0
0.0,0.0,1.34159,0.447196,1.2247,0.999961,0.267251,-1.2247,3
0.0,0.0,1.34159,0.447196,1.2247,0.999961,0.267251,0.0,4
0.0,0.0,1.34159,0.447196,1.2247,0.999961,0.267251,1.2247,0
0.0,0.0,1.34159,0.447196,1.2247,0.999961,1.069,-1.2247,4
0.0,0.0,1.34159,0.447196,1.2247,0.999961,1.069,0.0,4
0.0,0.0,1.34159,0.447196,1.2247,0.999961,1.069,1.2247,0
0.0,0.0,1.34159,1.34159,-1.2247,-0.999961,-1.33625,-1.2247,3
0.0,0.0,1.34159,1.34159,-1.2247,-0.999961,-1.33625,0.0,3
0.0,0.0,1.34159,1.34159,-1.2247,-0.999961,-1.33625,1.2247,0
0.0,0.0,1.34159,1.34159,-1.2247,-0.999961,0.267251,-1.2247,3
0.0,0.0,1.34159,1.34159,-1.2247,-0.999961,0.267251,0.0,3
0.0,0.0,1.34159,1.34159,-1.2247,-0.999961,0.267251,1.2247,0
0.0,0.0,1.34159,1.34159,-1.2247,-0.999961,1.069,-1.2247,3
0.0,0.0,1.34159,1.34159,-1.2247,-0.999961,1.069,0.0,3
0.0,0.0,1.34159,1.34159,-1.2247,-0.999961,1.069,1.2247,0
0.0,0.0,1.34159,1.34159,-1.2247,0.999961,-1.33625,-1.2247,3
0.0,0.0,1.34159,1.34159,-1.2247,0.999961,-1.33625,0.0,4
0.0,0.0,1.34159,1.34159,-1.2247,0.999961,-1.33625,1.2247,0
0.0,0.0,1.34159,1.34159,-1.2247,0.999961,0.267251,-1.2247,3
0.0,0.0,1.34159,1.34159,-1.2247,0.999961,0.267251,0.0,4
0.0,0.0,1.34159,1.34159,-1.2247,0.999961,0.267251,1.2247,0
0.0,0.0,1.34159,1.34159,-1.2247,0.999961,1.069,-1.2247,4
0.0,0.0,1.34159,1.34159,-1.2247,0.999961,1.069,0.0,4
0.0,0.0,1.34159,1.34159,-1.2247,0.999961,1.069,1.2247,0
0.0,0.0,1.34159,1.34159,0.0,-0.999961,-1.33625,-1.2247,3
0.0,0.0,1.34159,1.34159,0.0,-0.999961,-1.33625,0.0,4
0.0,0.0,1.34159,1.34159,0.0,-0.999961,-1.33625,1.2247,0
0.0,0.0,1.34159,1.34159,0.0,-0.999961,0.267251,-1.2247,3
0.0,0.0,1.34159,1.34159,0.0,-0.999961,0.267251,0.0,4
0.0,0.0,1.34159,1.34159,0.0,-0.999961,0.267251,1.2247,0
0.0,0.0,1.34159,1.34159,0.0,-0.999961,1.069,-1.2247,4
0.0,0.0,1.34159,1.34159,0.0,-0.999961,1.069,0.0,4
0.0,0.0,1.34159,1.34159,0.0,-0.999961,1.069,1.2247,0
0.0,0.0,1.34159,1.34159,0.0,0.999961,-1.33625,-1.2247,3
0.0,0.0,1.34159,1.34159,0.0,0.999961,-1.33625,0.0,4
0.0,0.0,1.34159,1.34159,0.0,0.999961,-1.33625,1.2247,0
0.0,0.0,1.34159,1.34159,0.0,0.999961,0.267251,-1.2247,3
0.0,0.0,1.34159,1.34159,0.0,0.999961,0.267251,0.0,4
0.0,0.0,1.34159,1.34159,0.0,0.999961,0.267251,1.2247,0
0.0,0.0,1.34159,1.34159,0.0,0.999961,1.069,-1.2247,4
0.0,0.0,1.34159,1.34159,0.0,0.999961,1.069,0.0,4
0.0,0.0,1.34159,1.34159,0.0,0.999961,1.069,1.2247,0
0.0,0.0,1.34159,1.34159,1.2247,-0.999961,-1.33625,-1.2247,3
0.0,0.0,1.34159,1.34159,1.2247,-0.999961,-1.33625,0.0,4
0.0,0.0,1.34159,1.34159,1.2247,-0.999961,-1.33625,1.2247,0
0.0,0.0,1.34159,1.34159,1.2247,-0.999961,0.267251,-1.2247,3
0.0,0.0,1.34159,1.34159,1.2247,-0.999961,0.267251,0.0,4
0.0,0.0,1.34159,1.34159,1.2247,-0.999961,0.267251,1.2247,0
0.0,0.0,1.34159,1.34159,1.2247,-0.999961,1.069,-1.2247,4
0.0,0.0,1.34159,1.34159,1.2247,-0.999961,1.069,0.0,4
0.0,0.0,1.34159,1.34159,1.2247,-0.999961,1.069,1.2247,0
0.0,0.0,1.34159,1.34159,1.2247,0.999961,-1.33625,-1.2247,3
0.0,0.0,1.34159,1.34159,1.2247,0.999961,-1.33625,0.0,4
0.0,0.0,1.34159,1.34159,1.2247,0.999961,-1.33625,1.2247,0
0.0,0.0,1.34159,1.34159,1.2247,0.999961,0.267251,-1.2247,3
0.0,0.0,1.34159,1.34159,1.2247,0.999961,0.267251,0.0,4
0.0,0.0,1.34159,1.34159,1.2247,0.999961,0.267251,1.2247,0
0.0,0.0,1.34159,1.34159,1.2247,0.999961,1.069,-1.2247,4
0.0,0.0,1.34159,1.34159,1.2247,0.999961,1.069,0.0,4
0.0,0.0,1.34159,1.34159,1.2247,0.999961,1.069,1.2247,0
0.0,0.70708,-1.34159,-1.34159,-1.2247,-0.999961,-1.33625,-1.2247,3
0.0,0.70708,-1.34159,-1.34159,-1.2247,-0.999961,-1.33625,0.0,3
0.0,0.70708,-1.34159,-1.34159,-1.2247,-0.999961,-1.33625,1.2247,0
0.0,0.70708,-1.34159,-1.34159,-1.2247,-0.999961,0.267251,-1.2247,3
0.0,0.70708,-1.34159,-1.34159,-1.2247,-0.999961,0.267251,0.0,3
0.0,0.70708,-1.34159,-1.34159,-1.2247,-0.999961,0.267251,1.2247,0
0.0,0.70708,-1.34159,-1.34159,-1.2247,-0.999961,1.069,-1.2247,3
0.0,0.70708,-1.34159,-1.34159,-1.2247,-0.999961,1.069,0.0,3
0.0,0.70708,-1.34159,-1.34159,-1.2247,-0.999961,1.069,1.2247,0
0.0,0.70708,-1.34159,-1.34159,-1.2247,0.999961,-1.33625,-1.2247,3
0.0,0.70708,-1.34159,-1.34159,-1.2247,0.999961,-1.33625,0.0,4
0.0,0.70708,-1.34159,-1.34159,-1.2247,0.999961,-1.33625,1.2247,0
0.0,0.70708,-1.34159,-1.34159,-1.2247,0.999961,0.267251,-1.2247,3
0.0,0.70708,-1.34159,-1.34159,-1.2247,0.999961,0.267251,0.0,4
0.0,0.70708,-1.34159,-1.34159,-1.2247,0.999961,0.267251,1.2247,0
0.0,0.70708,-1.34159,-1.34159,-1.2247,0.999961,1.069,-1.2247,4
0.0,0.70708,-1.34159,-1.34159,-1.2247,0.999961,1.069,0.0,4
0.0,0.70708,-1.34159,-1.34159,-1.2247,0.999961,1.069,1.2247,0
0.0,0.70708,-1.34159,-1.34159,0.0,-0.999961,-1.33625,-1.2247,3
0.0,0.70708,-1.34159,-1.34159,0.0,-0.999961,-1.33625,0.0,4
0.0,0.70708,-1.34159,-1.34159,0.0,-0.999961,-1.33625,1.2247,0
0.0,0.70708,-1.34159,-1.34159,0.0,-0.999961,0.267251,-1.2247,3
0.0,0.70708,-1.34159,-1.34159,0.0,-0.999961,0.267251,0.0,4
0.0,0.70708,-1.34159,-1.34159,0.0,-0.999961,0.267251,1.2247,0
0.0,0.70708,-1.34159,-1.34159,0.0,-0.999961,1.069,-1.2247,4
0.0,0.70708,-1.34159,-1.34159,0.0,-0.999961,1.069,0.0,4
0.0,0.70708,-1.34159,-1.34159,0.0,-0.999961,1.069,1.2247,0
0.0,0.70708,-1.34159,-1.34159,0.0,0.999961,-1.33625,-1.2247,3
0.0,0.70708,-1.34159,-1.34159,0.0,0.999961,-1.33625,0.0,4
0.0,0.70708,-1.34159,-1.34159,0.0,0.999961,-1.33625,1.2247,0
0.0,0.70708,-1.34159,-1.34159,0.0,0.999961,0.267251,-1.2247,3
0.0,0.70708,-1.34159,-1.34159,0.0,0.999961,0.267251,0.0,4
0.0,0.70708,-1.34159,-1.34159,0.0,0.999961,0.267251,1.2247,0
0.0,0.70708,-1.34159,-1.34159,0.0,0.999961,1.069,-1.2247,4
0.0,0.70708,-1.34159,-1.34159,0.0,0.999961,1.069,0.0,4
0.0,0.70708,-1.34159,-1.34159,0.0,0.999961,1.069,1.2247,0
0.0,0.70708,-1.34159,-1.34159,1.2247,-0.999961,-1.33625,-1.2247,3
0.0,0.70708,-1.34159,-1.34159,1.2247,-0.999961,-1.33625,0.0,4
0.0,0.70708,-1.34159,-1.34159,1.2247,-0.999961,-1.33625,1.2247,0
0.0,0.70708,-1.34159,-1.34159,1.2247,-0.999961,0.267251,-1.2247,3
0.0,0.70708,-1.34159,-1.34159,1.2247,-0.999961,0.267251,0.0,4
0.0,0.70708,-1.34159,-1.34159,1.2247,-0.999961,0.267251,1.2247,0
0.0,0.70708,-1.34159,-1.34159,1.2247,-0.999961,1.069,-1.2247,4
0.0,0.70708,-1.34159,-1.34159,1.2247,-0.999961,1.069,0.0,4
0.0,0.70708,-1.34159,-1.34159,1.2247,-0.999961,1.069,1.2247,0
0.0,0.70708,-1.34159,-1.34159,1.2247,0.999961,-1.33625,-1.2247,3
0.0,0.70708,-1.34159,-1.34159,1.2247,0.999961,-1.33625,0.0,4
0.0,0.70708,-1.34159,-1.34159,1.2247,0.999961,-1.33625,1.2247,0
0.0,0.70708,-1.34159,-1.34159,1.2247,0.999961,0.267251,-1.2247,3
0.0,0.70708,-1.34159,-1.34159,1.2247,0.999961,0.267251,0.0,4
0.0,0.70708,-1.34159,-1.34159,1.2247,0.999961,0.267251,1.2247,0
0.0,0.70708,-1.34159,-1.34159,1.2247,0.999961,1.069,-1.2247,4
0.0,0.70708,-1.34159,-1.34159,1.2247,0.999961,1.069,0.0,4
0.0,0.70708,-1.34159,-1.34159,1.2247,0.999961,1.069,1.2247,0
0.0,0.70708,-1.34159,-0.447196,-1.2247,-0.999961,-1.33625,-1.2247,3
0.0,0.70708,-1.34159,-0.447196,-1.2247,-0.999961,-1.33625,0.0,4
0.0,0.70708,-1.34159,-0.447196,-1.2247,-0.999961,-1.33625,1.2247,0
0.0,0.70708,-1.34159,-0.447196,-1.2247,-0.999961,0.267251,-1.2247,3
0.0,0.70708,-1.34159,-0.447196,-1.2247,-0.999961,0.267251,0.0,4
0.0,0.70708,-1.34159,-0.447196,-1.2247,-0.999961,0.267251,1.2247,0
0.0,0.70708,-1.34159,-0.447196,-1.2247,-0.999961,1.069,-1.2247,4
0.0,0.70708,-1.34159,-0.447196,-1.2247,-0.999961,1.069,0.0,4
0.0,0.70708,-1.34159,-0.447196,-1.2247,-0.999961,1.069,1.2247,0
0.0,0.70708,-1.34159,-0.447196,-1.2247,0.999961,-1.33625,-1.2247,3
0.0,0.70708,-1.34159,-0.447196,-1.2247,0.999961,-1.33625,0.0,4
0.0,0.70708,-1.34159,-0.447196,-1.2247,0.999961,-1.33625,1.2247,0
0.0,0.70708,-1.34159,-0.447196,-1.2247,0.999961,0.267251,-1.2247,3
0.0,0.70708,-1.34159,-0.447196,-1.2247,0.999961,0.267251,0.0,4
0.0,0.70708,-1.34159,-0.447196,-1.2247,0.999961,0.267251,1.2247,0
0.0,0.70708,-1.34159,-0.447196,-1.2247,0.999961,1.069,-1.2247,4
0.0,0.70708,-1.34159,-0.447196,-1.2247,0.999961,1.069,0.0,4
0.0,0.70708,-1.34159,-0.447196,-1.2247,0.999961,1.069,1.2247,0
0.0,0.70708,-1.34159,-0.447196,0.0,-0.999961,-1.33625,-1.2247,3
0.0,0.70708,-1.34159,-0.447196,0.0,-0.999961,-1.33625,0.0,4
0.0,0.70708,-1.34159,-0.447196,0.0,-0.999961,-1.33625,1.2247,0
0.0,0.70708,-1.34159,-0.447196,0.0,-0.999961,0.267251,-1.2247,3
0.0,0.70708,-1.34159,-0.447196,0.0,-0.999961,0.267251,0.0,4
0.0,0.70708,-1.34159,-0.447196,0.0,-0.999961,0.267251,1.2247,0
0.0,0.70708,-1.34159,-0.447196,0.0,-0.999961,1.069,-1.2247,4
0.0,0.70708,-1.34159,-0.447196,0.0,-0.999961,1.069,0.0,4
0.0,0.70708,-1.34159,-0.447196,0.0,-0.999961,1.069,1.2247,0
0.0,0.70708,-1.34159,-0.447196,0.0,0.999961,-1.33625,-1.2247,3
0.0,0.70708,-1.34159,-0.447196,0.0,0.999961,-1.33625,0.0,4
0.0,0.70708,-1.34159,-0.447196,0.0,0.999961,-1.33625,1.2247,0
0.0,0.70708,-1.34159,-0.447196,0.0,0.999961,0.267251,-1.2247,3
0.0,0.70708,-1.34159,-0.447196,0.0,0.999961,0.267251,0.0,4
0.0,0.70708,-1.34159,-0.447196,0.0,0.999961,0.267251,1.2247,0
0.0,0.70708,-1.34159,-0.447196,0.0,0.999961,1.069,-1.2247,4
0.0,0.70708,-1.34159,-0.447196,0.0,0.999961,1.069,0.0,4
0.0,0.70708,-1.34159,-0.447196,0.0,0.999961,1.069,1.2247,0
0.0,0.70708,-1.34159,-0.447196,1.2247,-0.999961,-1.33625,-1.2247,4
0.0,0.70708,-1.34159,-0.447196,1.2247,-0.999961,-1.33625,0.0,4
0.0,0.70708,-1.34159,-0.447196,1.2247,-0.999961,-1.33625,1.2247,0
0.0,0.70708,-1.34159,-0.447196,1.2247,-0.999961,0.267251,-1.2247,4
0.0,0.70708,-1.34159,-0.447196,1.2247,-0.999961,0.267251,0.0,4
0.0,0.70708,-1.34159,-0.447196,1.2247,-0.999961,0.267251,1.2247,0
0.0,0.70708,-1.34159,-0.447196,1.2247,-0.999961,1.069,-1.2247,4
0.0,0.70708,-1.34159,-0.447196,1.2247,-0.999961,1.069,0.0,4
0.0,0.70708,-1.34159,-0.447196,1.2247,-0.999961,1.069,1.2247,0
0.0,0.70708,-1.34159,-0.447196,1.2247,0.999961,-1.33625,-1.2247,4
0.0,0.70708,-1.34159,-0.447196,1.2247,0.999961,-1.33625,0.0,4
0.0,0.70708,-1.34159,-0.447196,1.2247,0.999961,-1.33625,1.2247,0
0.0,0.70708,-1.34159,-0.447196,1.2247,0.999961,0.267251,-1.2247,4
0.0,0.70708,-1.34159,-0.447196,1.2247,0.999961,0.267251,0.0,4
0.0,0.70708,-1.34159,-0.447196,1.2247,0.999961,0.267251,1.2247,0
0.0,0.70708,-1.34159,-0.447196,1.2247,0.999961,1.069,-1.2247,4
0.0,0.70708,-1.34159,-0.447196,1.2247,0.999961,1.069,0.0,4
0.0,0.70708,-1.34159,-0.447196,1.2247,0.999961,1.069,1.2247,0
0.0,0.70708,-1.34159,0.447196,-1.2247,-0.999961,-1.33625,-1.2247,3
0.0,0.70708,-1.34159,0.447196,-1.2247,-0.999961,-1.33625,0.0,4
0.0,0.70708,-1.34159,0.447196,-1.2247,-0.999961,-1.33625,1.2247,0
0.0,0.70708,-1.34159,0.447196,-1.2247,-0.999961,0.267251,-1.2247,3
0.0,0.70708,-1.34159,0.447196,-1.2247,-0.999961,0.267251,0.0,4
0.0,0.70708,-1.34159,0.447196,-1.2247,-0.999961,0.267251,1.2247,0
0.0,0.70708,-1.34159,0.447196,-1.2247,-0.999961,1.069,-1.2247,4
0.0,0.70708,-1.34159,0.447196,-1.2247,-0.999961,1.069,0.0,4
0.0,0.70708,-1.34159,0.447196,-1.2247,-0.999961,1.069,1.2247,0
0.0,0.70708,-1.34159,0.447196,-1.2247,0.999961,-1.33625,-1.2247,4
0.0,0.70708,-1.34159,0.447196,-1.2247,0.999961,-1.33625,0.0,4
0.0,0.70708,-1.34159,0.447196,-1.2247,0.999961,-1.33625,1.2247,0
0.0,0.70708,-1.34159,0.447196,-1.2247,0.999961,0.267251,-1.2247,4
0.0,0.70708,-1.34159,0.447196,-1.2247,0.999961,0.267251,0.0,4
0.0,0.70708,-1.34159,0.447196,-1.2247,0.999961,0.267251,1.2247,0
0.0,0.70708,-1.34159,0.447196,-1.2247,0.999961,1.069,-1.2247,4
0.0,0.70708,-1.34159,0.447196,-1.2247,0.999961,1.069,0.0,4
0.0,0.70708,-1.34159,0.447196,-1.2247,0.999961,1.069,1.2247,0
0.0,0.70708,-1.34159,0.447196,0.0,-0.999961,-1.33625,-1.2247,4
0.0,0.70708,-1.34159,0.447196,0.0,-0.999961,-1.33625,0.0,4
0.0,0.70708,-1.34159,0.447196,0.0,-0.999961,-1.33625,1.2247,0
0.0,0.70708,-1.34159,0.447196,0.0,-0.999961,0.267251,-1.2247,4
0.0,0.70708,-1.34159,0.447196,0.0,-0.999961,0.267251,0.0,4
0.0,0.70708,-1.34159,0.447196,0.0,-0.999961,0.267251,1.2247,0
0.0,0.70708,-1.34159,0.447196,0.0,-0.999961,1.069,-1.2247,4
0.0,0.70708,-1.34159,0.447196,0.0,-0.999961,1.069,0.0,4
0.0,0.70708,-1.34159,0.447196,0.0,-0.999961,1.069,1.2247,0
0.0,0.70708,-1.34159,0.447196,0.0,0.999961,-1.33625,-1.2247,4
0.0,0.70708,-1.34159,0.447196,0.0,0.999961,-1.33625,0.0,4
0.0,0.70708,-1.34159,0.447196,0.0,0.999961,-1.33625,1.2247,0
0.0,0.70708,-1.34159,0.447196,0.0,0.999961,0.267251,-1.2247,4
0.0,0.70708,-1.34159,0.447196,0.0,0.999961,0.267251,0.0,4
0.0,0.70708,-1.34159,0.447196,0.0,0.999961,0.267251,1.2247,0
0.0,0.70708,-1.34159,0.447196,0.0,0.999961,1.069,-1.2247,4
0.0,0.70708,-1.34159,0.447196,0.0,0.999961,1.069,0.0,4
0.0,0.70708,-1.34159,0.447196,0.0,0.999961,1.069,1.2247,0
0.0,0.70708,-1.34159,0.447196,1.2247,-0.999961,-1.33625,-1.2247,4
0.0,0.70708,-1.34159,0.447196,1.2247,-0.999961,-1.33625,0.0,4
0.0,0.70708,-1.34159,0.447196,1.2247,-0.999961,-1.33625,1.2247,0
0.0,0.70708,-1.34159,0.447196,1.2247,-0.999961,0.267251,-1.2247,4
0.0,0.70708,-1.34159,0.447196,1.2247,-0.999961,0.267251,0.0,4
0.0,0.70708,-1.34159,0.447196,1.2247,-0.999961,0.267251,1.2247,0
0.0,0.70708,-1.34159,0.447196,1.2247,-0.999961,1.069,-1.2247,4
0.0,0.70708,-1.34159,0.447196,1.2247,-0.999961,1.069,0.0,4
0.0,0.70708,-1.34159,0.447196,1.2247,-0.999961,1.069,1.2247,0
0.0,0.70708,-1.34159,0.447196,1.2247,0.999961,-1.33625,-1.2247,4
0.0,0.70708,-1.34159,0.447196,1.2247,0.999961,-1.33625,0.0,4
0.0,0.70708,-1.34159,0.447196,1.2247,0.999961,-1.33625,1.2247,0
0.0,0.70708,-1.34159,0.447196,1.2247,0.999961,0.267251,-1.2247,4
0.0,0.70708,-1.34159,0.447196,1.2247,0.999961,0.267251,0.0,4
0.0,0.70708,-1.34159,0.447196,1.2247,0.999961,0.267251,1.2247,0
0.0,0.70708,-1.34159,0.447196,1.2247,0.999961,1.069,-1.2247,4
0.0,0.70708,-1.34159,0.447196,1.2247,0.999961,1.069,0.0,4
0.0,0.70708,-1.34159,0.447196,1.2247,0.999961,1.069,1.2247,0
0.0,0.70708,-1.34159,1.34159,-1.2247,-0.999961,-1.33625,-1.2247,3
0.0,0.70708,-1.34159,1.34159,-1.2247,-0.999961,-1.33625,0.0,4
0.0,0.70708,-1.34159,1.34159,-1.2247,-0.999961,-1.33625,1.2247,0
0.0,0.70708,-1.34159,1.34159,-1.2247,-0.999961,0.267251,-1.2247,3
0.0,0.70708,-1.34159,1.34159,-1.2247,-0.999961,0.267251,0.0,4
0.0,0.70708,-1.34159,1.34159,-1.2247,-0.999961,0.267251,1.2247,0
0.0,0.70708,-1.34159,1.34159,-1.2247,-0.999961,1.069,-1.2247,4
0.0,0.70708,-1.34159,1.34159,-1.2247,-0.999961,1.069,0.0,4
0.0,0.70708,-1.34159,1.34159,-1.2247,-0.999961,1.069,1.2247,0
0.0,0.70708,-1.34159,1.34159,-1.2247,0.999961,-1.33625,-1.2247,4
0.0,0.70708,-1.34159,1.34159,-1.2247,0.999961,-1.33625,0.0,4
0.0,0.70708,-1.34159,1.34159,-1.2247,0.999961,-1.33625,1.2247,0
0.0,0.70708,-1.34159,1.34159,-1.2247,0.999961,0.267251,-1.2247,4
0.0,0.70708,-1.34159,1.34159,-1.2247,0.999961,0.267251,0.0,4
0.0,0.70708,-1.34159,1.34159,-1.2247,0.999961,0.267251,1.2247,0
0.0,0.70708,-1.34159,1.34159,-1.2247,0.999961,1.069,-1.2247,4
0.0,0.70708,-1.34159,1.34159,-1.2247,0.999961,1.069,0.0,4
0.0,0.70708,-1.34159,1.34159,-1.2247,0.999961,1.069,1.2247,0
0.0,0.70708,-1.34159,1.34159,0.0,-0.999961,-1.33625,-1.2247,4
0.0,0.70708,-1.34159,1.34159,0.0,-0.999961,-1.33625,0.0,4
0.0,0.70708,-1.34159,1.34159,0.0,-0.999961,-1.33625,1.2247,0
0.0,0.70708,-1.34159,1.34159,0.0,-0.999961,0.267251,-1.2247,4
0.0,0.70708,-1.34159,1.34159,0.0,-0.999961,0.267251,0.0,4
0.0,0.70708,-1.34159,1.34159,0.0,-0.999961,0.267251,1.2247,0
0.0,0.70708,-1.34159,1.34159,0.0,-0.999961,1.069,-1.2247,4
0.0,0.70708,-1.34159,1.34159,0.0,-0.999961,1.069,0.0,4
0.0,0.70708,-1.34159,1.34159,0.0,-0.999961,1.069,1.2247,0
0.0,0.70708,-1.34159,1.34159,0.0,0.999961,-1.33625,-1.2247,4
0.0,0.70708,-1.34159,1.34159,0.0,0.999961,-1.33625,0.0,4
0.0,0.70708,-1.34159,1.34159,0.0,0.999961,-1.33625,1.2247,0
0.0,0.70708,-1.34159,1.34159,0.0,0.999961,0.267251,-1.2247,4
0.0,0.70708,-1.34159,1.34159,0.0,0.999961,0.267251,0.0,4
0.0,0.70708,-1.34159,1.34159,0.0,0.999961,0.267251,1.2247,0
0.0,0.70708,-1.34159,1.34159,0.0,0.999961,1.069,-1.2247,4
0.0,0.70708,-1.34159,1.34159,0.0,0.999961,1.069,0.0,4
0.0,0.70708,-1.34159,1.34159,0.0,0.999961,1.069,1.2247,0
0.0,0.70708,-1.34159,1.34159,1.2247,-0.999961,-1.33625,-1.2247,4
0.0,0.70708,-1.34159,1.34159,1.2247,-0.999961,-1.33625,0.0,4
0.0,0.70708,-1.34159,1.34159,1.2247,-0.999961,-1.33625,1.2247,0
0.0,0.70708,-1.34159,1.34159,1.2247,-0.999961,0.267251,-1.2247,4
0.0,0.70708,-1.34159,1.34159,1.2247,-0.999961,0.267251,0.0,4
0.0,0.70708,-1.34159,1.34159,1.2247,-0.999961,0.267251,1.2247,0
0.0,0.70708,-1.34159,1.34159,1.2247,-0.999961,1.069,-1.2247,4
0.0,0.70708,-1.34159,1.34159,1.2247,-0.999961,1.069,0.0,4
0.0,0.70708,-1.34159,1.34159,1.2247,-0.999961,1.069,1.2247,0
0.0,0.70708,-1.34159,1.34159,1.2247,0.999961,-1.33625,-1.2247,4
0.0,0.70708,-1.34159,1.34159,1.2247,0.999961,-1.33625,0.0,4
0.0,0.70708,-1.34159,1.34159,1.2247,0.999961,-1.33625,1.2247,0
0.0,0.70708,-1.34159,1.34159,1.2247,0.999961,0.267251,-1.2247,4
0.0,0.70708,-1.34159,1.34159,1.2247,0.999961,0.267251,0.0,4
0.0,0.70708,-1.34159,1.34159,1.2247,0.999961,0.267251,1.2247,0
0.0,0.70708,-1.34159,1.34159,1.2247,0.999961,1.069,-1.2247,4
0.0,0.70708,-1.34159,1.34159,1.2247,0.999961,1.069,0.0,4
0.0,0.70708,-1.34159,1.34159,1.2247,0.999961,1.069,1.2247,0
0.0,0.70708,-0.447196,-1.34159,-1.2247,-0.999961,-1.33625,-1.2247,3
0.0,0.70708,-0.447196,-1.34159,-1.2247,-0.999961,-1.33625,0.0,4
0.0,0.70708,-0.447196,-1.34159,-1.2247,-0.999961,-1.33625,1.2247,0
0.0,0.70708,-0.447196,-1.34159,-1.2247,-0.999961,0.267251,-1.2247,3
0.0,0.70708,-0.447196,-1.34159,-1.2247,-0.999961,0.267251,0.0,4
0.0,0.70708,-0.447196,-1.34159,-1.2247,-0.999961,0.267251,1.2247,0
0.0,0.70708,-0.447196,-1.34159,-1.2247,-0.999961,1.069,-1.2247,4
0.0,0.70708,-0.447196,-1.34159,-1.2247,-0.999961,1.069,0.0,4
0.0,0.70708,-0.447196,-1.34159,-1.2247,-0.999961,1.069,1.2247,0
0.0,0.70708,-0.447196,-1.34159,-1.2247,0.999961,-1.33625,-1.2247,3
0.0,0.70708,-0.447196,-1.34159,-1.2247,0.999961,-1.33625,0.0,4
0.0,0.70708,-0.447196,-1.34159,-1.2247,0.999961,-1.33625,1.2247,0
0.0,0.70708,-0.447196,-1.34159,-1.2247,0.999961,0.267251,-1.2247,3
0.0,0.70708,-0.447196,-1.34159,-1.2247,0.999961,0.267251,0.0,4
0.0,0.70708,-0.447196,-1.34159,-1.2247,0.999961,0.267251,1.2247,0
0.0,0.70708,-0.447196,-1.34159,-1.2247,0.999961,1.069,-1.2247,4
0.0,0.70708,-0.447196,-1.34159,-1.2247,0.999961,1.069,0.0,4
0.0,0.70708,-0.447196,-1.34159,-1.2247,0.999961,1.069,1.2247,0
0.0,0.70708,-0.447196,-1.34159,0.0,-0.999961,-1.33625,-1.2247,3
0.0,0.70708,-0.447196,-1.34159,0.0,-0.999961,-1.33625,0.0,4
0.0,0.70708,-0.447196,-1.34159,0.0,-0.999961,-1.33625,1.2247,0
0.0,0.70708,-0.447196,-1.34159,0.0,-0.999961,0.267251,-1.2247,3
0.0,0.70708,-0.447196,-1.34159,0.0,-0.999961,0.267251,0.0,4
0.0,0.70708,-0.447196,-1.34159,0.0,-0.999961,0.267251,1.2247,0
0.0,0.70708,-0.447196,-1.34159,0.0,-0.999961,1.069,-1.2247,4
0.0,0.70708,-0.447196,-1.34159,0.0,-0.999961,1.069,0.0,4
0.0,0.70708,-0.447196,-1.34159,0.0,-0.999961,1.069,1.2247,0
0.0,0.70708,-0.447196,-1.34159,0.0,0.999961,-1.33625,-1.2247,3
0.0,0.70708,-0.447196,-1.34159,0.0,0.999961,-1.33625,0.0,4
0.0,0.70708,-0.447196,-1.34159,0.0,0.999961,-1.33625,1.2247,0
0.0,0.70708,-0.447196,-1.34159,0.0,0.999961,0.267251,-1.2247,3
0.0,0.70708,-0.447196,-1.34159,0.0,0.999961,0.267251,0.0,4
0.0,0.70708,-0.447196,-1.34159,0.0,0.999961,0.267251,1.2247,0
0.0,0.70708,-0.447196,-1.34159,0.0,0.999961,1.069,-1.2247,4
0.0,0.70708,-0.447196,-1.34159,0.0,0.999961,1.069,0.0,4
0.0,0.70708,-0.447196,-1.34159,0.0,0.999961,1.069,1.2247,0
0.0,0.70708,-0.447196,-1.34159,1.2247,-0.999961,-1.33625,-1.2247,4
0.0,0.70708,-0.447196,-1.34159,1.2247,-0.999961,-1.33625,0.0,4
0.0,0.70708,-0.447196,-1.34159,1.2247,-0.999961,-1.33625,1.2247,0
0.0,0.70708,-0.447196,-1.34159,1.2247,-0.999961,0.267251,-1.2247,4
0.0,0.70708,-0.447196,-1.34159,1.2247,-0.999961,0.267251,0.0,4
0.0,0.70708,-0.447196,-1.34159,1.2247,-0.999961,0.267251,1.2247,0
0.0,0.70708,-0.447196,-1.34159,1.2247,-0.999961,1.069,-1.2247,4
0.0,0.70708,-0.447196,-1.34159,1.2247,-0.999961,1.069,0.0,4
0.0,0.70708,-0.447196,-1.34159,1.2247,-0.999961,1.069,1.2247,0
0.0,0.70708,-0.447196,-1.34159,1.2247,0.999961,-1.33625,-1.2247,4
0.0,0.70708,-0.447196,-1.34159,1.2247,0.999961,-1.33625,0.0,4
0.0,0.70708,-0.447196,-1.34159,1.2247,0.999961,-1.33625,1.2247,0
0.0,0.70708,-0.447196,-1.34159,1.2247,0.999961,0.267251,-1.2247,4
0.0,0.70708,-0.447196,-1.34159,1.2247,0.999961,0.267251,0.0,4
0.0,0.70708,-0.447196,-1.34159,1.2247,0.999961,0.267251,1.2247,0
0.0,0.70708,-0.447196,-1.34159,1.2247,0.999961,1.069,-1.2247,4
0.0,0.70708,-0.447196,-1.34159,1.2247,0.999961,1.069,0.0,4
0.0,0.70708,-0.447196,-1.34159,1.2247,0.999961,1.069,1.2247,0
0.0,0.70708,-0.447196,-0.447196,-1.2247,-0.999961,-1.33625,-1.2247,3
0.0,0.70708,-0.447196,-0.447196,-1.2247,-0.999961,-1.33625,0.0,4
0.0,0.70708,-0.447196,-0.447196,-1.2247,-0.999961,-1.33625,1.2247,0
0.0,0.70708,-0.447196,-0.447196,-1.2247,-0.999961,0.267251,-1.2247,3
0.0,0.70708,-0.447196,-0.447196,-1.2247,-0.999961,0.267251,0.0,4
0.0,0.70708,-0.447196,-0.447196,-1.2247,-0.999961,0.267251,1.2247,0
0.0,0.70708,-0.447196,-0.447196,-1.2247,-0.999961,1.069,-1.2247,4
0.0,0.70708,-0.447196,-0.447196,-1.2247,-0.999961,1.069,0.0,4
0.0,0.70708,-0.447196,-0.447196,-1.2247,-0.999961,1.069,1.2247,0
0.0,0.70708,-0.447196,-0.447196,-1.2247,0.999961,-1.33625,-1.2247,3
0.0,0.70708,-0.447196,-0.447196,-1.2247,0.999961,-1.33625,0.0,4
0.0,0.70708,-0.447196,-0.447196,-1.2247,0.999961,-1.33625,1.2247,0
0.0,0.70708,-0.447196,-0.447196,-1.2247,0.999961,0.267251,-1.2247,3
0.0,0.70708,-0.447196,-0.447196,-1.2247,0.999961,0.267251,0.0,4
0.0,0.70708,-0.447196,-0.447196,-1.2247,0.999961,0.267251,1.2247,0
0.0,0.70708,-0.447196,-0.447196,-1.2247,0.999961,1.069,-1.2247,4
0.0,0.70708,-0.447196,-0.447196,-1.2247,0.999961,1.069,0.0,4
0.0,0.70708,-0.447196,-0.447196,-1.2247,0.999961,1.069,1.2247,0
0.0,0.70708,-0.447196,-0.447196,0.0,-0.999961,-1.33625,-1.2247,3
0.0,0.70708,-0.447196,-0.447196,0.0,-0.999961,-1.33625,0.0,4
0.0,0.70708,-0.447196,-0.447196,0.0,-0.999961,-1.33625,1.2247,0
0.0,0.70708,-0.447196,-0.447196,0.0,-0.999961,0.267251,-1.2247,3
0.0,0.70708,-0.447196,-0.447196,0.0,-0.999961,0.267251,0.0,4
0.0,0.70708,-0.447196,-0.447196,0.0,-0.999961,0.267251,1.2247,0
0.0,0.70708,-0.447196,-0.447196,0.0,-0.999961,1.069,-1.2247,4
0.0,0.70708,-0.447196,-0.447196,0.0,-0.999961,1.069,0.0,4
0.0,0.70708,-0.447196,-0.447196,0.0,-0.999961,1.069,1.2247,0
0.0,0.70708,-0.447196,-0.447196,0.0,0.999961,-1.33625,-1.2247,3
0.0,0.70708,-0.447196,-0.447196,0.0,0.999961,-1.33625,0.0,4
0.0,0.70708,-0.447196,-0.447196,0.0,0.999961,-1.33625,1.2247,0
0.0,0.70708,-0.447196,-0.447196,0.0,0.999961,0.267251,-1.2247,3
0.0,0.70708,-0.447196,-0.447196,0.0,0.999961,0.267251,0.0,4
0.0,0.70708,-0.447196,-0.447196,0.0,0.999961,0.267251,1.2247,0
0.0,0.70708,-0.447196,-0.447196,0.0,0.999961,1.069,-1.2247,4
0.0,0.70708,-0.447196,-0.447196,0.0,0.999961,1.069,0.0,4
0.0,0.70708,-0.447196,-0.447196,0.0,0.999961,1.069,1.2247,0
0.0,0.70708,-0.447196,-0.447196,1.2247,-0.999961,-1.33625,-1.2247,4
0.0,0.70708,-0.447196,-0.447196,1.2247,-0.999961,-1.33625,0.0,4
0.0,0.70708,-0.447196,-0.447196,1.2247,-0.999961,-1.33625,1.2247,0
0.0,0.70708,-0.447196,-0.447196,1.2247,-0.999961,0.267251,-1.2247,4
0.0,0.70708,-0.447196,-0.447196,1.2247,-0.999961,0.267251,0.0,4
0.0,0.70708,-0.447196,-0.447196,1.2247,-0.999961,0.267251,1.2247,0
0.0,0.70708,-0.447196,-0.447196,1.2247,-0.999961,1.069,-1.2247,4
0.0,0.70708,-0.447196,-0.447196,1.2247,-0.999961,1.069,0.0,4
0.0,0.70708,-0.447196,-0.447196,1.2247,-0.999961,1.069,1.2247,0
0.0,0.70708,-0.447196,-0.447196,1.2247,0.999961,-1.33625,-1.2247,4
0.0,0.70708,-0.447196,-0.447196,1.2247,0.999961,-1.33625,0.0,4
0.0,0.70708,-0.447196,-0.447196,1.2247,0.999961,-1.33625,1.2247,0
0.0,0.70708,-0.447196,-0.447196,1.2247,0.999961,0.267251,-1.2247,4
0.0,0.70708,-0.447196,-0.447196,1.2247,0.999961,0.267251,0.0,4
0.0,0.70708,-0.447196,-0.447196,1.2247,0.999961,0.267251,1.2247,0
0.0,0.70708,-0.447196,-0.447196,1.2247,0.999961,1.069,-1.2247,4
0.0,0.70708,-0.447196,-0.447196,1.2247,0.999961,1.069,0.0,4
0.0,0.70708,-0.447196,-0.447196,1.2247,0.999961,1.069,1.2247,0
0.0,0.70708,-0.447196,0.447196,-1.2247,-0.999961,-1.33625,-1.2247,3
0.0,0.70708,-0.447196,0.447196,-1.2247,-0.999961,-1.33625,0.0,4
0.0,0.70708,-0.447196,0.447196,-1.2247,-0.999961,-1.33625,1.2247,0
0.0,0.70708,-0.447196,0.447196,-1.2247,-0.999961,0.267251,-1.2247,3
0.0,0.70708,-0.447196,0.447196,-1.2247,-0.999961,0.267251,0.0,4
0.0,0.70708,-0.447196,0.447196,-1.2247,-0.999961,0.267251,1.2247,0
0.0,0.70708,-0.447196,0.447196,-1.2247,-0.999961,1.069,-1.2247,4
0.0,0.70708,-0.447196,0.447196,-1.2247,-0.999961,1.069,0.0,4
0.0,0.70708,-0.447196,0.447196,-1.2247,-0.999961,1.069,1.2247,0
0.0,0.70708,-0.447196,0.447196,-1.2247,0.999961,-1.33625,-1.2247,4
0.0,0.70708,-0.447196,0.447196,-1.2247,0.999961,-1.33625,0.0,4
0.0,0.70708,-0.447196,0.447196,-1.2247,0.999961,-1.33625,1.2247,0
0.0,0.70708,-0.447196,0.447196,-1.2247,0.999961,0.267251,-1.2247,4
0.0,0.70708,-0.447196,0.447196,-1.2247,0.999961,0.267251,0.0,4
0.0,0.70708,-0.447196,0.447196,-1.2247,0.999961,0.267251,1.2247,0
0.0,0.70708,-0.447196,0.447196,-1.2247,0.999961,1.069,-1.2247,4
0.0,0.70708,-0.447196,0.447196,-1.2247,0.999961,1.069,0.0,4
0.0,0.70708,-0.447196,0.447196,-1.2247,0.999961,1.069,1.2247,0
0.0,0.70708,-0.447196,0.447196,0.0,-0.999961,-1.33625,-1.2247,4
0.0,0.70708,-0.447196,0.447196,0.0,-0.999961,-1.33625,0.0,4
0.0,0.70708,-0.447196,0.447196,0.0,-0.999961,-1.33625,1.2247,0
0.0,0.70708,-0.447196,0.447196,0.0,-0.999961,0.267251,-1.2247,4
0.0,0.70708,-0.447196,0.447196,0.0,-0.999961,0.267251,0.0,4
0.0,0.70708,-0.447196,0.447196,0.0,-0.999961,0.267251,1.2247,0
0.0,0.70708,-0.447196,0.447196,0.0,-0.999961,1.069,-1.2247,4
0.0,0.70708,-0.447196,0.447196,0.0,-0.999961,1.069,0.0,4
0.0,0.70708,-0.447196,0.447196,0.0,-0.999961,1.069,1.2247,0
0.0,0.70708,-0.447196,0.447196,0.0,0.999961,-1.33625,-1.2247,4
0.0,0.70708,-0.447196,0.447196,0.0,0.999961,-1.33625,0.0,4
0.0,0.70708,-0.447196,0.447196,0.0,0.999961,-1.33625,1.2247,0
0.0,0.70708,-0.447196,0.447196,0.0,0.999961,0.267251,-1.2247,4
0.0,0.70708,-0.447196,0.447196,0.0,0.999961,0.267251,0.0,4
0.0,0.70708,-0.447196,0.447196,0.0,0.999961,0.267251,1.2247,0
0.0,0.70708,-0.447196,0.447196,0.0,0.999961,1.069,-1.2247,4
0.0,0.70708,-0.447196,0.447196,0.0,0.999961,1.069,0.0,4
0.0,0.70708,-0.447196,0.447196,0.0,0.999961,1.069,1.2247,0
0.0,0.70708,-0.447196,0.447196,1.2247,-0.999961,-1.33625,-1.2247,4
0.0,0.70708,-0.447196,0.447196,1.2247,-0.999961,-1.33625,0.0,4
0.0,0.70708,-0.447196,0.447196,1.2247,-0.999961,-1.33625,1.2247,0
0.0,0.70708,-0.447196,0.447196,1.2247,-0.999961,0.267251,-1.2247,4
0.0,0.70708,-0.447196,0.447196,1.2247,-0.999961,0.267251,0.0,4
0.0,0.70708,-0.447196,0.447196,1.2247,-0.999961,0.267251,1.2247,0
0.0,0.70708,-0.447196,0.447196,1.2247,-0.999961,1.069,-1.2247,4
0.0,0.70708,-0.447196,0.447196,1.2247,-0.999961,1.069,0.0,4
0.0,0.70708,-0.447196,0.447196,1.2247,-0.999961,1.069,1.2247,0
0.0,0.70708,-0.447196,0.447196,1.2247,0.999961,-1.33625,-1.2247,4
0.0,0.70708,-0.447196,0.447196,1.2247,0.999961,-1.33625,0.0,4
0.0,0.70708,-0.447196,0.447196,1.2247,0.999961,-1.33625,1.2247,0
0.0,0.70708,-0.447196,0.447196,1.2247,0.999961,0.267251,-1.2247,4
0.0,0.70708,-0.447196,0.447196,1.2247,0.999961,0.267251,0.0,4
0.0,0.70708,-0.447196,0.447196,1.2247,0.999961,0.267251,1.2247,0
0.0,0.70708,-0.447196,0.447196,1.2247,0.999961,1.069,-1.2247,4
0.0,0.70708,-0.447196,0.447196,1.2247,0.999961,1.069,0.0,4
0.0,0.70708,-0.447196,0.447196,1.2247,0.999961,1.069,1.2247,0
0.0,0.70708,-0.447196,1.34159,-1.2247,-0.999961,-1.33625,-1.2247,3
0.0,0.70708,-0.447196,1.34159,-1.2247,-0.999961,-1.33625,0.0,4
0.0,0.70708,-0.447196,1.34159,-1.2247,-0.999961,-1.33625,1.2247,0
0.0,0.70708,-0.447196,1.34159,-1.2247,-0.999961,0.267251,-1.2247,3
0.0,0.70708,-0.447196,1.34159,-1.2247,-0.999961,0.267251,0.0,4
0.0,0.70708,-0.447196,1.34159,-1.2247,-0.999961,0.267251,1.2247,0
0.0,0.70708,-0.447196,1.34159,-1.2247,-0.999961,1.069,-1.2247,4
0.0,0.70708,-0.447196,1.34159,-1.2247,-0.999961,1.069,0.0,4
0.0,0.70708,-0.447196,1.34159,-1.2247,-0.999961,1.069,1.2247,0
0.0,0.70708,-0.447196,1.34159,-1.2247,0.999961,-1.33625,-1.2247,4
0.0,0.70708,-0.447196,1.34159,-1.2247,0.999961,-1.33625,0.0,4
0.0,0.70708,-0.447196,1.34159,-1.2247,0.999961,-1.33625,1.2247,0
0.0,0.70708,-0.447196,1.34159,-1.2247,0.999961,0.267251,-1.2247,4
0.0,0.70708,-0.447196,1.34159,-1.2247,0.999961,0.267251,0.0,4
0.0,0.70708,-0.447196,1.34159,-1.2247,0.999961,0.267251,1.2247,0
0.0,0.70708,-0.447196,1.34159,-1.2247,0.999961,1.069,-1.2247,4
0.0,0.70708,-0.447196,1.34159,-1.2247,0.999961,1.069,0.0,4
0.0,0.70708,-0.447196,1.34159,-1.2247,0.999961,1.069,1.2247,0
0.0,0.70708,-0.447196,1.34159,0.0,-0.999961,-1.33625,-1.2247,4
0.0,0.70708,-0.447196,1.34159,0.0,-0.999961,-1.33625,0.0,4
0.0,0.70708,-0.447196,1.34159,0.0,-0.999961,-1.33625,1.2247,0
0.0,0.70708,-0.447196,1.34159,0.0,-0.999961,0.267251,-1.2247,4
0.0,0.70708,-0.447196,1.34159,0.0,-0.999961,0.267251,0.0,4
0.0,0.70708,-0.447196,1.34159,0.0,-0.999961,0.267251,1.2247,0
0.0,0.70708,-0.447196,1.34159,0.0,-0.999961,1.069,-1.2247,4
0.0,0.70708,-0.447196,1.34159,0.0,-0.999961,1.069,0.0,4
0.0,0.70708,-0.447196,1.34159,0.0,-0.999961,1.069,1.2247,0
0.0,0.70708,-0.447196,1.34159,0.0,0.999961,-1.33625,-1.2247,4
0.0,0.70708,-0.447196,1.34159,0.0,0.999961,-1.33625,0.0,4
0.0,0.70708,-0.447196,1.34159,0.0,0.999961,-1.33625,1.2247,0
0.0,0.70708,-0.447196,1.34159,0.0,0.999961,0.267251,-1.2247,4
0.0,0.70708,-0.447196,1.34159,0.0,0.999961,0.267251,0.0,4
0.0,0.70708,-0.447196,1.34159,0.0,0.999961,0.267251,1.2247,0
0.0,0.70708,-0.447196,1.34159,0.0,0.999961,1.069,-1.2247,4
0.0,0.70708,-0.447196,1.34159,0.0,0.999961,1.069,0.0,4
0.0,0.70708,-0.447196,1.34159,0.0,0.999961,1.069,1.2247,0
0.0,0.70708,-0.447196,1.34159,1.2247,-0.999961,-1.33625,-1.2247,4
0.0,0.70708,-0.447196,1.34159,1.2247,-0.999961,-1.33625,0.0,4
0.0,0.70708,-0.447196,1.34159,1.2247,-0.999961,-1.33625,1.2247,0
0.0,0.70708,-0.447196,1.34159,1.2247,-0.999961,0.267251,-1.2247,4
0.0,0.70708,-0.447196,1.34159,1.2247,-0.999961,0.267251,0.0,4
0.0,0.70708,-0.447196,1.34159,1.2247,-0.999961,0.267251,1.2247,0
0.0,0.70708,-0.447196,1.34159,1.2247,-0.999961,1.069,-1.2247,4
0.0,0.70708,-0.447196,1.34159,1.2247,-0.999961,1.069,0.0,4
0.0,0.70708,-0.447196,1.34159,1.2247,-0.999961,1.069,1.2247,0
0.0,0.70708,-0.447196,1.34159,1.2247,0.999961,-1.33625,-1.2247,4
0.0,0.70708,-0.447196,1.34159,1.2247,0.999961,-1.33625,0.0,4
0.0,0.70708,-0.447196,1.34159,1.2247,0.999961,-1.33625,1.2247,0
0.0,0.70708,-0.447196,1.34159,1.2247,0.999961,0.267251,-1.2247,4
0.0,0.70708,-0.447196,1.34159,1.2247,0.999961,0.267251,0.0,4
0.0,0.70708,-0.447196,1.34159,1.2247,0.999961,0.267251,1.2247,0
0.0,0.70708,-0.447196,1.34159,1.2247,0.999961,1.069,-1.2247,4
0.0,0.70708,-0.447196,1.34159,1.2247,0.999961,1.069,0.0,4
0.0,0.70708,-0.447196,1.34159,1.2247,0.999961,1.069,1.2247,0
0.0,0.70708,0.447196,-1.34159,-1.2247,-0.999961,-1.33625,-1.2247,3
0.0,0.70708,0.447196,-1.34159,-1.2247,-0.999961,-1.33625,0.0,4
0.0,0.70708,0.447196,-1.34159,-1.2247,-0.999961,-1.33625,1.2247,0
0.0,0.70708,0.447196,-1.34159,-1.2247,-0.999961,0.267251,-1.2247,3
0.0,0.70708,0.447196,-1.34159,-1.2247,-0.999961,0.267251,0.0,4
0.0,0.70708,0.447196,-1.34159,-1.2247,-0.999961,0.267251,1.2247,0
0.0,0.70708,0.447196,-1.34159,-1.2247,-0.999961,1.069,-1.2247,4
0.0,0.70708,0.447196,-1.34159,-1.2247,-0.999961,1.069,0.0,4
0.0,0.70708,0.447196,-1.34159,-1.2247,-0.999961,1.069,1.2247,0
0.0,0.70708,0.447196,-1.34159,-1.2247,0.999961,-1.33625,-1.2247,3
0.0,0.70708,0.447196,-1.34159,-1.2247,0.999961,-1.33625,0.0,4
0.0,0.70708,0.447196,-1.34159,-1.2247,0.999961,-1.33625,1.2247,0
0.0,0.70708,0.447196,-1.34159,-1.2247,0.999961,0.267251,-1.2247,3
0.0,0.70708,0.447196,-1.34159,-1.2247,0.999961,0.267251,0.0,4
0.0,0.70708,0.447196,-1.34159,-1.2247,0.999961,0.267251,1.2247,0
0.0,0.70708,0.447196,-1.34159,-1.2247,0.999961,1.069,-1.2247,4
0.0,0.70708,0.447196,-1.34159,-1.2247,0.999961,1.069,0.0,4
0.0,0.70708,0.447196,-1.34159,-1.2247,0.999961,1.069,1.2247,0
0.0,0.70708,0.447196,-1.34159,0.0,-0.999961,-1.33625,-1.2247,3
0.0,0.70708,0.447196,-1.34159,0.0,-0.999961,-1.33625,0.0,4
0.0,0.70708,0.447196,-1.34159,0.0,-0.999961,-1.33625,1.2247,0
0.0,0.70708,0.447196,-1.34159,0.0,-0.999961,0.267251,-1.2247,3
0.0,0.70708,0.447196,-1.34159,0.0,-0.999961,0.267251,0.0,4
0.0,0.70708,0.447196,-1.34159,0.0,-0.999961,0.267251,1.2247,0
0.0,0.70708,0.447196,-1.34159,0.0,-0.999961,1.069,-1.2247,4
0.0,0.70708,0.447196,-1.34159,0.0,-0.999961,1.069,0.0,4
0.0,0.70708,0.447196,-1.34159,0.0,-0.999961,1.069,1.2247,0
0.0,0.70708,0.447196,-1.34159,0.0,0.999961,-1.33625,-1.2247,3
0.0,0.70708,0.447196,-1.34159,0.0,0.999961,-1.33625,0.0,4
0.0,0.70708,0.447196,-1.34159,0.0,0.999961,-1.33625,1.2247,0
0.0,0.70708,0.447196,-1.34159,0.0,0.999961,0.267251,-1.2247,3
0.0,0.70708,0.447196,-1.34159,0.0,0.999961,0.267251,0.0,4
0.0,0.70708,0.447196,-1.34159,0.0,0.999961,0.267251,1.2247,0
0.0,0.70708,0.447196,-1.34159,0.0,0.999961,1.069,-1.2247,4
0.0,0.70708,0.447196,-1.34159,0.0,0.999961,1.069,0.0,4
0.0,0.70708,0.447196,-1.34159,0.0,0.999961,1.069,1.2247,0
0.0,0.70708,0.447196,-1.34159,1.2247,-0.999961,-1.33625,-1.2247,4
0.0,0.70708,0.447196,-1.34159,1.2247,-0.999961,-1.33625,0.0,4
0.0,0.70708,0.447196,-1.34159,1.2247,-0.999961,-1.33625,1.2247,0
0.0,0.70708,0.447196,-1.34159,1.2247,-0.999961,0.267251,-1.2247,4
0.0,0.70708,0.447196,-1.34159,1.2247,-0.999961,0.267251,0.0,4
0.0,0.70708,0.447196,-1.34159,1.2247,-0.999961,0.267251,1.2247,0
0.0,0.70708,0.447196,-1.34159,1.2247,-0.999961,1.069,-1.2247,4
0.0,0.70708,0.447196,-1.34159,1.2247,-0.999961,1.069,0.0,4
0.0,0.70708,0.447196,-1.34159,1.2247,-0.999961,1.069,1.2247,0
0.0,0.70708,0.447196,-1.34159,1.2247,0.999961,-1.33625,-1.2247,4
0.0,0.70708,0.447196,-1.34159,1.2247,0.999961,-1.33625,0.0,4
0.0,0.70708,0.447196,-1.34159,1.2247,0.999961,-1.33625,1.2247,0
0.0,0.70708,0.447196,-1.34159,1.2247,0.999961,0.267251,-1.2247,4
0.0,0.70708,0.447196,-1.34159,1.2247,0.999961,0.267251,0.0,4
0.0,0.70708,0.447196,-1.34159,1.2247,0.999961,0.267251,1.2247,0
0.0,0.70708,0.447196,-1.34159,1.2247,0.999961,1.069,-1.2247,4
0.0,0.70708,0.447196,-1.34159,1.2247,0.999961,1.069,0.0,4
0.0,0.70708,0.447196,-1.34159,1.2247,0.999961,1.069,1.2247,0
0.0,0.70708,0.447196,-0.447196,-1.2247,-0.999961,-1.33625,-1.2247,3
0.0,0.70708,0.447196,-0.447196,-1.2247,-0.999961,-1.33625,0.0,4
0.0,0.70708,0.447196,-0.447196,-1.2247,-0.999961,-1.33625,1.2247,0
0.0,0.70708,0.447196,-0.447196,-1.2247,-0.999961,0.267251,-1.2247,3
0.0,0.70708,0.447196,-0.447196,-1.2247,-0.999961,0.267251,0.0,4
0.0,0.70708,0.447196,-0.447196,-1.2247,-0.999961,0.267251,1.2247,0
0.0,0.70708,0.447196,-0.447196,-1.2247,-0.999961,1.069,-1.2247,4
0.0,0.70708,0.447196,-0.447196,-1.2247,-0.999961,1.069,0.0,4
0.0,0.70708,0.447196,-0.447196,-1.2247,-0.999961,1.069,1.2247,0
0.0,0.70708,0.447196,-0.447196,-1.2247,0.999961,-1.33625,-1.2247,4
0.0,0.70708,0.447196,-0.447196,-1.2247,0.999961,-1.33625,0.0,4
0.0,0.70708,0.447196,-0.447196,-1.2247,0.999961,-1.33625,1.2247,0
0.0,0.70708,0.447196,-0.447196,-1.2247,0.999961,0.267251,-1.2247,4
0.0,0.70708,0.447196,-0.447196,-1.2247,0.999961,0.267251,0.0,4
0.0,0.70708,0.447196,-0.447196,-1.2247,0.999961,0.267251,1.2247,0
0.0,0.70708,0.447196,-0.447196,-1.2247,0.999961,1.069,-1.2247,4
0.0,0.70708,0.447196,-0.447196,-1.2247,0.999961,1.069,0.0,4
0.0,0.70708,0.447196,-0.447196,-1.2247,0.999961,1.069,1.2247,0
0.0,0.70708,0.447196,-0.447196,0.0,-0.999961,-1.33625,-1.2247,4
0.0,0.70708,0.447196,-0.447196,0.0,-0.999961,-1.33625,0.0,4
0.0,0.70708,0.447196,-0.447196,0.0,-0.999961,-1.33625,1.2247,0
0.0,0.70708,0.447196,-0.447196,0.0,-0.999961,0.267251,-1.2247,4
0.0,0.70708,0.447196,-0.447196,0.0,-0.999961,0.267251,0.0,4
0.0,0.70708,0.447196,-0.447196,0.0,-0.999961,0.267251,1.2247,0
0.0,0.70708,0.447196,-0.447196,0.0,-0.999961,1.069,-1.2247,4
0.0,0.70708,0.447196,-0.447196,0.0,-0.999961,1.069,0.0,4
0.0,0.70708,0.447196,-0.447196,0.0,-0.999961,1.069,1.2247,0
0.0,0.70708,0.447196,-0.447196,0.0,0.999961,-1.33625,-1.2247,4
0.0,0.70708,0.447196,-0.447196,0.0,0.999961,-1.33625,0.0,4
0.0,0.70708,0.447196,-0.447196,0.0,0.999961,-1.33625,1.2247,0
0.0,0.70708,0.447196,-0.447196,0.0,0.999961,0.267251,-1.2247,4
0.0,0.70708,0.447196,-0.447196,0.0,0.999961,0.267251,0.0,4
0.0,0.70708,0.447196,-0.447196,0.0,0.999961,0.267251,1.2247,0
0.0,0.70708,0.447196,-0.447196,0.0,0.999961,1.069,-1.2247,4
0.0,0.70708,0.447196,-0.447196,0.0,0.999961,1.069,0.0,4
0.0,0.70708,0.447196,-0.447196,0.0,0.999961,1.069,1.2247,0
0.0,0.70708,0.447196,-0.447196,1.2247,-0.999961,-1.33625,-1.2247,4
0.0,0.70708,0.447196,-0.447196,1.2247,-0.999961,-1.33625,0.0,4
0.0,0.70708,0.447196,-0.447196,1.2247,-0.999961,-1.33625,1.2247,0
0.0,0.70708,0.447196,-0.447196,1.2247,-0.999961,0.267251,-1.2247,4
0.0,0.70708,0.447196,-0.447196,1.2247,-0.999961,0.267251,0.0,4
0.0,0.70708,0.447196,-0.447196,1.2247,-0.999961,0.267251,1.2247,0
0.0,0.70708,0.447196,-0.447196,1.2247,-0.999961,1.069,-1.2247,4
0.0,0.70708,0.447196,-0.447196,1.2247,-0.999961,1.069,0.0,4
0.0,0.70708,0.447196,-0.447196,1.2247,-0.999961,1.069,1.2247,0
0.0,0.70708,0.447196,-0.447196,1.2247,0.999961,-1.33625,-1.2247,4
0.0,0.70708,0.447196,-0.447196,1.2247,0.999961,-1.33625,0.0,4
0.0,0.70708,0.447196,-0.447196,1.2247,0.999961,-1.33625,1.2247,0
0.0,0.70708,0.447196,-0.447196,1.2247,0.999961,0.267251,-1.2247,4
0.0,0.70708,0.447196,-0.447196,1.2247,0.999961,0.267251,0.0,4
0.0,0.70708,0.447196,-0.447196,1.2247,0.999961,0.267251,1.2247,0
0.0,0.70708,0.447196,-0.447196,1.2247,0.999961,1.069,-1.2247,4
0.0,0.70708,0.447196,-0.447196,1.2247,0.999961,1.069,0.0,4
0.0,0.70708,0.447196,-0.447196,1.2247,0.999961,1.069,1.2247,0
0.0,0.70708,0.447196,0.447196,-1.2247,-0.999961,-1.33625,-1.2247,3
0.0,0.70708,0.447196,0.447196,-1.2247,-0.999961,-1.33625,0.0,4
0.0,0.70708,0.447196,0.447196,-1.2247,-0.999961,-1.33625,1.2247,0
0.0,0.70708,0.447196,0.447196,-1.2247,-0.999961,0.267251,-1.2247,3
0.0,0.70708,0.447196,0.447196,-1.2247,-0.999961,0.267251,0.0,4
0.0,0.70708,0.447196,0.447196,-1.2247,-0.999961,0.267251,1.2247,0
0.0,0.70708,0.447196,0.447196,-1.2247,-0.999961,1.069,-1.2247,4
0.0,0.70708,0.447196,0.447196,-1.2247,-0.999961,1.069,0.0,4
0.0,0.70708,0.447196,0.447196,-1.2247,-0.999961,1.069,1.2247,0
0.0,0.70708,0.447196,0.447196,-1.2247,0.999961,-1.33625,-1.2247,4
0.0,0.70708,0.447196,0.447196,-1.2247,0.999961,-1.33625,0.0,4
0.0,0.70708,0.447196,0.447196,-1.2247,0.999961,-1.33625,1.2247,0
0.0,0.70708,0.447196,0.447196,-1.2247,0.999961,0.267251,-1.2247,4
0.0,0.70708,0.447196,0.447196,-1.2247,0.999961,0.267251,0.0,4
0.0,0.70708,0.447196,0.447196,-1.2247,0.999961,0.267251,1.2247,0
0.0,0.70708,0.447196,0.447196,-1.2247,0.999961,1.069,-1.2247,4
0.0,0.70708,0.447196,0.447196,-1.2247,0.999961,1.069,0.0,4
0.0,0.70708,0.447196,0.447196,-1.2247,0.999961,1.069,1.2247,0
0.0,0.70708,0.447196,0.447196,0.0,-0.999961,-1.33625,-1.2247,4
0.0,0.70708,0.447196,0.447196,0.0,-0.999961,-1.33625,0.0,4
0.0,0.70708,0.447196,0.447196,0.0,-0.999961,-1.33625,1.2247,0
0.0,0.70708,0.447196,0.447196,0.0,-0.999961,0.267251,-1.2247,4
0.0,0.70708,0.447196,0.447196,0.0,-0.999961,0.267251,0.0,4
0.0,0.70708,0.447196,0.447196,0.0,-0.999961,0.267251,1.2247,0
0.0,0.70708,0.447196,0.447196,0.0,-0.999961,1.069,-1.2247,4
0.0,0.70708,0.447196,0.447196,0.0,-0.999961,1.069,0.0,4
0.0,0.70708,0.447196,0.447196,0.0,-0.999961,1.069,1.2247,0
0.0,0.70708,0.447196,0.447196,0.0,0.999961,-1.33625,-1.2247,4
0.0,0.70708,0.447196,0.447196,0.0,0.999961,-1.33625,0.0,4
0.0,0.70708,0.447196,0.447196,0.0,0.999961,-1.33625,1.2247,0
0.0,0.70708,0.447196,0.447196,0.0,0.999961,0.267251,-1.2247,4
0.0,0.70708,0.447196,0.447196,0.0,0.999961,0.267251,0.0,4
0.0,0.70708,0.447196,0.447196,0.0,0.999961,0.267251,1.2247,0
0.0,0.70708,0.447196,0.447196,0.0,0.999961,1.069,-1.2247,4
0.0,0.70708,0.447196,0.447196,0.0,0.999961,1.069,0.0,4
0.0,0.70708,0.447196,0.447196,0.0,0.999961,1.069,1.2247,0
0.0,0.70708,0.447196,0.447196,1.2247,-0.999961,-1.33625,-1.2247,4
0.0,0.70708,0.447196,0.447196,1.2247,-0.999961,-1.33625,0.0,4
0.0,0.70708,0.447196,0.447196,1.2247,-0.999961,-1.33625,1.2247,0
0.0,0.70708,0.447196,0.447196,1.2247,-0.999961,0.267251,-1.2247,4
0.0,0.70708,0.447196,0.447196,1.2247,-0.999961,0.267251,0.0,4
0.0,0.70708,0.447196,0.447196,1.2247,-0.999961,0.267251,1.2247,0
0.0,0.70708,0.447196,0.447196,1.2247,-0.999961,1.069,-1.2247,4
0.0,0.70708,0.447196,0.447196,1.2247,-0.999961,1.069,0.0,4
0.0,0.70708,0.447196,0.447196,1.2247,-0.999961,1.069,1.2247,0
0.0,0.70708,0.447196,0.447196,1.2247,0.999961,-1.33625,-1.2247,4
0.0,0.70708,0.447196,0.447196,1.2247,0.999961,-1.33625,0.0,4
0.0,0.70708,0.447196,0.447196,1.2247,0.999961,-1.33625,1.2247,0
0.0,0.70708,0.447196,0.447196,1.2247,0.999961,0.267251,-1.2247,4
0.0,0.70708,0.447196,0.447196,1.2247,0.999961,0.267251,0.0,4
0.0,0.70708,0.447196,0.447196,1.2247,0.999961,0.267251,1.2247,0
0.0,0.70708,0.447196,0.447196,1.2247,0.999961,1.069,-1.2247,4
0.0,0.70708,0.447196,0.447196,1.2247,0.999961,1.069,0.0,4
0.0,0.70708,0.447196,0.447196,1.2247,0.999961,1.069,1.2247,0
0.0,0.70708,0.447196,1.34159,-1.2247,-0.999961,-1.33625,-1.2247,3
0.0,0.70708,0.447196,1.34159,-1.2247,-0.999961,-1.33625,0.0,4
0.0,0.70708,0.447196,1.34159,-1.2247,-0.999961,-1.33625,1.2247,0
0.0,0.70708,0.447196,1.34159,-1.2247,-0.999961,0.267251,-1.2247,3
0.0,0.70708,0.447196,1.34159,-1.2247,-0.999961,0.267251,0.0,4
0.0,0.70708,0.447196,1.34159,-1.2247,-0.999961,0.267251,1.2247,0
0.0,0.70708,0.447196,1.34159,-1.2247,-0.999961,1.069,-1.2247,4
0.0,0.70708,0.447196,1.34159,-1.2247,-0.999961,1.069,0.0,4
0.0,0.70708,0.447196,1.34159,-1.2247,-0.999961,1.069,1.2247,0
0.0,0.70708,0.447196,1.34159,-1.2247,0.999961,-1.33625,-1.2247,4
0.0,0.70708,0.447196,1.34159,-1.2247,0.999961,-1.33625,0.0,4
0.0,0.70708,0.447196,1.34159,-1.2247,0.999961,-1.33625,1.2247,0
0.0,0.70708,0.447196,1.34159,-1.2247,0.999961,0.267251,-1.2247,4
0.0,0.70708,0.447196,1.34159,-1.2247,0.999961,0.267251,0.0,4
0.0,0.70708,0.447196,1.34159,-1.2247,0.999961,0.267251,1.2247,0
0.0,0.70708,0.447196,1.34159,-1.2247,0.999961,1.069,-1.2247,4
0.0,0.70708,0.447196,1.34159,-1.2247,0.999961,1.069,0.0,4
0.0,0.70708,0.447196,1.34159,-1.2247,0.999961,1.069,1.2247,0
0.0,0.70708,0.447196,1.34159,0.0,-0.999961,-1.33625,-1.2247,4
0.0,0.70708,0.447196,1.34159,0.0,-0.999961,-1.33625,0.0,4
0.0,0.70708,0.447196,1.34159,0.0,-0.999961,-1.33625,1.2247,0
0.0,0.70708,0.447196,1.34159,0.0,-0.999961,0.267251,-1.2247,4
0.0,0.70708,0.447196,1.34159,0.0,-0.999961,0.267251,0.0,4
0.0,0.70708,0.447196,1.34159,0.0,-0.999961,0.267251,1.2247,0
0.0,0.70708,0.447196,1.34159,0.0,-0.999961,1.069,-1.2247,4
0.0,0.70708,0.447196,1.34159,0.0,-0.999961,1.069,0.0,4
0.0,0.70708,0.447196,1.34159,0.0,-0.999961,1.069,1.2247,0
0.0,0.70708,0.447196,1.34159,0.0,0.999961,-1.33625,-1.2247,4
0.0,0.70708,0.447196,1.34159,0.0,0.999961,-1.33625,0.0,4
0.0,0.70708,0.447196,1.34159,0.0,0.999961,-1.33625,1.2247,0
0.0,0.70708,0.447196,1.34159,0.0,0.999961,0.267251,-1.2247,4
0.0,0.70708,0.447196,1.34159,0.0,0.999961,0.267251,0.0,4
0.0,0.70708,0.447196,1.34159,0.0,0.999961,0.267251,1.2247,0
0.0,0.70708,0.447196,1.34159,0.0,0.999961,1.069,-1.2247,4
0.0,0.70708,0.447196,1.34159,0.0,0.999961,1.069,0.0,4
0.0,0.70708,0.447196,1.34159,0.0,0.999961,1.069,1.2247,0
0.0,0.70708,0.447196,1.34159,1.2247,-0.999961,-1.33625,-1.2247,4
0.0,0.70708,0.447196,1.34159,1.2247,-0.999961,-1.33625,0.0,4
0.0,0.70708,0.447196,1.34159,1.2247,-0.999961,-1.33625,1.2247,0
0.0,0.70708,0.447196,1.34159,1.2247,-0.999961,0.267251,-1.2247,4
0.0,0.70708,0.447196,1.34159,1.2247,-0.999961,0.267251,0.0,4
0.0,0.70708,0.447196,1.34159,1.2247,-0.999961,0.267251,1.2247,0
0.0,0.70708,0.447196,1.34159,1.2247,-0.999961,1.069,-1.2247,4
0.0,0.70708,0.447196,1.34159,1.2247,-0.999961,1.069,0.0,4
0.0,0.70708,0.447196,1.34159,1.2247,-0.999961,1.069,1.2247,0
0.0,0.70708,0.447196,1.34159,1.2247,0.999961,-1.33625,-1.2247,4
0.0,0.70708,0.447196,1.34159,1.2247,0.999961,-1.33625,0.0,4
0.0,0.70708,0.447196,1.34159,1.2247,0.999961,-1.33625,1.2247,0
0.0,0.70708,0.447196,1.34159,1.2247,0.999961,0.267251,-1.2247,4
0.0,0.70708,0.447196,1.34159,1.2247,0.999961,0.267251,0.0,4
0.0,0.70708,0.447196,1.34159,1.2247,0.999961,0.267251,1.2247,0
0.0,0.70708,0.447196,1.34159,1.2247,0.999961,1.069,-1.2247,4
0.0,0.70708,0.447196,1.34159,1.2247,0.999961,1.069,0.0,4
0.0,0.70708,0.447196,1.34159,1.2247,0.999961,1.069,1.2247,0
0.0,0.70708,1.34159,-1.34159,-1.2247,-0.999961,-1.33625,-1.2247,3
0.0,0.70708,1.34159,-1.34159,-1.2247,-0.999961,-1.33625,0.0,4
0.0,0.70708,1.34159,-1.34159,-1.2247,-0.999961,-1.33625,1.2247,0
0.0,0.70708,1.34159,-1.34159,-1.2247,-0.999961,0.267251,-1.2247,3
0.0,0.70708,1.34159,-1.34159,-1.2247,-0.999961,0.267251,0.0,4
0.0,0.70708,1.34159,-1.34159,-1.2247,-0.999961,0.267251,1.2247,0
0.0,0.70708,1.34159,-1.34159,-1.2247,-0.999961,1.069,-1.2247,4
0.0,0.70708,1.34159,-1.34159,-1.2247,-0.999961,1.069,0.0,4
0.0,0.70708,1.34159,-1.34159,-1.2247,-0.999961,1.069,1.2247,0
0.0,0.70708,1.34159,-1.34159,-1.2247,0.999961,-1.33625,-1.2247,4
0.0,0.70708,1.34159,-1.34159,-1.2247,0.999961,-1.33625,0.0,4
0.0,0.70708,1.34159,-1.34159,-1.2247,0.999961,-1.33625,1.2247,0
0.0,0.70708,1.34159,-1.34159,-1.2247,0.999961,0.267251,-1.2247,4
0.0,0.70708,1.34159,-1.34159,-1.2247,0.999961,0.267251,0.0,4
0.0,0.70708,1.34159,-1.34159,-1.2247,0.999961,0.267251,1.2247,0
0.0,0.70708,1.34159,-1.34159,-1.2247,0.999961,1.069,-1.2247,4
0.0,0.70708,1.34159,-1.34159,-1.2247,0.999961,1.069,0.0,4
0.0,0.70708,1.34159,-1.34159,-1.2247,0.999961,1.069,1.2247,0
0.0,0.70708,1.34159,-1.34159,0.0,-0.999961,-1.33625,-1.2247,4
0.0,0.70708,1.34159,-1.34159,0.0,-0.999961,-1.33625,0.0,4
0.0,0.70708,1.34159,-1.34159,0.0,-0.999961,-1.33625,1.2247,0
0.0,0.70708,1.34159,-1.34159,0.0,-0.999961,0.267251,-1.2247,4
0.0,0.70708,1.34159,-1.34159,0.0,-0.999961,0.267251,0.0,4
0.0,0.70708,1.34159,-1.34159,0.0,-0.999961,0.267251,1.2247,0
0.0,0.70708,1.34159,-1.34159,0.0,-0.999961,1.069,-1.2247,4
0.0,0.70708,1.34159,-1.34159,0.0,-0.999961,1.069,0.0,4
0.0,0.70708,1.34159,-1.34159,0.0,-0.999961,1.069,1.2247,0
0.0,0.70708,1.34159,-1.34159,0.0,0.999961,-1.33625,-1.2247,4
0.0,0.70708,1.34159,-1.34159,0.0,0.999961,-1.33625,0.0,4
0.0,0.70708,1.34159,-1.34159,0.0,0.999961,-1.33625,1.2247,0
0.0,0.70708,1.34159,-1.34159,0.0,0.999961,0.267251,-1.2247,4
0.0,0.70708,1.34159,-1.34159,0.0,0.999961,0.267251,0.0,4
0.0,0.70708,1.34159,-1.34159,0.0,0.999961,0.267251,1.2247,0
0.0,0.70708,1.34159,-1.34159,0.0,0.999961,1.069,-1.2247,4
0.0,0.70708,1.34159,-1.34159,0.0,0.999961,1.069,0.0,4
0.0,0.70708,1.34159,-1.34159,0.0,0.999961,1.069,1.2247,0
0.0,0.70708,1.34159,-1.34159,1.2247,-0.999961,-1.33625,-1.2247,4
0.0,0.70708,1.34159,-1.34159,1.2247,-0.999961,-1.33625,0.0,4
0.0,0.70708,1.34159,-1.34159,1.2247,-0.999961,-1.33625,1.2247,0
0.0,0.70708,1.34159,-1.34159,1.2247,-0.999961,0.267251,-1.2247,4
0.0,0.70708,1.34159,-1.34159,1.2247,-0.999961,0.267251,0.0,4
0.0,0.70708,1.34159,-1.34159,1.2247,-0.999961,0.267251,1.2247,0
0.0,0.70708,1.34159,-1.34159,1.2247,-0.999961,1.069,-1.2247,4
0.0,0.70708,1.34159,-1.34159,1.2247,-0.999961,1.069,0.0,4
0.0,0.70708,1.34159,-1.34159,1.2247,-0.999961,1.069,1.2247,0
0.0,0.70708,1.34159,-1.34159,1.2247,0.999961,-1.33625,-1.2247,4
0.0,0.70708,1.34159,-1.34159,1.2247,0.999961,-1.33625,0.0,4
0.0,0.70708,1.34159,-1.34159,1.2247,0.999961,-1.33625,1.2247,0
0.0,0.70708,1.34159,-1.34159,1.2247,0.999961,0.267251,-1.2247,4
0.0,0.70708,1.34159,-1.34159,1.2247,0.999961,0.267251,0.0,4
0.0,0.70708,1.34159,-1.34159,1.2247,0.999961,0.267251,1.2247,0
0.0,0.70708,1.34159,-1.34159,1.2247,0.999961,1.069,-1.2247,4
0.0,0.70708,1.34159,-1.34159,1.2247,0.999961,1.069,0.0,4
0.0,0.70708,1.34159,-1.34159,1.2247,0.999961,1.069,1.2247,0
0.0,0.70708,1.34159,-0.447196,-1.2247,-0.999961,-1.33625,-1.2247,3
0.0,0.70708,1.34159,-0.447196,-1.2247,-0.999961,-1.33625,0.0,4
0.0,0.70708,1.34159,-0.447196,-1.2247,-0.999961,-1.33625,1.2247,0
0.0,0.70708,1.34159,-0.447196,-1.2247,-0.999961,0.267251,-1.2247,3
0.0,0.70708,1.34159,-0.447196,-1.2247,-0.999961,0.267251,0.0,4
0.0,0.70708,1.34159,-0.447196,-1.2247,-0.999961,0.267251,1.2247,0
0.0,0.70708,1.34159,-0.447196,-1.2247,-0.999961,1.069,-1.2247,4
0.0,0.70708,1.34159,-0.447196,-1.2247,-0.999961,1.069,0.0,4
0.0,0.70708,1.34159,-0.447196,-1.2247,-0.999961,1.069,1.2247,0
0.0,0.70708,1.34159,-0.447196,-1.2247,0.999961,-1.33625,-1.2247,4
0.0,0.70708,1.34159,-0.447196,-1.2247,0.999961,-1.33625,0.0,4
0.0,0.70708,1.34159,-0.447196,-1.2247,0.999961,-1.33625,1.2247,0
0.0,0.70708,1.34159,-0.447196,-1.2247,0.999961,0.267251,-1.2247,4
0.0,0.70708,1.34159,-0.447196,-1.2247,0.999961,0.267251,0.0,4
0.0,0.70708,1.34159,-0.447196,-1.2247,0.999961,0.267251,1.2247,0
0.0,0.70708,1.34159,-0.447196,-1.2247,0.999961,1.069,-1.2247,4
0.0,0.70708,1.34159,-0.447196,-1.2247,0.999961,1.069,0.0,4
0.0,0.70708,1.34159,-0.447196,-1.2247,0.999961,1.069,1.2247,0
0.0,0.70708,1.34159,-0.447196,0.0,-0.999961,-1.33625,-1.2247,4
0.0,0.70708,1.34159,-0.447196,0.0,-0.999961,-1.33625,0.0,4
0.0,0.70708,1.34159,-0.447196,0.0,-0.999961,-1.33625,1.2247,0
0.0,0.70708,1.34159,-0.447196,0.0,-0.999961,0.267251,-1.2247,4
0.0,0.70708,1.34159,-0.447196,0.0,-0.999961,0.267251,0.0,4
0.0,0.70708,1.34159,-0.447196,0.0,-0.999961,0.267251,1.2247,0
0.0,0.70708,1.34159,-0.447196,0.0,-0.999961,1.069,-1.2247,4
0.0,0.70708,1.34159,-0.447196,0.0,-0.999961,1.069,0.0,4
0.0,0.70708,1.34159,-0.447196,0.0,-0.999961,1.069,1.2247,0
0.0,0.70708,1.34159,-0.447196,0.0,0.999961,-1.33625,-1.2247,4
0.0,0.70708,1.34159,-0.447196,0.0,0.999961,-1.33625,0.0,4
0.0,0.70708,1.34159,-0.447196,0.0,0.999961,-1.33625,1.2247,0
0.0,0.70708,1.34159,-0.447196,0.0,0.999961,0.267251,-1.2247,4
0.0,0.70708,1.34159,-0.447196,0.0,0.999961,0.267251,0.0,4
0.0,0.70708,1.34159,-0.447196,0.0,0.999961,0.267251,1.2247,0
0.0,0.70708,1.34159,-0.447196,0.0,0.999961,1.069,-1.2247,4
0.0,0.70708,1.34159,-0.447196,0.0,0.999961,1.069,0.0,4
0.0,0.70708,1.34159,-0.447196,0.0,0.999961,1.069,1.2247,0
0.0,0.70708,1.34159,-0.447196,1.2247,-0.999961,-1.33625,-1.2247,4
0.0,0.70708,1.34159,-0.447196,1.2247,-0.999961,-1.33625,0.0,4
0.0,0.70708,1.34159,-0.447196,1.2247,-0.999961,-1.33625,1.2247,0
0.0,0.70708,1.34159,-0.447196,1.2247,-0.999961,0.267251,-1.2247,4
0.0,0.70708,1.34159,-0.447196,1.2247,-0.999961,0.267251,0.0,4
0.0,0.70708,1.34159,-0.447196,1.2247,-0.999961,0.267251,1.2247,0
0.0,0.70708,1.34159,-0.447196,1.2247,-0.999961,1.069,-1.2247,4
0.0,0.70708,1.34159,-0.447196,1.2247,-0.999961,1.069,0.0,4
0.0,0.70708,1.34159,-0.447196,1.2247,-0.999961,1.069,1.2247,0
0.0,0.70708,1.34159,-0.447196,1.2247,0.999961,-1.33625,-1.2247,4
0.0,0.70708,1.34159,-0.447196,1.2247,0.999961,-1.33625,0.0,4
0.0,0.70708,1.34159,-0.447196,1.2247,0.999961,-1.33625,1.2247,0
0.0,0.70708,1.34159,-0.447196,1.2247,0.999961,0.267251,-1.2247,4
0.0,0.70708,1.34159,-0.447196,1.2247,0.999961,0.267251,0.0,4
0.0,0.70708,1.34159,-0.447196,1.2247,0.999961,0.267251,1.2247,0
0.0,0.70708,1.34159,-0.447196,1.2247,0.999961,1.069,-1.2247,4
0.0,0.70708,1.34159,-0.447196,1.2247,0.999961,1.069,0.0,4
0.0,0.70708,1.34159,-0.447196,1.2247,0.999961,1.069,1.2247,0
0.0,0.70708,1.34159,0.447196,-1.2247,-0.999961,-1.33625,-1.2247,3
0.0,0.70708,1.34159,0.447196,-1.2247,-0.999961,-1.33625,0.0,4
0.0,0.70708,1.34159,0.447196,-1.2247,-0.999961,-1.33625,1.2247,0
0.0,0.70708,1.34159,0.447196,-1.2247,-0.999961,0.267251,-1.2247,3
0.0,0.70708,1.34159,0.447196,-1.2247,-0.999961,0.267251,0.0,4
0.0,0.70708,1.34159,0.447196,-1.2247,-0.999961,0.267251,1.2247,0
0.0,0.70708,1.34159,0.447196,-1.2247,-0.999961,1.069,-1.2247,4
0.0,0.70708,1.34159,0.447196,-1.2247,-0.999961,1.069,0.0,4
0.0,0.70708,1.34159,0.447196,-1.2247,-0.999961,1.069,1.2247,0
0.0,0.70708,1.34159,0.447196,-1.2247,0.999961,-1.33625,-1.2247,4
0.0,0.70708,1.34159,0.447196,-1.2247,0.999961,-1.33625,0.0,4
0.0,0.70708,1.34159,0.447196,-1.2247,0.999961,-1.33625,1.2247,0
0.0,0.70708,1.34159,0.447196,-1.2247,0.999961,0.267251,-1.2247,4
0.0,0.70708,1.34159,0.447196,-1.2247,0.999961,0.267251,0.0,4
0.0,0.70708,1.34159,0.447196,-1.2247,0.999961,0.267251,1.2247,0
0.0,0.70708,1.34159,0.447196,-1.2247,0.999961,1.069,-1.2247,4
0.0,0.70708,1.34159,0.447196,-1.2247,0.999961,1.069,0.0,4
0.0,0.70708,1.34159,0.447196,-1.2247,0.999961,1.069,1.2247,0
0.0,0.70708,1.34159,0.447196,0.0,-0.999961,-1.33625,-1.2247,4
0.0,0.70708,1.34159,0.447196,0.0,-0.999961,-1.33625,0.0,4
0.0,0.70708,1.34159,0.447196,0.0,-0.999961,-1.33625,1.2247,0
0.0,0.70708,1.34159,0.447196,0.0,-0.999961,0.267251,-1.2247,4
0.0,0.70708,1.34159,0.447196,0.0,-0.999961,0.267251,0.0,4
0.0,0.70708,1.34159,0.447196,0.0,-0.999961,0.267251,1.2247,0
0.0,0.70708,1.34159,0.447196,0.0,-0.999961,1.069,-1.2247,4
0.0,0.70708,1.34159,0.447196,0.0,-0.999961,1.069,0.0,4
0.0,0.70708,1.34159,0.447196,0.0,-0.999961,1.069,1.2247,0
0.0,0.70708,1.34159,0.447196,0.0,0.999961,-1.33625,-1.2247,4
0.0,0.70708,1.34159,0.447196,0.0,0.999961,-1.33625,0.0,4
0.0,0.70708,1.34159,0.447196,0.0,0.999961,-1.33625,1.2247,0
0.0,0.70708,1.34159,0.447196,0.0,0.999961,0.267251,-1.2247,4
0.0,0.70708,1.34159,0.447196,0.0,0.999961,0.267251,0.0,4
0.0,0.70708,1.34159,0.447196,0.0,0.999961,0.267251,1.2247,0
0.0,0.70708,1.34159,0.447196,0.0,0.999961,1.069,-1.2247,4
0.0,0.70708,1.34159,0.447196,0.0,0.999961,1.069,0.0,4
0.0,0.70708,1.34159,0.447196,0.0,0.999961,1.069,1.2247,0
0.0,0.70708,1.34159,0.447196,1.2247,-0.999961,-1.33625,-1.2247,4
0.0,0.70708,1.34159,0.447196,1.2247,-0.999961,-1.33625,0.0,4
0.0,0.70708,1.34159,0.447196,1.2247,-0.999961,-1.33625,1.2247,0
0.0,0.70708,1.34159,0.447196,1.2247,-0.999961,0.267251,-1.2247,4
0.0,0.70708,1.34159,0.447196,1.2247,-0.999961,0.267251,0.0,4
0.0,0.70708,1.34159,0.447196,1.2247,-0.999961,0.267251,1.2247,0
0.0,0.70708,1.34159,0.447196,1.2247,-0.999961,1.069,-1.2247,4
0.0,0.70708,1.34159,0.447196,1.2247,-0.999961,1.069,0.0,4
0.0,0.70708,1.34159,0.447196,1.2247,-0.999961,1.069,1.2247,0
0.0,0.70708,1.34159,0.447196,1.2247,0.999961,-1.33625,-1.2247,4
0.0,0.70708,1.34159,0.447196,1.2247,0.999961,-1.33625,0.0,4
0.0,0.70708,1.34159,0.447196,1.2247,0.999961,-1.33625,1.2247,0
0.0,0.70708,1.34159,0.447196,1.2247,0.999961,0.267251,-1.2247,4
0.0,0.70708,1.34159,0.447196,1.2247,0.999961,0.267251,0.0,4
0.0,0.70708,1.34159,0.447196,1.2247,0.999961,0.267251,1.2247,0
0.0,0.70708,1.34159,0.447196,1.2247,0.999961,1.069,-1.2247,4
0.0,0.70708,1.34159,0.447196,1.2247,0.999961,1.069,0.0,4
0.0,0.70708,1.34159,0.447196,1.2247,0.999961,1.069,1.2247,0
0.0,0.70708,1.34159,1.34159,-1.2247,-0.999961,-1.33625,-1.2247,3
0.0,0.70708,1.34159,1.34159,-1.2247,-0.999961,-1.33625,0.0,4
0.0,0.70708,1.34159,1.34159,-1.2247,-0.999961,-1.33625,1.2247,0
0.0,0.70708,1.34159,1.34159,-1.2247,-0.999961,0.267251,-1.2247,3
0.0,0.70708,1.34159,1.34159,-1.2247,-0.999961,0.267251,0.0,4
0.0,0.70708,1.34159,1.34159,-1.2247,-0.999961,0.267251,1.2247,0
0.0,0.70708,1.34159,1.34159,-1.2247,-0.999961,1.069,-1.2247,4
0.0,0.70708,1.34159,1.34159,-1.2247,-0.999961,1.069,0.0,4
0.0,0.70708,1.34159,1.34159,-1.2247,-0.999961,1.069,1.2247,0
0.0,0.70708,1.34159,1.34159,-1.2247,0.999961,-1.33625,-1.2247,4
0.0,0.70708,1.34159,1.34159,-1.2247,0.999961,-1.33625,0.0,4
0.0,0.70708,1.34159,1.34159,-1.2247,0.999961,-1.33625,1.2247,0
0.0,0.70708,1.34159,1.34159,-1.2247,0.999961,0.267251,-1.2247,4
0.0,0.70708,1.34159,1.34159,-1.2247,0.999961,0.267251,0.0,4
0.0,0.70708,1.34159,1.34159,-1.2247,0.999961,0.267251,1.2247,0
0.0,0.70708,1.34159,1.34159,-1.2247,0.999961,1.069,-1.2247,4
0.0,0.70708,1.34159,1.34159,-1.2247,0.999961,1.069,0.0,4
0.0,0.70708,1.34159,1.34159,-1.2247,0.999961,1.069,1.2247,0
0.0,0.70708,1.34159,1.34159,0.0,-0.999961,-1.33625,-1.2247,4
0.0,0.70708,1.34159,1.34159,0.0,-0.999961,-1.33625,0.0,4
0.0,0.70708,1.34159,1.34159,0.0,-0.999961,-1.33625,1.2247,0
0.0,0.70708,1.34159,1.34159,0.0,-0.999961,0.267251,-1.2247,4
0.0,0.70708,1.34159,1.34159,0.0,-0.999961,0.267251,0.0,4
0.0,0.70708,1.34159,1.34159,0.0,-0.999961,0.267251,1.2247,0
0.0,0.70708,1.34159,1.34159,0.0,-0.999961,1.069,-1.2247,4
0.0,0.70708,1.34159,1.34159,0.0,-0.999961,1.069,0.0,4
0.0,0.70708,1.34159,1.34159,0.0,-0.999961,1.069,1.2247,0
0.0,0.70708,1.34159,1.34159,0.0,0.999961,-1.33625,-1.2247,4
0.0,0.70708,1.34159,1.34159,0.0,0.999961,-1.33625,0.0,4
0.0,0.70708,1.34159,1.34159,0.0,0.999961,-1.33625,1.2247,0
0.0,0.70708,1.34159,1.34159,0.0,0.999961,0.267251,-1.2247,4
0.0,0.70708,1.34159,1.34159,0.0,0.999961,0.267251,0.0,4
0.0,0.70708,1.34159,1.34159,0.0,0.999961,0.267251,1.2247,0
0.0,0.70708,1.34159,1.34159,0.0,0.999961,1.069,-1.2247,4
0.0,0.70708,1.34159,1.34159,0.0,0.999961,1.069,0.0,4
0.0,0.70708,1.34159,1.34159,0.0,0.999961,1.069,1.2247,0
0.0,0.70708,1.34159,1.34159,1.2247,-0.999961,-1.33625,-1.2247,4
0.0,0.70708,1.34159,1.34159,1.2247,-0.999961,-1.33625,0.0,4
0.0,0.70708,1.34159,1.34159,1.2247,-0.999961,-1.33625,1.2247,0
0.0,0.70708,1.34159,1.34159,1.2247,-0.999961,0.267251,-1.2247,4
0.0,0.70708,1.34159,1.34159,1.2247,-0.999961,0.267251,0.0,4
0.0,0.70708,1.34159,1.34159,1.2247,-0.999961,0.267251,1.2247,0
0.0,0.70708,1.34159,1.34159,1.2247,-0.999961,1.069,-1.2247,4
0.0,0.70708,1.34159,1.34159,1.2247,-0.999961,1.069,0.0,4
0.0,0.70708,1.34159,1.34159,1.2247,-0.999961,1.069,1.2247,0
0.0,0.70708,1.34159,1.34159,1.2247,0.999961,-1.33625,-1.2247,4
0.0,0.70708,1.34159,1.34159,1.2247,0.999961,-1.33625,0.0,4
0.0,0.70708,1.34159,1.34159,1.2247,0.999961,-1.33625,1.2247,0
0.0,0.70708,1.34159,1.34159,1.2247,0.999961,0.267251,-1.2247,4
0.0,0.70708,1.34159,1.34159,1.2247,0.999961,0.267251,0.0,4
0.0,0.70708,1.34159,1.34159,1.2247,0.999961,0.267251,1.2247,0
0.0,0.70708,1.34159,1.34159,1.2247,0.999961,1.069,-1.2247,4
0.0,0.70708,1.34159,1.34159,1.2247,0.999961,1.069,0.0,4
0.0,0.70708,1.34159,1.34159,1.2247,0.999961,1.069,1.2247,0
0.0,1.41416,-1.34159,-1.34159,-1.2247,-0.999961,-1.33625,-1.2247,3
0.0,1.41416,-1.34159,-1.34159,-1.2247,-0.999961,-1.33625,0.0,3
0.0,1.41416,-1.34159,-1.34159,-1.2247,-0.999961,-1.33625,1.2247,0
0.0,1.41416,-1.34159,-1.34159,-1.2247,-0.999961,0.267251,-1.2247,3
0.0,1.41416,-1.34159,-1.34159,-1.2247,-0.999961,0.267251,0.0,3
0.0,1.41416,-1.34159,-1.34159,-1.2247,-0.999961,0.267251,1.2247,0
0.0,1.41416,-1.34159,-1.34159,-1.2247,-0.999961,1.069,-1.2247,3
0.0,1.41416,-1.34159,-1.34159,-1.2247,-0.999961,1.069,0.0,3
0.0,1.41416,-1.34159,-1.34159,-1.2247,-0.999961,1.069,1.2247,0
0.0,1.41416,-1.34159,-1.34159,-1.2247,0.999961,-1.33625,-1.2247,3
0.0,1.41416,-1.34159,-1.34159,-1.2247,0.999961,-1.33625,0.0,4
0.0,1.41416,-1.34159,-1.34159,-1.2247,0.999961,-1.33625,1.2247,0
0.0,1.41416,-1.34159,-1.34159,-1.2247,0.999961,0.267251,-1.2247,3
0.0,1.41416,-1.34159,-1.34159,-1.2247,0.999961,0.267251,0.0,4
0.0,1.41416,-1.34159,-1.34159,-1.2247,0.999961,0.267251,1.2247,0
0.0,1.41416,-1.34159,-1.34159,-1.2247,0.999961,1.069,-1.2247,4
0.0,1.41416,-1.34159,-1.34159,-1.2247,0.999961,1.069,0.0,4
0.0,1.41416,-1.34159,-1.34159,-1.2247,0.999961,1.069,1.2247,0
0.0,1.41416,-1.34159,-1.34159,0.0,-0.999961,-1.33625,-1.2247,3
0.0,1.41416,-1.34159,-1.34159,0.0,-0.999961,-1.33625,0.0,4
0.0,1.41416,-1.34159,-1.34159,0.0,-0.999961,-1.33625,1.2247,0
0.0,1.41416,-1.34159,-1.34159,0.0,-0.999961,0.267251,-1.2247,3
0.0,1.41416,-1.34159,-1.34159,0.0,-0.999961,0.267251,0.0,4
0.0,1.41416,-1.34159,-1.34159,0.0,-0.999961,0.267251,1.2247,0
0.0,1.41416,-1.34159,-1.34159,0.0,-0.999961,1.069,-1.2247,4
0.0,1.41416,-1.34159,-1.34159,0.0,-0.999961,1.069,0.0,4
0.0,1.41416,-1.34159,-1.34159,0.0,-0.999961,1.069,1.2247,0
0.0,1.41416,-1.34159,-1.34159,0.0,0.999961,-1.33625,-1.2247,3
0.0,1.41416,-1.34159,-1.34159,0.0,0.999961,-1.33625,0.0,4
0.0,1.41416,-1.34159,-1.34159,0.0,0.999961,-1.33625,1.2247,0
0.0,1.41416,-1.34159,-1.34159,0.0,0.999961,0.267251,-1.2247,3
0.0,1.41416,-1.34159,-1.34159,0.0,0.999961,0.267251,0.0,4
0.0,1.41416,-1.34159,-1.34159,0.0,0.999961,0.267251,1.2247,0
0.0,1.41416,-1.34159,-1.34159,0.0,0.999961,1.069,-1.2247,4
0.0,1.41416,-1.34159,-1.34159,0.0,0.999961,1.069,0.0,4
0.0,1.41416,-1.34159,-1.34159,0.0,0.999961,1.069,1.2247,0
0.0,1.41416,-1.34159,-1.34159,1.2247,-0.999961,-1.33625,-1.2247,3
0.0,1.41416,-1.34159,-1.34159,1.2247,-0.999961,-1.33625,0.0,4
0.0,1.41416,-1.34159,-1.34159,1.2247,-0.999961,-1.33625,1.2247,0
0.0,1.41416,-1.34159,-1.34159,1.2247,-0.999961,0.267251,-1.2247,3
0.0,1.41416,-1.34159,-1.34159,1.2247,-0.999961,0.267251,0.0,4
0.0,1.41416,-1.34159,-1.34159,1.2247,-0.999961,0.267251,1.2247,0
0.0,1.41416,-1.34159,-1.34159,1.2247,-0.999961,1.069,-1.2247,4
0.0,1.41416,-1.34159,-1.34159,1.2247,-0.999961,1.069,0.0,4
0.0,1.41416,-1.34159,-1.34159,1.2247,-0.999961,1.069,1.2247,0
0.0,1.41416,-1.34159,-1.34159,1.2247,0.999961,-1.33625,-1.2247,3
0.0,1.41416,-1.34159,-1.34159,1.2247,0.999961,-1.33625,0.0,4
0.0,1.41416,-1.34159,-1.34159,1.2247,0.999961,-1.33625,1.2247,0
0.0,1.41416,-1.34159,-1.34159,1.2247,0.999961,0.267251,-1.2247,3
0.0,1.41416,-1.34159,-1.34159,1.2247,0.999961,0.267251,0.0,4
0.0,1.41416,-1.34159,-1.34159,1.2247,0.999961,0.267251,1.2247,0
0.0,1.41416,-1.34159,-1.34159,1.2247,0.999961,1.069,-1.2247,4
0.0,1.41416,-1.34159,-1.34159,1.2247,0.999961,1.069,0.0,4
0.0,1.41416,-1.34159,-1.34159,1.2247,0.999961,1.069,1.2247,0
0.0,1.41416,-1.34159,-0.447196,-1.2247,-0.999961,-1.33625,-1.2247,3
0.0,1.41416,-1.34159,-0.447196,-1.2247,-0.999961,-1.33625,0.0,4
0.0,1.41416,-1.34159,-0.447196,-1.2247,-0.999961,-1.33625,1.2247,0
0.0,1.41416,-1.34159,-0.447196,-1.2247,-0.999961,0.267251,-1.2247,3
0.0,1.41416,-1.34159,-0.447196,-1.2247,-0.999961,0.267251,0.0,4
0.0,1.41416,-1.34159,-0.447196,-1.2247,-0.999961,0.267251,1.2247,0
0.0,1.41416,-1.34159,-0.447196,-1.2247,-0.999961,1.069,-1.2247,4
0.0,1.41416,-1.34159,-0.447196,-1.2247,-0.999961,1.069,0.0,4
0.0,1.41416,-1.34159,-0.447196,-1.2247,-0.999961,1.069,1.2247,0
0.0,1.41416,-1.34159,-0.447196,-1.2247,0.999961,-1.33625,-1.2247,3
0.0,1.41416,-1.34159,-0.447196,-1.2247,0.999961,-1.33625,0.0,4
0.0,1.41416,-1.34159,-0.447196,-1.2247,0.999961,-1.33625,1.2247,0
0.0,1.41416,-1.34159,-0.447196,-1.2247,0.999961,0.267251,-1.2247,3
0.0,1.41416,-1.34159,-0.447196,-1.2247,0.999961,0.267251,0.0,4
0.0,1.41416,-1.34159,-0.447196,-1.2247,0.999961,0.267251,1.2247,0
0.0,1.41416,-1.34159,-0.447196,-1.2247,0.999961,1.069,-1.2247,4
0.0,1.41416,-1.34159,-0.447196,-1.2247,0.999961,1.069,0.0,4
0.0,1.41416,-1.34159,-0.447196,-1.2247,0.999961,1.069,1.2247,0
0.0,1.41416,-1.34159,-0.447196,0.0,-0.999961,-1.33625,-1.2247,3
0.0,1.41416,-1.34159,-0.447196,0.0,-0.999961,-1.33625,0.0,4
0.0,1.41416,-1.34159,-0.447196,0.0,-0.999961,-1.33625,1.2247,0
0.0,1.41416,-1.34159,-0.447196,0.0,-0.999961,0.267251,-1.2247,3
0.0,1.41416,-1.34159,-0.447196,0.0,-0.999961,0.267251,0.0,4
0.0,1.41416,-1.34159,-0.447196,0.0,-0.999961,0.267251,1.2247,0
0.0,1.41416,-1.34159,-0.447196,0.0,-0.999961,1.069,-1.2247,4
0.0,1.41416,-1.34159,-0.447196,0.0,-0.999961,1.069,0.0,4
0.0,1.41416,-1.34159,-0.447196,0.0,-0.999961,1.069,1.2247,0
0.0,1.41416,-1.34159,-0.447196,0.0,0.999961,-1.33625,-1.2247,3
0.0,1.41416,-1.34159,-0.447196,0.0,0.999961,-1.33625,0.0,4
0.0,1.41416,-1.34159,-0.447196,0.0,0.999961,-1.33625,1.2247,0
0.0,1.41416,-1.34159,-0.447196,0.0,0.999961,0.267251,-1.2247,3
0.0,1.41416,-1.34159,-0.447196,0.0,0.999961,0.267251,0.0,4
0.0,1.41416,-1.34159,-0.447196,0.0,0.999961,0.267251,1.2247,0
0.0,1.41416,-1.34159,-0.447196,0.0,0.999961,1.069,-1.2247,4
0.0,1.41416,-1.34159,-0.447196,0.0,0.999961,1.069,0.0,4
0.0,1.41416,-1.34159,-0.447196,0.0,0.999961,1.069,1.2247,0
0.0,1.41416,-1.34159,-0.447196,1.2247,-0.999961,-1.33625,-1.2247,4
0.0,1.41416,-1.34159,-0.447196,1.2247,-0.999961,-1.33625,0.0,4
0.0,1.41416,-1.34159,-0.447196,1.2247,-0.999961,-1.33625,1.2247,0
0.0,1.41416,-1.34159,-0.447196,1.2247,-0.999961,0.267251,-1.2247,4
0.0,1.41416,-1.34159,-0.447196,1.2247,-0.999961,0.267251,0.0,4
0.0,1.41416,-1.34159,-0.447196,1.2247,-0.999961,0.267251,1.2247,0
0.0,1.41416,-1.34159,-0.447196,1.2247,-0.999961,1.069,-1.2247,4
0.0,1.41416,-1.34159,-0.447196,1.2247,-0.999961,1.069,0.0,4
0.0,1.41416,-1.34159,-0.447196,1.2247,-0.999961,1.069,1.2247,0
0.0,1.41416,-1.34159,-0.447196,1.2247,0.999961,-1.33625,-1.2247,4
0.0,1.41416,-1.34159,-0.447196,1.2247,0.999961,-1.33625,0.0,4
0.0,1.41416,-1.34159,-0.447196,1.2247,0.999961,-1.33625,1.2247,0
0.0,1.41416,-1.34159,-0.447196,1.2247,0.999961,0.267251,-1.2247,4
0.0,1.41416,-1.34159,-0.447196,1.2247,0.999961,0.267251,0.0,4
0.0,1.41416,-1.34159,-0.447196,1.2247,0.999961,0.267251,1.2247,0
0.0,1.41416,-1.34159,-0.447196,1.2247,0.999961,1.069,-1.2247,4
0.0,1.41416,-1.34159,-0.447196,1.2247,0.999961,1.069,0.0,4
0.0,1.41416,-1.34159,-0.447196,1.2247,0.999961,1.069,1.2247,0
0.0,1.41416,-1.34159,0.447196,-1.2247,-0.999961,-1.33625,-1.2247,3
0.0,1.41416,-1.34159,0.447196,-1.2247,-0.999961,-1.33625,0.0,4
0.0,1.41416,-1.34159,0.447196,-1.2247,-0.999961,-1.33625,1.2247,0
0.0,1.41416,-1.34159,0.447196,-1.2247,-0.999961,0.267251,-1.2247,3
0.0,1.41416,-1.34159,0.447196,-1.2247,-0.999961,0.267251,0.0,4
0.0,1.41416,-1.34159,0.447196,-1.2247,-0.999961,0.267251,1.2247,0
0.0,1.41416,-1.34159,0.447196,-1.2247,-0.999961,1.069,-1.2247,4
0.0,1.41416,-1.34159,0.447196,-1.2247,-0.999961,1.069,0.0,4
0.0,1.41416,-1.34159,0.447196,-1.2247,-0.999961,1.069,1.2247,0
0.0,1.41416,-1.34159,0.447196,-1.2247,0.999961,-1.33625,-1.2247,4
0.0,1.41416,-1.34159,0.447196,-1.2247,0.999961,-1.33625,0.0,4
0.0,1.41416,-1.34159,0.447196,-1.2247,0.999961,-1.33625,1.2247,0
0.0,1.41416,-1.34159,0.447196,-1.2247,0.999961,0.267251,-1.2247,4
0.0,1.41416,-1.34159,0.447196,-1.2247,0.999961,0.267251,0.0,4
0.0,1.41416,-1.34159,0.447196,-1.2247,0.999961,0.267251,1.2247,0
0.0,1.41416,-1.34159,0.447196,-1.2247,0.999961,1.069,-1.2247,4
0.0,1.41416,-1.34159,0.447196,-1.2247,0.999961,1.069,0.0,4
0.0,1.41416,-1.34159,0.447196,-1.2247,0.999961,1.069,1.2247,0
0.0,1.41416,-1.34159,0.447196,0.0,-0.999961,-1.33625,-1.2247,4
0.0,1.41416,-1.34159,0.447196,0.0,-0.999961,-1.33625,0.0,4
0.0,1.41416,-1.34159,0.447196,0.0,-0.999961,-1.33625,1.2247,0
0.0,1.41416,-1.34159,0.447196,0.0,-0.999961,0.267251,-1.2247,4
0.0,1.41416,-1.34159,0.447196,0.0,-0.999961,0.267251,0.0,4
0.0,1.41416,-1.34159,0.447196,0.0,-0.999961,0.267251,1.2247,0
0.0,1.41416,-1.34159,0.447196,0.0,-0.999961,1.069,-1.2247,4
0.0,1.41416,-1.34159,0.447196,0.0,-0.999961,1.069,0.0,4
0.0,1.41416,-1.34159,0.447196,0.0,-0.999961,1.069,1.2247,0
0.0,1.41416,-1.34159,0.447196,0.0,0.999961,-1.33625,-1.2247,4
0.0,1.41416,-1.34159,0.447196,0.0,0.999961,-1.33625,0.0,4
0.0,1.41416,-1.34159,0.447196,0.0,0.999961,-1.33625,1.2247,0
0.0,1.41416,-1.34159,0.447196,0.0,0.999961,0.267251,-1.2247,4
0.0,1.41416,-1.34159,0.447196,0.0,0.999961,0.267251,0.0,4
0.0,1.41416,-1.34159,0.447196,0.0,0.999961,0.267251,1.2247,0
0.0,1.41416,-1.34159,0.447196,0.0,0.999961,1.069,-1.2247,4
0.0,1.41416,-1.34159,0.447196,0.0,0.999961,1.069,0.0,4
0.0,1.41416,-1.34159,0.447196,0.0,0.999961,1.069,1.2247,0
0.0,1.41416,-1.34159,0.447196,1.2247,-0.999961,-1.33625,-1.2247,4
0.0,1.41416,-1.34159,0.447196,1.2247,-0.999961,-1.33625,0.0,4
0.0,1.41416,-1.34159,0.447196,1.2247,-0.999961,-1.33625,1.2247,0
0.0,1.41416,-1.34159,0.447196,1.2247,-0.999961,0.267251,-1.2247,4
0.0,1.41416,-1.34159,0.447196,1.2247,-0.999961,0.267251,0.0,4
0.0,1.41416,-1.34159,0.447196,1.2247,-0.999961,0.267251,1.2247,0
0.0,1.41416,-1.34159,0.447196,1.2247,-0.999961,1.069,-1.2247,4
0.0,1.41416,-1.34159,0.447196,1.2247,-0.999961,1.069,0.0,4
0.0,1.41416,-1.34159,0.447196,1.2247,-0.999961,1.069,1.2247,0
0.0,1.41416,-1.34159,0.447196,1.2247,0.999961,-1.33625,-1.2247,4
0.0,1.41416,-1.34159,0.447196,1.2247,0.999961,-1.33625,0.0,4
0.0,1.41416,-1.34159,0.447196,1.2247,0.999961,-1.33625,1.2247,0
0.0,1.41416,-1.34159,0.447196,1.2247,0.999961,0.267251,-1.2247,4
0.0,1.41416,-1.34159,0.447196,1.2247,0.999961,0.267251,0.0,4
0.0,1.41416,-1.34159,0.447196,1.2247,0.999961,0.267251,1.2247,0
0.0,1.41416,-1.34159,0.447196,1.2247,0.999961,1.069,-1.2247,4
0.0,1.41416,-1.34159,0.447196,1.2247,0.999961,1.069,0.0,4
0.0,1.41416,-1.34159,0.447196,1.2247,0.999961,1.069,1.2247,0
0.0,1.41416,-1.34159,1.34159,-1.2247,-0.999961,-1.33625,-1.2247,3
0.0,1.41416,-1.34159,1.34159,-1.2247,-0.999961,-1.33625,0.0,4
0.0,1.41416,-1.34159,1.34159,-1.2247,-0.999961,-1.33625,1.2247,0
0.0,1.41416,-1.34159,1.34159,-1.2247,-0.999961,0.267251,-1.2247,3
0.0,1.41416,-1.34159,1.34159,-1.2247,-0.999961,0.267251,0.0,4
0.0,1.41416,-1.34159,1.34159,-1.2247,-0.999961,0.267251,1.2247,0
0.0,1.41416,-1.34159,1.34159,-1.2247,-0.999961,1.069,-1.2247,4
0.0,1.41416,-1.34159,1.34159,-1.2247,-0.999961,1.069,0.0,4
0.0,1.41416,-1.34159,1.34159,-1.2247,-0.999961,1.069,1.2247,0
0.0,1.41416,-1.34159,1.34159,-1.2247,0.999961,-1.33625,-1.2247,4
0.0,1.41416,-1.34159,1.34159,-1.2247,0.999961,-1.33625,0.0,4
0.0,1.41416,-1.34159,1.34159,-1.2247,0.999961,-1.33625,1.2247,0
0.0,1.41416,-1.34159,1.34159,-1.2247,0.999961,0.267251,-1.2247,4
0.0,1.41416,-1.34159,1.34159,-1.2247,0.999961,0.267251,0.0,4
0.0,1.41416,-1.34159,1.34159,-1.2247,0.999961,0.267251,1.2247,0
0.0,1.41416,-1.34159,1.34159,-1.2247,0.999961,1.069,-1.2247,4
0.0,1.41416,-1.34159,1.34159,-1.2247,0.999961,1.069,0.0,4
0.0,1.41416,-1.34159,1.34159,-1.2247,0.999961,1.069,1.2247,0
0.0,1.41416,-1.34159,1.34159,0.0,-0.999961,-1.33625,-1.2247,4
0.0,1.41416,-1.34159,1.34159,0.0,-0.999961,-1.33625,0.0,4
0.0,1.41416,-1.34159,1.34159,0.0,-0.999961,-1.33625,1.2247,0
0.0,1.41416,-1.34159,1.34159,0.0,-0.999961,0.267251,-1.2247,4
0.0,1.41416,-1.34159,1.34159,0.0,-0.999961,0.267251,0.0,4
0.0,1.41416,-1.34159,1.34159,0.0,-0.999961,0.267251,1.2247,0
0.0,1.41416,-1.34159,1.34159,0.0,-0.999961,1.069,-1.2247,4
0.0,1.41416,-1.34159,1.34159,0.0,-0.999961,1.069,0.0,4
0.0,1.41416,-1.34159,1.34159,0.0,-0.999961,1.069,1.2247,0
0.0,1.41416,-1.34159,1.34159,0.0,0.999961,-1.33625,-1.2247,4
0.0,1.41416,-1.34159,1.34159,0.0,0.999961,-1.33625,0.0,4
0.0,1.41416,-1.34159,1.34159,0.0,0.999961,-1.33625,1.2247,0
0.0,1.41416,-1.34159,1.34159,0.0,0.999961,0.267251,-1.2247,4
0.0,1.41416,-1.34159,1.34159,0.0,0.999961,0.267251,0.0,4
0.0,1.41416,-1.34159,1.34159,0.0,0.999961,0.267251,1.2247,0
0.0,1.41416,-1.34159,1.34159,0.0,0.999961,1.069,-1.2247,4
0.0,1.41416,-1.34159,1.34159,0.0,0.999961,1.069,0.0,4
0.0,1.41416,-1.34159,1.34159,0.0,0.999961,1.069,1.2247,0
0.0,1.41416,-1.34159,1.34159,1.2247,-0.999961,-1.33625,-1.2247,4
0.0,1.41416,-1.34159,1.34159,1.2247,-0.999961,-1.33625,0.0,4
0.0,1.41416,-1.34159,1.34159,1.2247,-0.999961,-1.33625,1.2247,0
0.0,1.41416,-1.34159,1.34159,1.2247,-0.999961,0.267251,-1.2247,4
0.0,1.41416,-1.34159,1.34159,1.2247,-0.999961,0.267251,0.0,4
0.0,1.41416,-1.34159,1.34159,1.2247,-0.999961,0.267251,1.2247,0
0.0,1.41416,-1.34159,1.34159,1.2247,-0.999961,1.069,-1.2247,4
0.0,1.41416,-1.34159,1.34159,1.2247,-0.999961,1.069,0.0,4
0.0,1.41416,-1.34159,1.34159,1.2247,-0.999961,1.069,1.2247,0
0.0,1.41416,-1.34159,1.34159,1.2247,0.999961,-1.33625,-1.2247,4
0.0,1.41416,-1.34159,1.34159,1.2247,0.999961,-1.33625,0.0,4
0.0,1.41416,-1.34159,1.34159,1.2247,0.999961,-1.33625,1.2247,0
0.0,1.41416,-1.34159,1.34159,1.2247,0.999961,0.267251,-1.2247,4
0.0,1.41416,-1.34159,1.34159,1.2247,0.999961,0.267251,0.0,4
0.0,1.41416,-1.34159,1.34159,1.2247,0.999961,0.267251,1.2247,0
0.0,1.41416,-1.34159,1.34159,1.2247,0.999961,1.069,-1.2247,4
0.0,1.41416,-1.34159,1.34159,1.2247,0.999961,1.069,0.0,4
0.0,1.41416,-1.34159,1.34159,1.2247,0.999961,1.069,1.2247,0
0.0,1.41416,-0.447196,-1.34159,-1.2247,-0.999961,-1.33625,-1.2247,3
0.0,1.41416,-0.447196,-1.34159,-1.2247,-0.999961,-1.33625,0.0,4
0.0,1.41416,-0.447196,-1.34159,-1.2247,-0.999961,-1.33625,1.2247,0
0.0,1.41416,-0.447196,-1.34159,-1.2247,-0.999961,0.267251,-1.2247,3
0.0,1.41416,-0.447196,-1.34159,-1.2247,-0.999961,0.267251,0.0,4
0.0,1.41416,-0.447196,-1.34159,-1.2247,-0.999961,0.267251,1.2247,0
0.0,1.41416,-0.447196,-1.34159,-1.2247,-0.999961,1.069,-1.2247,4
0.0,1.41416,-0.447196,-1.34159,-1.2247,-0.999961,1.069,0.0,4
0.0,1.41416,-0.447196,-1.34159,-1.2247,-0.999961,1.069,1.2247,0
0.0,1.41416,-0.447196,-1.34159,-1.2247,0.999961,-1.33625,-1.2247,3
0.0,1.41416,-0.447196,-1.34159,-1.2247,0.999961,-1.33625,0.0,4
0.0,1.41416,-0.447196,-1.34159,-1.2247,0.999961,-1.33625,1.2247,0
0.0,1.41416,-0.447196,-1.34159,-1.2247,0.999961,0.267251,-1.2247,3
0.0,1.41416,-0.447196,-1.34159,-1.2247,0.999961,0.267251,0.0,4
0.0,1.41416,-0.447196,-1.34159,-1.2247,0.999961,0.267251,1.2247,0
0.0,1.41416,-0.447196,-1.34159,-1.2247,0.999961,1.069,-1.2247,4
0.0,1.41416,-0.447196,-1.34159,-1.2247,0.999961,1.069,0.0,4
0.0,1.41416,-0.447196,-1.34159,-1.2247,0.999961,1.069,1.2247,0
0.0,1.41416,-0.447196,-1.34159,0.0,-0.999961,-1.33625,-1.2247,3
0.0,1.41416,-0.447196,-1.34159,0.0,-0.999961,-1.33625,0.0,4
0.0,1.41416,-0.447196,-1.34159,0.0,-0.999961,-1.33625,1.2247,0
0.0,1.41416,-0.447196,-1.34159,0.0,-0.999961,0.267251,-1.2247,3
0.0,1.41416,-0.447196,-1.34159,0.0,-0.999961,0.267251,0.0,4
0.0,1.41416,-0.447196,-1.34159,0.0,-0.999961,0.267251,1.2247,0
0.0,1.41416,-0.447196,-1.34159,0.0,-0.999961,1.069,-1.2247,4
0.0,1.41416,-0.447196,-1.34159,0.0,-0.999961,1.069,0.0,4
0.0,1.41416,-0.447196,-1.34159,0.0,-0.999961,1.069,1.2247,0
0.0,1.41416,-0.447196,-1.34159,0.0,0.999961,-1.33625,-1.2247,3
0.0,1.41416,-0.447196,-1.34159,0.0,0.999961,-1.33625,0.0,4
0.0,1.41416,-0.447196,-1.34159,0.0,0.999961,-1.33625,1.2247,0
0.0,1.41416,-0.447196,-1.34159,0.0,0.999961,0.267251,-1.2247,3
0.0,1.41416,-0.447196,-1.34159,0.0,0.999961,0.267251,0.0,4
0.0,1.41416,-0.447196,-1.34159,0.0,0.999961,0.267251,1.2247,0
0.0,1.41416,-0.447196,-1.34159,0.0,0.999961,1.069,-1.2247,4
0.0,1.41416,-0.447196,-1.34159,0.0,0.999961,1.069,0.0,4
0.0,1.41416,-0.447196,-1.34159,0.0,0.999961,1.069,1.2247,0
0.0,1.41416,-0.447196,-1.34159,1.2247,-0.999961,-1.33625,-1.2247,4
0.0,1.41416,-0.447196,-1.34159,1.2247,-0.999961,-1.33625,0.0,4
0.0,1.41416,-0.447196,-1.34159,1.2247,-0.999961,-1.33625,1.2247,0
0.0,1.41416,-0.447196,-1.34159,1.2247,-0.999961,0.267251,-1.2247,4
0.0,1.41416,-0.447196,-1.34159,1.2247,-0.999961,0.267251,0.0,4
0.0,1.41416,-0.447196,-1.34159,1.2247,-0.999961,0.267251,1.2247,0
0.0,1.41416,-0.447196,-1.34159,1.2247,-0.999961,1.069,-1.2247,4
0.0,1.41416,-0.447196,-1.34159,1.2247,-0.999961,1.069,0.0,4
0.0,1.41416,-0.447196,-1.34159,1.2247,-0.999961,1.069,1.2247,0
0.0,1.41416,-0.447196,-1.34159,1.2247,0.999961,-1.33625,-1.2247,4
0.0,1.41416,-0.447196,-1.34159,1.2247,0.999961,-1.33625,0.0,4
0.0,1.41416,-0.447196,-1.34159,1.2247,0.999961,-1.33625,1.2247,0
0.0,1.41416,-0.447196,-1.34159,1.2247,0.999961,0.267251,-1.2247,4
0.0,1.41416,-0.447196,-1.34159,1.2247,0.999961,0.267251,0.0,4
0.0,1.41416,-0.447196,-1.34159,1.2247,0.999961,0.267251,1.2247,0
0.0,1.41416,-0.447196,-1.34159,1.2247,0.999961,1.069,-1.2247,4
0.0,1.41416,-0.447196,-1.34159,1.2247,0.999961,1.069,0.0,4
0.0,1.41416,-0.447196,-1.34159,1.2247,0.999961,1.069,1.2247,0
0.0,1.41416,-0.447196,-0.447196,-1.2247,-0.999961,-1.33625,-1.2247,3
0.0,1.41416,-0.447196,-0.447196,-1.2247,-0.999961,-1.33625,0.0,4
0.0,1.41416,-0.447196,-0.447196,-1.2247,-0.999961,-1.33625,1.2247,0
0.0,1.41416,-0.447196,-0.447196,-1.2247,-0.999961,0.267251,-1.2247,3
0.0,1.41416,-0.447196,-0.447196,-1.2247,-0.999961,0.267251,0.0,4
0.0,1.41416,-0.447196,-0.447196,-1.2247,-0.999961,0.267251,1.2247,0
0.0,1.41416,-0.447196,-0.447196,-1.2247,-0.999961,1.069,-1.2247,4
0.0,1.41416,-0.447196,-0.447196,-1.2247,-0.999961,1.069,0.0,4
0.0,1.41416,-0.447196,-0.447196,-1.2247,-0.999961,1.069,1.2247,0
0.0,1.41416,-0.447196,-0.447196,-1.2247,0.999961,-1.33625,-1.2247,3
0.0,1.41416,-0.447196,-0.447196,-1.2247,0.999961,-1.33625,0.0,4
0.0,1.41416,-0.447196,-0.447196,-1.2247,0.999961,-1.33625,1.2247,0
0.0,1.41416,-0.447196,-0.447196,-1.2247,0.999961,0.267251,-1.2247,3
0.0,1.41416,-0.447196,-0.447196,-1.2247,0.999961,0.267251,0.0,4
0.0,1.41416,-0.447196,-0.447196,-1.2247,0.999961,0.267251,1.2247,0
0.0,1.41416,-0.447196,-0.447196,-1.2247,0.999961,1.069,-1.2247,4
0.0,1.41416,-0.447196,-0.447196,-1.2247,0.999961,1.069,0.0,4
0.0,1.41416,-0.447196,-0.447196,-1.2247,0.999961,1.069,1.2247,0
0.0,1.41416,-0.447196,-0.447196,0.0,-0.999961,-1.33625,-1.2247,3
0.0,1.41416,-0.447196,-0.447196,0.0,-0.999961,-1.33625,0.0,4
0.0,1.41416,-0.447196,-0.447196,0.0,-0.999961,-1.33625,1.2247,0
0.0,1.41416,-0.447196,-0.447196,0.0,-0.999961,0.267251,-1.2247,3
0.0,1.41416,-0.447196,-0.447196,0.0,-0.999961,0.267251,0.0,4
0.0,1.41416,-0.447196,-0.447196,0.0,-0.999961,0.267251,1.2247,0
0.0,1.41416,-0.447196,-0.447196,0.0,-0.999961,1.069,-1.2247,4
0.0,1.41416,-0.447196,-0.447196,0.0,-0.999961,1.069,0.0,4
0.0,1.41416,-0.447196,-0.447196,0.0,-0.999961,1.069,1.2247,0
0.0,1.41416,-0.447196,-0.447196,0.0,0.999961,-1.33625,-1.2247,3
0.0,1.41416,-0.447196,-0.447196,0.0,0.999961,-1.33625,0.0,4
0.0,1.41416,-0.447196,-0.447196,0.0,0.999961,-1.33625,1.2247,0
0.0,1.41416,-0.447196,-0.447196,0.0,0.999961,0.267251,-1.2247,3
0.0,1.41416,-0.447196,-0.447196,0.0,0.999961,0.267251,0.0,4
0.0,1.41416,-0.447196,-0.447196,0.0,0.999961,0.267251,1.2247,0
0.0,1.41416,-0.447196,-0.447196,0.0,0.999961,1.069,-1.2247,4
0.0,1.41416,-0.447196,-0.447196,0.0,0.999961,1.069,0.0,4
0.0,1.41416,-0.447196,-0.447196,0.0,0.999961,1.069,1.2247,0
0.0,1.41416,-0.447196,-0.447196,1.2247,-0.999961,-1.33625,-1.2247,4
0.0,1.41416,-0.447196,-0.447196,1.2247,-0.999961,-1.33625,0.0,4
0.0,1.41416,-0.447196,-0.447196,1.2247,-0.999961,-1.33625,1.2247,0
0.0,1.41416,-0.447196,-0.447196,1.2247,-0.999961,0.267251,-1.2247,4
0.0,1.41416,-0.447196,-0.447196,1.2247,-0.999961,0.267251,0.0,4
0.0,1.41416,-0.447196,-0.447196,1.2247,-0.999961,0.267251,1.2247,0
0.0,1.41416,-0.447196,-0.447196,1.2247,-0.999961,1.069,-1.2247,4
0.0,1.41416,-0.447196,-0.447196,1.2247,-0.999961,1.069,0.0,4
0.0,1.41416,-0.447196,-0.447196,1.2247,-0.999961,1.069,1.2247,0
0.0,1.41416,-0.447196,-0.447196,1.2247,0.999961,-1.33625,-1.2247,4
0.0,1.41416,-0.447196,-0.447196,1.2247,0.999961,-1.33625,0.0,4
0.0,1.41416,-0.447196,-0.447196,1.2247,0.999961,-1.33625,1.2247,0
0.0,1.41416,-0.447196,-0.447196,1.2247,0.999961,0.267251,-1.2247,4
0.0,1.41416,-0.447196,-0.447196,1.2247,0.999961,0.267251,0.0,4
0.0,1.41416,-0.447196,-0.447196,1.2247,0.999961,0.267251,1.2247,0
0.0,1.41416,-0.447196,-0.447196,1.2247,0.999961,1.069,-1.2247,4
0.0,1.41416,-0.447196,-0.447196,1.2247,0.999961,1.069,0.0,4
0.0,1.41416,-0.447196,-0.447196,1.2247,0.999961,1.069,1.2247,0
0.0,1.41416,-0.447196,0.447196,-1.2247,-0.999961,-1.33625,-1.2247,3
0.0,1.41416,-0.447196,0.447196,-1.2247,-0.999961,-1.33625,0.0,4
0.0,1.41416,-0.447196,0.447196,-1.2247,-0.999961,-1.33625,1.2247,0
0.0,1.41416,-0.447196,0.447196,-1.2247,-0.999961,0.267251,-1.2247,3
0.0,1.41416,-0.447196,0.447196,-1.2247,-0.999961,0.267251,0.0,4
0.0,1.41416,-0.447196,0.447196,-1.2247,-0.999961,0.267251,1.2247,0
0.0,1.41416,-0.447196,0.447196,-1.2247,-0.999961,1.069,-1.2247,4
0.0,1.41416,-0.447196,0.447196,-1.2247,-0.999961,1.069,0.0,4
0.0,1.41416,-0.447196,0.447196,-1.2247,-0.999961,1.069,1.2247,0
0.0,1.41416,-0.447196,0.447196,-1.2247,0.999961,-1.33625,-1.2247,4
0.0,1.41416,-0.447196,0.447196,-1.2247,0.999961,-1.33625,0.0,4
0.0,1.41416,-0.447196,0.447196,-1.2247,0.999961,-1.33625,1.2247,0
0.0,1.41416,-0.447196,0.447196,-1.2247,0.999961,0.267251,-1.2247,4
0.0,1.41416,-0.447196,0.447196,-1.2247,0.999961,0.267251,0.0,4
0.0,1.41416,-0.447196,0.447196,-1.2247,0.999961,0.267251,1.2247,0
0.0,1.41416,-0.447196,0.447196,-1.2247,0.999961,1.069,-1.2247,4
0.0,1.41416,-0.447196,0.447196,-1.2247,0.999961,1.069,0.0,4
0.0,1.41416,-0.447196,0.447196,-1.2247,0.999961,1.069,1.2247,0
0.0,1.41416,-0.447196,0.447196,0.0,-0.999961,-1.33625,-1.2247,4
0.0,1.41416,-0.447196,0.447196,0.0,-0.999961,-1.33625,0.0,4
0.0,1.41416,-0.447196,0.447196,0.0,-0.999961,-1.33625,1.2247,0
0.0,1.41416,-0.447196,0.447196,0.0,-0.999961,0.267251,-1.2247,4
0.0,1.41416,-0.447196,0.447196,0.0,-0.999961,0.267251,0.0,4
0.0,1.41416,-0.447196,0.447196,0.0,-0.999961,0.267251,1.2247,0
0.0,1.41416,-0.447196,0.447196,0.0,-0.999961,1.069,-1.2247,4
0.0,1.41416,-0.447196,0.447196,0.0,-0.999961,1.069,0.0,4
0.0,1.41416,-0.447196,0.447196,0.0,-0.999961,1.069,1.2247,0
0.0,1.41416,-0.447196,0.447196,0.0,0.999961,-1.33625,-1.2247,4
0.0,1.41416,-0.447196,0.447196,0.0,0.999961,-1.33625,0.0,4
0.0,1.41416,-0.447196,0.447196,0.0,0.999961,-1.33625,1.2247,0
0.0,1.41416,-0.447196,0.447196,0.0,0.999961,0.267251,-1.2247,4
0.0,1.41416,-0.447196,0.447196,0.0,0.999961,0.267251,0.0,4
0.0,1.41416,-0.447196,0.447196,0.0,0.999961,0.267251,1.2247,0
0.0,1.41416,-0.447196,0.447196,0.0,0.999961,1.069,-1.2247,4
0.0,1.41416,-0.447196,0.447196,0.0,0.999961,1.069,0.0,4
0.0,1.41416,-0.447196,0.447196,0.0,0.999961,1.069,1.2247,0
0.0,1.41416,-0.447196,0.447196,1.2247,-0.999961,-1.33625,-1.2247,4
0.0,1.41416,-0.447196,0.447196,1.2247,-0.999961,-1.33625,0.0,4
0.0,1.41416,-0.447196,0.447196,1.2247,-0.999961,-1.33625,1.2247,0
0.0,1.41416,-0.447196,0.447196,1.2247,-0.999961,0.267251,-1.2247,4
0.0,1.41416,-0.447196,0.447196,1.2247,-0.999961,0.267251,0.0,4
0.0,1.41416,-0.447196,0.447196,1.2247,-0.999961,0.267251,1.2247,0
0.0,1.41416,-0.447196,0.447196,1.2247,-0.999961,1.069,-1.2247,4
0.0,1.41416,-0.447196,0.447196,1.2247,-0.999961,1.069,0.0,4
0.0,1.41416,-0.447196,0.447196,1.2247,-0.999961,1.069,1.2247,0
0.0,1.41416,-0.447196,0.447196,1.2247,0.999961,-1.33625,-1.2247,4
0.0,1.41416,-0.447196,0.447196,1.2247,0.999961,-1.33625,0.0,4
0.0,1.41416,-0.447196,0.447196,1.2247,0.999961,-1.33625,1.2247,0
0.0,1.41416,-0.447196,0.447196,1.2247,0.999961,0.267251,-1.2247,4
0.0,1.41416,-0.447196,0.447196,1.2247,0.999961,0.267251,0.0,4
0.0,1.41416,-0.447196,0.447196,1.2247,0.999961,0.267251,1.2247,0
0.0,1.41416,-0.447196,0.447196,1.2247,0.999961,1.069,-1.2247,4
0.0,1.41416,-0.447196,0.447196,1.2247,0.999961,1.069,0.0,4
0.0,1.41416,-0.447196,0.447196,1.2247,0.999961,1.069,1.2247,0
0.0,1.41416,-0.447196,1.34159,-1.2247,-0.999961,-1.33625,-1.2247,3
0.0,1.41416,-0.447196,1.34159,-1.2247,-0.999961,-1.33625,0.0,4
0.0,1.41416,-0.447196,1.34159,-1.2247,-0.999961,-1.33625,1.2247,0
0.0,1.41416,-0.447196,1.34159,-1.2247,-0.999961,0.267251,-1.2247,3
0.0,1.41416,-0.447196,1.34159,-1.2247,-0.999961,0.267251,0.0,4
0.0,1.41416,-0.447196,1.34159,-1.2247,-0.999961,0.267251,1.2247,0
0.0,1.41416,-0.447196,1.34159,-1.2247,-0.999961,1.069,-1.2247,4
0.0,1.41416,-0.447196,1.34159,-1.2247,-0.999961,1.069,0.0,4
0.0,1.41416,-0.447196,1.34159,-1.2247,-0.999961,1.069,1.2247,0
0.0,1.41416,-0.447196,1.34159,-1.2247,0.999961,-1.33625,-1.2247,4
0.0,1.41416,-0.447196,1.34159,-1.2247,0.999961,-1.33625,0.0,4
0.0,1.41416,-0.447196,1.34159,-1.2247,0.999961,-1.33625,1.2247,0
0.0,1.41416,-0.447196,1.34159,-1.2247,0.999961,0.267251,-1.2247,4
0.0,1.41416,-0.447196,1.34159,-1.2247,0.999961,0.267251,0.0,4
0.0,1.41416,-0.447196,1.34159,-1.2247,0.999961,0.267251,1.2247,0
0.0,1.41416,-0.447196,1.34159,-1.2247,0.999961,1.069,-1.2247,4
0.0,1.41416,-0.447196,1.34159,-1.2247,0.999961,1.069,0.0,4
0.0,1.41416,-0.447196,1.34159,-1.2247,0.999961,1.069,1.2247,0
0.0,1.41416,-0.447196,1.34159,0.0,-0.999961,-1.33625,-1.2247,4
0.0,1.41416,-0.447196,1.34159,0.0,-0.999961,-1.33625,0.0,4
0.0,1.41416,-0.447196,1.34159,0.0,-0.999961,-1.33625,1.2247,0
0.0,1.41416,-0.447196,1.34159,0.0,-0.999961,0.267251,-1.2247,4
0.0,1.41416,-0.447196,1.34159,0.0,-0.999961,0.267251,0.0,4
0.0,1.41416,-0.447196,1.34159,0.0,-0.999961,0.267251,1.2247,0
0.0,1.41416,-0.447196,1.34159,0.0,-0.999961,1.069,-1.2247,4
0.0,1.41416,-0.447196,1.34159,0.0,-0.999961,1.069,0.0,4
0.0,1.41416,-0.447196,1.34159,0.0,-0.999961,1.069,1.2247,0
0.0,1.41416,-0.447196,1.34159,0.0,0.999961,-1.33625,-1.2247,4
0.0,1.41416,-0.447196,1.34159,0.0,0.999961,-1.33625,0.0,4
0.0,1.41416,-0.447196,1.34159,0.0,0.999961,-1.33625,1.2247,0
0.0,1.41416,-0.447196,1.34159,0.0,0.999961,0.267251,-1.2247,4
0.0,1.41416,-0.447196,1.34159,0.0,0.999961,0.267251,0.0,4
0.0,1.41416,-0.447196,1.34159,0.0,0.999961,0.267251,1.2247,0
0.0,1.41416,-0.447196,1.34159,0.0,0.999961,1.069,-1.2247,4
0.0,1.41416,-0.447196,1.34159,0.0,0.999961,1.069,0.0,4
0.0,1.41416,-0.447196,1.34159,0.0,0.999961,1.069,1.2247,0
0.0,1.41416,-0.447196,1.34159,1.2247,-0.999961,-1.33625,-1.2247,4
0.0,1.41416,-0.447196,1.34159,1.2247,-0.999961,-1.33625,0.0,4
0.0,1.41416,-0.447196,1.34159,1.2247,-0.999961,-1.33625,1.2247,0
0.0,1.41416,-0.447196,1.34159,1.2247,-0.999961,0.267251,-1.2247,4
0.0,1.41416,-0.447196,1.34159,1.2247,-0.999961,0.267251,0.0,4
0.0,1.41416,-0.447196,1.34159,1.2247,-0.999961,0.267251,1.2247,0
0.0,1.41416,-0.447196,1.34159,1.2247,-0.999961,1.069,-1.2247,4
0.0,1.41416,-0.447196,1.34159,1.2247,-0.999961,1.069,0.0,4
0.0,1.41416,-0.447196,1.34159,1.2247,-0.999961,1.069,1.2247,0
0.0,1.41416,-0.447196,1.34159,1.2247,0.999961,-1.33625,-1.2247,4
0.0,1.41416,-0.447196,1.34159,1.2247,0.999961,-1.33625,0.0,4
0.0,1.41416,-0.447196,1.34159,1.2247,0.999961,-1.33625,1.2247,0
0.0,1.41416,-0.447196,1.34159,1.2247,0.999961,0.267251,-1.2247,4
0.0,1.41416,-0.447196,1.34159,1.2247,0.999961,0.267251,0.0,4
0.0,1.41416,-0.447196,1.34159,1.2247,0.999961,0.267251,1.2247,0
0.0,1.41416,-0.447196,1.34159,1.2247,0.999961,1.069,-1.2247,4
0.0,1.41416,-0.447196,1.34159,1.2247,0.999961,1.069,0.0,4
0.0,1.41416,-0.447196,1.34159,1.2247,0.999961,1.069,1.2247,0
0.0,1.41416,0.447196,-1.34159,-1.2247,-0.999961,-1.33625,-1.2247,3
0.0,1.41416,0.447196,-1.34159,-1.2247,-0.999961,-1.33625,0.0,4
0.0,1.41416,0.447196,-1.34159,-1.2247,-0.999961,-1.33625,1.2247,0
0.0,1.41416,0.447196,-1.34159,-1.2247,-0.999961,0.267251,-1.2247,3
0.0,1.41416,0.447196,-1.34159,-1.2247,-0.999961,0.267251,0.0,4
0.0,1.41416,0.447196,-1.34159,-1.2247,-0.999961,0.267251,1.2247,0
0.0,1.41416,0.447196,-1.34159,-1.2247,-0.999961,1.069,-1.2247,4
0.0,1.41416,0.447196,-1.34159,-1.2247,-0.999961,1.069,0.0,4
0.0,1.41416,0.447196,-1.34159,-1.2247,-0.999961,1.069,1.2247,0
0.0,1.41416,0.447196,-1.34159,-1.2247,0.999961,-1.33625,-1.2247,3
0.0,1.41416,0.447196,-1.34159,-1.2247,0.999961,-1.33625,0.0,4
0.0,1.41416,0.447196,-1.34159,-1.2247,0.999961,-1.33625,1.2247,0
0.0,1.41416,0.447196,-1.34159,-1.2247,0.999961,0.267251,-1.2247,3
0.0,1.41416,0.447196,-1.34159,-1.2247,0.999961,0.267251,0.0,4
0.0,1.41416,0.447196,-1.34159,-1.2247,0.999961,0.267251,1.2247,0
0.0,1.41416,0.447196,-1.34159,-1.2247,0.999961,1.069,-1.2247,4
0.0,1.41416,0.447196,-1.34159,-1.2247,0.999961,1.069,0.0,4
0.0,1.41416,0.447196,-1.34159,-1.2247,0.999961,1.069,1.2247,0
0.0,1.41416,0.447196,-1.34159,0.0,-0.999961,-1.33625,-1.2247,3
0.0,1.41416,0.447196,-1.34159,0.0,-0.999961,-1.33625,0.0,4
0.0,1.41416,0.447196,-1.34159,0.0,-0.999961,-1.33625,1.2247,0
0.0,1.41416,0.447196,-1.34159,0.0,-0.999961,0.267251,-1.2247,3
0.0,1.41416,0.447196,-1.34159,0.0,-0.999961,0.267251,0.0,4
0.0,1.41416,0.447196,-1.34159,0.0,-0.999961,0.267251,1.2247,0
0.0,1.41416,0.447196,-1.34159,0.0,-0.999961,1.069,-1.2247,4
0.0,1.41416,0.447196,-1.34159,0.0,-0.999961,1.069,0.0,4
0.0,1.41416,0.447196,-1.34159,0.0,-0.999961,1.069,1.2247,0
0.0,1.41416,0.447196,-1.34159,0.0,0.999961,-1.33625,-1.2247,3
0.0,1.41416,0.447196,-1.34159,0.0,0.999961,-1.33625,0.0,4
0.0,1.41416,0.447196,-1.34159,0.0,0.999961,-1.33625,1.2247,0
0.0,1.41416,0.447196,-1.34159,0.0,0.999961,0.267251,-1.2247,3
0.0,1.41416,0.447196,-1.34159,0.0,0.999961,0.267251,0.0,4
0.0,1.41416,0.447196,-1.34159,0.0,0.999961,0.267251,1.2247,0
0.0,1.41416,0.447196,-1.34159,0.0,0.999961,1.069,-1.2247,4
0.0,1.41416,0.447196,-1.34159,0.0,0.999961,1.069,0.0,4
0.0,1.41416,0.447196,-1.34159,0.0,0.999961,1.069,1.2247,0
0.0,1.41416,0.447196,-1.34159,1.2247,-0.999961,-1.33625,-1.2247,4
0.0,1.41416,0.447196,-1.34159,1.2247,-0.999961,-1.33625,0.0,4
0.0,1.41416,0.447196,-1.34159,1.2247,-0.999961,-1.33625,1.2247,0
0.0,1.41416,0.447196,-1.34159,1.2247,-0.999961,0.267251,-1.2247,4
0.0,1.41416,0.447196,-1.34159,1.2247,-0.999961,0.267251,0.0,4
0.0,1.41416,0.447196,-1.34159,1.2247,-0.999961,0.267251,1.2247,0
0.0,1.41416,0.447196,-1.34159,1.2247,-0.999961,1.069,-1.2247,4
0.0,1.41416,0.447196,-1.34159,1.2247,-0.999961,1.069,0.0,4
0.0,1.41416,0.447196,-1.34159,1.2247,-0.999961,1.069,1.2247,0
0.0,1.41416,0.447196,-1.34159,1.2247,0.999961,-1.33625,-1.2247,4
0.0,1.41416,0.447196,-1.34159,1.2247,0.999961,-1.33625,0.0,4
0.0,1.41416,0.447196,-1.34159,1.2247,0.999961,-1.33625,1.2247,0
0.0,1.41416,0.447196,-1.34159,1.2247,0.999961,0.267251,-1.2247,4
0.0,1.41416,0.447196,-1.34159,1.2247,0.999961,0.267251,0.0,4
0.0,1.41416,0.447196,-1.34159,1.2247,0.999961,0.267251,1.2247,0
0.0,1.41416,0.447196,-1.34159,1.2247,0.999961,1.069,-1.2247,4
0.0,1.41416,0.447196,-1.34159,1.2247,0.999961,1.069,0.0,4
0.0,1.41416,0.447196,-1.34159,1.2247,0.999961,1.069,1.2247,0
0.0,1.41416,0.447196,-0.447196,-1.2247,-0.999961,-1.33625,-1.2247,3
0.0,1.41416,0.447196,-0.447196,-1.2247,-0.999961,-1.33625,0.0,4
0.0,1.41416,0.447196,-0.447196,-1.2247,-0.999961,-1.33625,1.2247,0
0.0,1.41416,0.447196,-0.447196,-1.2247,-0.999961,0.267251,-1.2247,3
0.0,1.41416,0.447196,-0.447196,-1.2247,-0.999961,0.267251,0.0,4
0.0,1.41416,0.447196,-0.447196,-1.2247,-0.999961,0.267251,1.2247,0
0.0,1.41416,0.447196,-0.447196,-1.2247,-0.999961,1.069,-1.2247,4
0.0,1.41416,0.447196,-0.447196,-1.2247,-0.999961,1.069,0.0,4
0.0,1.41416,0.447196,-0.447196,-1.2247,-0.999961,1.069,1.2247,0
0.0,1.41416,0.447196,-0.447196,-1.2247,0.999961,-1.33625,-1.2247,4
0.0,1.41416,0.447196,-0.447196,-1.2247,0.999961,-1.33625,0.0,4
0.0,1.41416,0.447196,-0.447196,-1.2247,0.999961,-1.33625,1.2247,0
0.0,1.41416,0.447196,-0.447196,-1.2247,0.999961,0.267251,-1.2247,4
0.0,1.41416,0.447196,-0.447196,-1.2247,0.999961,0.267251,0.0,4
0.0,1.41416,0.447196,-0.447196,-1.2247,0.999961,0.267251,1.2247,0
0.0,1.41416,0.447196,-0.447196,-1.2247,0.999961,1.069,-1.2247,4
0.0,1.41416,0.447196,-0.447196,-1.2247,0.999961,1.069,0.0,4
0.0,1.41416,0.447196,-0.447196,-1.2247,0.999961,1.069,1.2247,0
0.0,1.41416,0.447196,-0.447196,0.0,-0.999961,-1.33625,-1.2247,4
0.0,1.41416,0.447196,-0.447196,0.0,-0.999961,-1.33625,0.0,4
0.0,1.41416,0.447196,-0.447196,0.0,-0.999961,-1.33625,1.2247,0
0.0,1.41416,0.447196,-0.447196,0.0,-0.999961,0.267251,-1.2247,4
0.0,1.41416,0.447196,-0.447196,0.0,-0.999961,0.267251,0.0,4
0.0,1.41416,0.447196,-0.447196,0.0,-0.999961,0.267251,1.2247,0
0.0,1.41416,0.447196,-0.447196,0.0,-0.999961,1.069,-1.2247,4
0.0,1.41416,0.447196,-0.447196,0.0,-0.999961,1.069,0.0,4
0.0,1.41416,0.447196,-0.447196,0.0,-0.999961,1.069,1.2247,0
0.0,1.41416,0.447196,-0.447196,0.0,0.999961,-1.33625,-1.2247,4
0.0,1.41416,0.447196,-0.447196,0.0,0.999961,-1.33625,0.0,4
0.0,1.41416,0.447196,-0.447196,0.0,0.999961,-1.33625,1.2247,0
0.0,1.41416,0.447196,-0.447196,0.0,0.999961,0.267251,-1.2247,4
0.0,1.41416,0.447196,-0.447196,0.0,0.999961,0.267251,0.0,4
0.0,1.41416,0.447196,-0.447196,0.0,0.999961,0.267251,1.2247,0
0.0,1.41416,0.447196,-0.447196,0.0,0.999961,1.069,-1.2247,4
0.0,1.41416,0.447196,-0.447196,0.0,0.999961,1.069,0.0,4
0.0,1.41416,0.447196,-0.447196,0.0,0.999961,1.069,1.2247,0
0.0,1.41416,0.447196,-0.447196,1.2247,-0.999961,-1.33625,-1.2247,4
0.0,1.41416,0.447196,-0.447196,1.2247,-0.999961,-1.33625,0.0,4
0.0,1.41416,0.447196,-0.447196,1.2247,-0.999961,-1.33625,1.2247,0
0.0,1.41416,0.447196,-0.447196,1.2247,-0.999961,0.267251,-1.2247,4
0.0,1.41416,0.447196,-0.447196,1.2247,-0.999961,0.267251,0.0,4
0.0,1.41416,0.447196,-0.447196,1.2247,-0.999961,0.267251,1.2247,0
0.0,1.41416,0.447196,-0.447196,1.2247,-0.999961,1.069,-1.2247,4
0.0,1.41416,0.447196,-0.447196,1.2247,-0.999961,1.069,0.0,4
0.0,1.41416,0.447196,-0.447196,1.2247,-0.999961,1.069,1.2247,0
0.0,1.41416,0.447196,-0.447196,1.2247,0.999961,-1.33625,-1.2247,4
0.0,1.41416,0.447196,-0.447196,1.2247,0.999961,-1.33625,0.0,4
0.0,1.41416,0.447196,-0.447196,1.2247,0.999961,-1.33625,1.2247,0
0.0,1.41416,0.447196,-0.447196,1.2247,0.999961,0.267251,-1.2247,4
0.0,1.41416,0.447196,-0.447196,1.2247,0.999961,0.267251,0.0,4
0.0,1.41416,0.447196,-0.447196,1.2247,0.999961,0.267251,1.2247,0
0.0,1.41416,0.447196,-0.447196,1.2247,0.999961,1.069,-1.2247,4
0.0,1.41416,0.447196,-0.447196,1.2247,0.999961,1.069,0.0,4
0.0,1.41416,0.447196,-0.447196,1.2247,0.999961,1.069,1.2247,0
0.0,1.41416,0.447196,0.447196,-1.2247,-0.999961,-1.33625,-1.2247,3
0.0,1.41416,0.447196,0.447196,-1.2247,-0.999961,-1.33625,0.0,4
0.0,1.41416,0.447196,0.447196,-1.2247,-0.999961,-1.33625,1.2247,0
0.0,1.41416,0.447196,0.447196,-1.2247,-0.999961,0.267251,-1.2247,3
0.0,1.41416,0.447196,0.447196,-1.2247,-0.999961,0.267251,0.0,4
0.0,1.41416,0.447196,0.447196,-1.2247,-0.999961,0.267251,1.2247,0
0.0,1.41416,0.447196,0.447196,-1.2247,-0.999961,1.069,-1.2247,4
0.0,1.41416,0.447196,0.447196,-1.2247,-0.999961,1.069,0.0,4
0.0,1.41416,0.447196,0.447196,-1.2247,-0.999961,1.069,1.2247,0
0.0,1.41416,0.447196,0.447196,-1.2247,0.999961,-1.33625,-1.2247,4
0.0,1.41416,0.447196,0.447196,-1.2247,0.999961,-1.33625,0.0,4
0.0,1.41416,0.447196,0.447196,-1.2247,0.999961,-1.33625,1.2247,0
0.0,1.41416,0.447196,0.447196,-1.2247,0.999961,0.267251,-1.2247,4
0.0,1.41416,0.447196,0.447196,-1.2247,0.999961,0.267251,0.0,4
0.0,1.41416,0.447196,0.447196,-1.2247,0.999961,0.267251,1.2247,0
0.0,1.41416,0.447196,0.447196,-1.2247,0.999961,1.069,-1.2247,4
0.0,1.41416,0.447196,0.447196,-1.2247,0.999961,1.069,0.0,4
0.0,1.41416,0.447196,0.447196,-1.2247,0.999961,1.069,1.2247,0
0.0,1.41416,0.447196,0.447196,0.0,-0.999961,-1.33625,-1.2247,4
0.0,1.41416,0.447196,0.447196,0.0,-0.999961,-1.33625,0.0,4
0.0,1.41416,0.447196,0.447196,0.0,-0.999961,-1.33625,1.2247,0
0.0,1.41416,0.447196,0.447196,0.0,-0.999961,0.267251,-1.2247,4
0.0,1.41416,0.447196,0.447196,0.0,-0.999961,0.267251,0.0,4
0.0,1.41416,0.447196,0.447196,0.0,-0.999961,0.267251,1.2247,0
0.0,1.41416,0.447196,0.447196,0.0,-0.999961,1.069,-1.2247,4
0.0,1.41416,0.447196,0.447196,0.0,-0.999961,1.069,0.0,4
0.0,1.41416,0.447196,0.447196,0.0,-0.999961,1.069,1.2247,0
0.0,1.41416,0.447196,0.447196,0.0,0.999961,-1.33625,-1.2247,4
0.0,1.41416,0.447196,0.447196,0.0,0.999961,-1.33625,0.0,4
0.0,1.41416,0.447196,0.447196,0.0,0.999961,-1.33625,1.2247,0
0.0,1.41416,0.447196,0.447196,0.0,0.999961,0.267251,-1.2247,4
0.0,1.41416,0.447196,0.447196,0.0,0.999961,0.267251,0.0,4
0.0,1.41416,0.447196,0.447196,0.0,0.999961,0.267251,1.2247,0
0.0,1.41416,0.447196,0.447196,0.0,0.999961,1.069,-1.2247,4
0.0,1.41416,0.447196,0.447196,0.0,0.999961,1.069,0.0,4
0.0,1.41416,0.447196,0.447196,0.0,0.999961,1.069,1.2247,0
0.0,1.41416,0.447196,0.447196,1.2247,-0.999961,-1.33625,-1.2247,4
0.0,1.41416,0.447196,0.447196,1.2247,-0.999961,-1.33625,0.0,4
0.0,1.41416,0.447196,0.447196,1.2247,-0.999961,-1.33625,1.2247,0
0.0,1.41416,0.447196,0.447196,1.2247,-0.999961,0.267251,-1.2247,4
0.0,1.41416,0.447196,0.447196,1.2247,-0.999961,0.267251,0.0,4
0.0,1.41416,0.447196,0.447196,1.2247,-0.999961,0.267251,1.2247,0
0.0,1.41416,0.447196,0.447196,1.2247,-0.999961,1.069,-1.2247,4
0.0,1.41416,0.447196,0.447196,1.2247,-0.999961,1.069,0.0,4
0.0,1.41416,0.447196,0.447196,1.2247,-0.999961,1.069,1.2247,0
0.0,1.41416,0.447196,0.447196,1.2247,0.999961,-1.33625,-1.2247,4
0.0,1.41416,0.447196,0.447196,1.2247,0.999961,-1.33625,0.0,4
0.0,1.41416,0.447196,0.447196,1.2247,0.999961,-1.33625,1.2247,0
0.0,1.41416,0.447196,0.447196,1.2247,0.999961,0.267251,-1.2247,4
0.0,1.41416,0.447196,0.447196,1.2247,0.999961,0.267251,0.0,4
0.0,1.41416,0.447196,0.447196,1.2247,0.999961,0.267251,1.2247,0
0.0,1.41416,0.447196,0.447196,1.2247,0.999961,1.069,-1.2247,4
0.0,1.41416,0.447196,0.447196,1.2247,0.999961,1.069,0.0,4
0.0,1.41416,0.447196,0.447196,1.2247,0.999961,1.069,1.2247,0
0.0,1.41416,0.447196,1.34159,-1.2247,-0.999961,-1.33625,-1.2247,3
0.0,1.41416,0.447196,1.34159,-1.2247,-0.999961,-1.33625,0.0,4
0.0,1.41416,0.447196,1.34159,-1.2247,-0.999961,-1.33625,1.2247,0
0.0,1.41416,0.447196,1.34159,-1.2247,-0.999961,0.267251,-1.2247,3
0.0,1.41416,0.447196,1.34159,-1.2247,-0.999961,0.267251,0.0,4
0.0,1.41416,0.447196,1.34159,-1.2247,-0.999961,0.267251,1.2247,0
0.0,1.41416,0.447196,1.34159,-1.2247,-0.999961,1.069,-1.2247,4
0.0,1.41416,0.447196,1.34159,-1.2247,-0.999961,1.069,0.0,4
0.0,1.41416,0.447196,1.34159,-1.2247,-0.999961,1.069,1.2247,0
0.0,1.41416,0.447196,1.34159,-1.2247,0.999961,-1.33625,-1.2247,4
0.0,1.41416,0.447196,1.34159,-1.2247,0.999961,-1.33625,0.0,4
0.0,1.41416,0.447196,1.34159,-1.2247,0.999961,-1.33625,1.2247,0
0.0,1.41416,0.447196,1.34159,-1.2247,0.999961,0.267251,-1.2247,4
0.0,1.41416,0.447196,1.34159,-1.2247,0.999961,0.267251,0.0,4
0.0,1.41416,0.447196,1.34159,-1.2247,0.999961,0.267251,1.2247,0
0.0,1.41416,0.447196,1.34159,-1.2247,0.999961,1.069,-1.2247,4
0.0,1.41416,0.447196,1.34159,-1.2247,0.999961,1.069,0.0,4
0.0,1.41416,0.447196,1.34159,-1.2247,0.999961,1.069,1.2247,0
0.0,1.41416,0.447196,1.34159,0.0,-0.999961,-1.33625,-1.2247,4
0.0,1.41416,0.447196,1.34159,0.0,-0.999961,-1.33625,0.0,4
0.0,1.41416,0.447196,1.34159,0.0,-0.999961,-1.33625,1.2247,0
0.0,1.41416,0.447196,1.34159,0.0,-0.999961,0.267251,-1.2247,4
0.0,1.41416,0.447196,1.34159,0.0,-0.999961,0.267251,0.0,4
0.0,1.41416,0.447196,1.34159,0.0,-0.999961,0.267251,1.2247,0
0.0,1.41416,0.447196,1.34159,0.0,-0.999961,1.069,-1.2247,4
0.0,1.41416,0.447196,1.34159,0.0,-0.999961,1.069,0.0,4
0.0,1.41416,0.447196,1.34159,0.0,-0.999961,1.069,1.2247,0
0.0,1.41416,0.447196,1.34159,0.0,0.999961,-1.33625,-1.2247,4
0.0,1.41416,0.447196,1.34159,0.0,0.999961,-1.33625,0.0,4
0.0,1.41416,0.447196,1.34159,0.0,0.999961,-1.33625,1.2247,0
0.0,1.41416,0.447196,1.34159,0.0,0.999961,0.267251,-1.2247,4
0.0,1.41416,0.447196,1.34159,0.0,0.999961,0.267251,0.0,4
0.0,1.41416,0.447196,1.34159,0.0,0.999961,0.267251,1.2247,0
0.0,1.41416,0.447196,1.34159,0.0,0.999961,1.069,-1.2247,4
0.0,1.41416,0.447196,1.34159,0.0,0.999961,1.069,0.0,4
0.0,1.41416,0.447196,1.34159,0.0,0.999961,1.069,1.2247,0
0.0,1.41416,0.447196,1.34159,1.2247,-0.999961,-1.33625,-1.2247,4
0.0,1.41416,0.447196,1.34159,1.2247,-0.999961,-1.33625,0.0,4
0.0,1.41416,0.447196,1.34159,1.2247,-0.999961,-1.33625,1.2247,0
0.0,1.41416,0.447196,1.34159,1.2247,-0.999961,0.267251,-1.2247,4
0.0,1.41416,0.447196,1.34159,1.2247,-0.999961,0.267251,0.0,4
0.0,1.41416,0.447196,1.34159,1.2247,-0.999961,0.267251,1.2247,0
0.0,1.41416,0.447196,1.34159,1.2247,-0.999961,1.069,-1.2247,4
0.0,1.41416,0.447196,1.34159,1.2247,-0.999961,1.069,0.0,4
0.0,1.41416,0.447196,1.34159,1.2247,-0.999961,1.069,1.2247,0
0.0,1.41416,0.447196,1.34159,1.2247,0.999961,-1.33625,-1.2247,4
0.0,1.41416,0.447196,1.34159,1.2247,0.999961,-1.33625,0.0,4
0.0,1.41416,0.447196,1.34159,1.2247,0.999961,-1.33625,1.2247,0
0.0,1.41416,0.447196,1.34159,1.2247,0.999961,0.267251,-1.2247,4
0.0,1.41416,0.447196,1.34159,1.2247,0.999961,0.267251,0.0,4
0.0,1.41416,0.447196,1.34159,1.2247,0.999961,0.267251,1.2247,0
0.0,1.41416,0.447196,1.34159,1.2247,0.999961,1.069,-1.2247,4
0.0,1.41416,0.447196,1.34159,1.2247,0.999961,1.069,0.0,4
0.0,1.41416,0.447196,1.34159,1.2247,0.999961,1.069,1.2247,0
0.0,1.41416,1.34159,-1.34159,-1.2247,-0.999961,-1.33625,-1.2247,3
0.0,1.41416,1.34159,-1.34159,-1.2247,-0.999961,-1.33625,0.0,4
0.0,1.41416,1.34159,-1.34159,-1.2247,-0.999961,-1.33625,1.2247,0
0.0,1.41416,1.34159,-1.34159,-1.2247,-0.999961,0.267251,-1.2247,3
0.0,1.41416,1.34159,-1.34159,-1.2247,-0.999961,0.267251,0.0,4
0.0,1.41416,1.34159,-1.34159,-1.2247,-0.999961,0.267251,1.2247,0
0.0,1.41416,1.34159,-1.34159,-1.2247,-0.999961,1.069,-1.2247,4
0.0,1.41416,1.34159,-1.34159,-1.2247,-0.999961,1.069,0.0,4
0.0,1.41416,1.34159,-1.34159,-1.2247,-0.999961,1.069,1.2247,0
0.0,1.41416,1.34159,-1.34159,-1.2247,0.999961,-1.33625,-1.2247,4
0.0,1.41416,1.34159,-1.34159,-1.2247,0.999961,-1.33625,0.0,4
0.0,1.41416,1.34159,-1.34159,-1.2247,0.999961,-1.33625,1.2247,0
0.0,1.41416,1.34159,-1.34159,-1.2247,0.999961,0.267251,-1.2247,4
0.0,1.41416,1.34159,-1.34159,-1.2247,0.999961,0.267251,0.0,4
0.0,1.41416,1.34159,-1.34159,-1.2247,0.999961,0.267251,1.2247,0
0.0,1.41416,1.34159,-1.34159,-1.2247,0.999961,1.069,-1.2247,4
0.0,1.41416,1.34159,-1.34159,-1.2247,0.999961,1.069,0.0,4
0.0,1.41416,1.34159,-1.34159,-1.2247,0.999961,1.069,1.2247,0
0.0,1.41416,1.34159,-1.34159,0.0,-0.999961,-1.33625,-1.2247,4
0.0,1.41416,1.34159,-1.34159,0.0,-0.999961,-1.33625,0.0,4
0.0,1.41416,1.34159,-1.34159,0.0,-0.999961,-1.33625,1.2247,0
0.0,1.41416,1.34159,-1.34159,0.0,-0.999961,0.267251,-1.2247,4
0.0,1.41416,1.34159,-1.34159,0.0,-0.999961,0.267251,0.0,4
0.0,1.41416,1.34159,-1.34159,0.0,-0.999961,0.267251,1.2247,0
0.0,1.41416,1.34159,-1.34159,0.0,-0.999961,1.069,-1.2247,4
0.0,1.41416,1.34159,-1.34159,0.0,-0.999961,1.069,0.0,4
0.0,1.41416,1.34159,-1.34159,0.0,-0.999961,1.069,1.2247,0
0.0,1.41416,1.34159,-1.34159,0.0,0.999961,-1.33625,-1.2247,4
0.0,1.41416,1.34159,-1.34159,0.0,0.999961,-1.33625,0.0,4
0.0,1.41416,1.34159,-1.34159,0.0,0.999961,-1.33625,1.2247,0
0.0,1.41416,1.34159,-1.34159,0.0,0.999961,0.267251,-1.2247,4
0.0,1.41416,1.34159,-1.34159,0.0,0.999961,0.267251,0.0,4
0.0,1.41416,1.34159,-1.34159,0.0,0.999961,0.267251,1.2247,0
0.0,1.41416,1.34159,-1.34159,0.0,0.999961,1.069,-1.2247,4
0.0,1.41416,1.34159,-1.34159,0.0,0.999961,1.069,0.0,4
0.0,1.41416,1.34159,-1.34159,0.0,0.999961,1.069,1.2247,0
0.0,1.41416,1.34159,-1.34159,1.2247,-0.999961,-1.33625,-1.2247,4
0.0,1.41416,1.34159,-1.34159,1.2247,-0.999961,-1.33625,0.0,4
0.0,1.41416,1.34159,-1.34159,1.2247,-0.999961,-1.33625,1.2247,0
0.0,1.41416,1.34159,-1.34159,1.2247,-0.999961,0.267251,-1.2247,4
0.0,1.41416,1.34159,-1.34159,1.2247,-0.999961,0.267251,0.0,4
0.0,1.41416,1.34159,-1.34159,1.2247,-0.999961,0.267251,1.2247,0
0.0,1.41416,1.34159,-1.34159,1.2247,-0.999961,1.069,-1.2247,4
0.0,1.41416,1.34159,-1.34159,1.2247,-0.999961,1.069,0.0,4
0.0,1.41416,1.34159,-1.34159,1.2247,-0.999961,1.069,1.2247,0
0.0,1.41416,1.34159,-1.34159,1.2247,0.999961,-1.33625,-1.2247,4
0.0,1.41416,1.34159,-1.34159,1.2247,0.999961,-1.33625,0.0,4
0.0,1.41416,1.34159,-1.34159,1.2247,0.999961,-1.33625,1.2247,0
0.0,1.41416,1.34159,-1.34159,1.2247,0.999961,0.267251,-1.2247,4
0.0,1.41416,1.34159,-1.34159,1.2247,0.999961,0.267251,0.0,4
0.0,1.41416,1.34159,-1.34159,1.2247,0.999961,0.267251,1.2247,0
0.0,1.41416,1.34159,-1.34159,1.2247,0.999961,1.069,-1.2247,4
0.0,1.41416,1.34159,-1.34159,1.2247,0.999961,1.069,0.0,4
0.0,1.41416,1.34159,-1.34159,1.2247,0.999961,1.069,1.2247,0
0.0,1.41416,1.34159,-0.447196,-1.2247,-0.999961,-1.33625,-1.2247,3
0.0,1.41416,1.34159,-0.447196,-1.2247,-0.999961,-1.33625,0.0,4
0.0,1.41416,1.34159,-0.447196,-1.2247,-0.999961,-1.33625,1.2247,0
0.0,1.41416,1.34159,-0.447196,-1.2247,-0.999961,0.267251,-1.2247,3
0.0,1.41416,1.34159,-0.447196,-1.2247,-0.999961,0.267251,0.0,4
0.0,1.41416,1.34159,-0.447196,-1.2247,-0.999961,0.267251,1.2247,0
0.0,1.41416,1.34159,-0.447196,-1.2247,-0.999961,1.069,-1.2247,4
0.0,1.41416,1.34159,-0.447196,-1.2247,-0.999961,1.069,0.0,4
0.0,1.41416,1.34159,-0.447196,-1.2247,-0.999961,1.069,1.2247,0
0.0,1.41416,1.34159,-0.447196,-1.2247,0.999961,-1.33625,-1.2247,4
0.0,1.41416,1.34159,-0.447196,-1.2247,0.999961,-1.33625,0.0,4
0.0,1.41416,1.34159,-0.447196,-1.2247,0.999961,-1.33625,1.2247,0
0.0,1.41416,1.34159,-0.447196,-1.2247,0.999961,0.267251,-1.2247,4
0.0,1.41416,1.34159,-0.447196,-1.2247,0.999961,0.267251,0.0,4
0.0,1.41416,1.34159,-0.447196,-1.2247,0.999961,0.267251,1.2247,0
0.0,1.41416,1.34159,-0.447196,-1.2247,0.999961,1.069,-1.2247,4
0.0,1.41416,1.34159,-0.447196,-1.2247,0.999961,1.069,0.0,4
0.0,1.41416,1.34159,-0.447196,-1.2247,0.999961,1.069,1.2247,0
0.0,1.41416,1.34159,-0.447196,0.0,-0.999961,-1.33625,-1.2247,4
0.0,1.41416,1.34159,-0.447196,0.0,-0.999961,-1.33625,0.0,4
0.0,1.41416,1.34159,-0.447196,0.0,-0.999961,-1.33625,1.2247,0
0.0,1.41416,1.34159,-0.447196,0.0,-0.999961,0.267251,-1.2247,4
0.0,1.41416,1.34159,-0.447196,0.0,-0.999961,0.267251,0.0,4
0.0,1.41416,1.34159,-0.447196,0.0,-0.999961,0.267251,1.2247,0
0.0,1.41416,1.34159,-0.447196,0.0,-0.999961,1.069,-1.2247,4
0.0,1.41416,1.34159,-0.447196,0.0,-0.999961,1.069,0.0,4
0.0,1.41416,1.34159,-0.447196,0.0,-0.999961,1.069,1.2247,0
0.0,1.41416,1.34159,-0.447196,0.0,0.999961,-1.33625,-1.2247,4
0.0,1.41416,1.34159,-0.447196,0.0,0.999961,-1.33625,0.0,4
0.0,1.41416,1.34159,-0.447196,0.0,0.999961,-1.33625,1.2247,0
0.0,1.41416,1.34159,-0.447196,0.0,0.999961,0.267251,-1.2247,4
0.0,1.41416,1.34159,-0.447196,0.0,0.999961,0.267251,0.0,4
0.0,1.41416,1.34159,-0.447196,0.0,0.999961,0.267251,1.2247,0
0.0,1.41416,1.34159,-0.447196,0.0,0.999961,1.069,-1.2247,4
0.0,1.41416,1.34159,-0.447196,0.0,0.999961,1.069,0.0,4
0.0,1.41416,1.34159,-0.447196,0.0,0.999961,1.069,1.2247,0
0.0,1.41416,1.34159,-0.447196,1.2247,-0.999961,-1.33625,-1.2247,4
0.0,1.41416,1.34159,-0.447196,1.2247,-0.999961,-1.33625,0.0,4
0.0,1.41416,1.34159,-0.447196,1.2247,-0.999961,-1.33625,1.2247,0
0.0,1.41416,1.34159,-0.447196,1.2247,-0.999961,0.267251,-1.2247,4
0.0,1.41416,1.34159,-0.447196,1.2247,-0.999961,0.267251,0.0,4
0.0,1.41416,1.34159,-0.447196,1.2247,-0.999961,0.267251,1.2247,0
0.0,1.41416,1.34159,-0.447196,1.2247,-0.999961,1.069,-1.2247,4
0.0,1.41416,1.34159,-0.447196,1.2247,-0.999961,1.069,0.0,4
0.0,1.41416,1.34159,-0.447196,1.2247,-0.999961,1.069,1.2247,0
0.0,1.41416,1.34159,-0.447196,1.2247,0.999961,-1.33625,-1.2247,4
0.0,1.41416,1.34159,-0.447196,1.2247,0.999961,-1.33625,0.0,4
0.0,1.41416,1.34159,-0.447196,1.2247,0.999961,-1.33625,1.2247,0
0.0,1.41416,1.34159,-0.447196,1.2247,0.999961,0.267251,-1.2247,4
0.0,1.41416,1.34159,-0.447196,1.2247,0.999961,0.267251,0.0,4
0.0,1.41416,1.34159,-0.447196,1.2247,0.999961,0.267251,1.2247,0
0.0,1.41416,1.34159,-0.447196,1.2247,0.999961,1.069,-1.2247,4
0.0,1.41416,1.34159,-0.447196,1.2247,0.999961,1.069,0.0,4
0.0,1.41416,1.34159,-0.447196,1.2247,0.999961,1.069,1.2247,0
0.0,1.41416,1.34159,0.447196,-1.2247,-0.999961,-1.33625,-1.2247,3
0.0,1.41416,1.34159,0.447196,-1.2247,-0.999961,-1.33625,0.0,4
0.0,1.41416,1.34159,0.447196,-1.2247,-0.999961,-1.33625,1.2247,0
0.0,1.41416,1.34159,0.447196,-1.2247,-0.999961,0.267251,-1.2247,3
0.0,1.41416,1.34159,0.447196,-1.2247,-0.999961,0.267251,0.0,4
0.0,1.41416,1.34159,0.447196,-1.2247,-0.999961,0.267251,1.2247,0
0.0,1.41416,1.34159,0.447196,-1.2247,-0.999961,1.069,-1.2247,4
0.0,1.41416,1.34159,0.447196,-1.2247,-0.999961,1.069,0.0,4
0.0,1.41416,1.34159,0.447196,-1.2247,-0.999961,1.069,1.2247,0
0.0,1.41416,1.34159,0.447196,-1.2247,0.999961,-1.33625,-1.2247,4
0.0,1.41416,1.34159,0.447196,-1.2247,0.999961,-1.33625,0.0,4
0.0,1.41416,1.34159,0.447196,-1.2247,0.999961,-1.33625,1.2247,0
0.0,1.41416,1.34159,0.447196,-1.2247,0.999961,0.267251,-1.2247,4
0.0,1.41416,1.34159,0.447196,-1.2247,0.999961,0.267251,0.0,4
0.0,1.41416,1.34159,0.447196,-1.2247,0.999961,0.267251,1.2247,0
0.0,1.41416,1.34159,0.447196,-1.2247,0.999961,1.069,-1.2247,4
0.0,1.41416,1.34159,0.447196,-1.2247,0.999961,1.069,0.0,4
0.0,1.41416,1.34159,0.447196,-1.2247,0.999961,1.069,1.2247,0
0.0,1.41416,1.34159,0.447196,0.0,-0.999961,-1.33625,-1.2247,4
0.0,1.41416,1.34159,0.447196,0.0,-0.999961,-1.33625,0.0,4
0.0,1.41416,1.34159,0.447196,0.0,-0.999961,-1.33625,1.2247,0
0.0,1.41416,1.34159,0.447196,0.0,-0.999961,0.267251,-1.2247,4
0.0,1.41416,1.34159,0.447196,0.0,-0.999961,0.267251,0.0,4
0.0,1.41416,1.34159,0.447196,0.0,-0.999961,0.267251,1.2247,0
0.0,1.41416,1.34159,0.447196,0.0,-0.999961,1.069,-1.2247,4
0.0,1.41416,1.34159,0.447196,0.0,-0.999961,1.069,0.0,4
0.0,1.41416,1.34159,0.447196,0.0,-0.999961,1.069,1.2247,0
0.0,1.41416,1.34159,0.447196,0.0,0.999961,-1.33625,-1.2247,4
0.0,1.41416,1.34159,0.447196,0.0,0.999961,-1.33625,0.0,4
0.0,1.41416,1.34159,0.447196,0.0,0.999961,-1.33625,1.2247,0
0.0,1.41416,1.34159,0.447196,0.0,0.999961,0.267251,-1.2247,4
0.0,1.41416,1.34159,0.447196,0.0,0.999961,0.267251,0.0,4
0.0,1.41416,1.34159,0.447196,0.0,0.999961,0.267251,1.2247,0
0.0,1.41416,1.34159,0.447196,0.0,0.999961,1.069,-1.2247,4
0.0,1.41416,1.34159,0.447196,0.0,0.999961,1.069,0.0,4
0.0,1.41416,1.34159,0.447196,0.0,0.999961,1.069,1.2247,0
0.0,1.41416,1.34159,0.447196,1.2247,-0.999961,-1.33625,-1.2247,4
0.0,1.41416,1.34159,0.447196,1.2247,-0.999961,-1.33625,0.0,4
0.0,1.41416,1.34159,0.447196,1.2247,-0.999961,-1.33625,1.2247,0
0.0,1.41416,1.34159,0.447196,1.2247,-0.999961,0.267251,-1.2247,4
0.0,1.41416,1.34159,0.447196,1.2247,-0.999961,0.267251,0.0,4
0.0,1.41416,1.34159,0.447196,1.2247,-0.999961,0.267251,1.2247,0
0.0,1.41416,1.34159,0.447196,1.2247,-0.999961,1.069,-1.2247,4
0.0,1.41416,1.34159,0.447196,1.2247,-0.999961,1.069,0.0,4
0.0,1.41416,1.34159,0.447196,1.2247,-0.999961,1.069,1.2247,0
0.0,1.41416,1.34159,0.447196,1.2247,0.999961,-1.33625,-1.2247,4
0.0,1.41416,1.34159,0.447196,1.2247,0.999961,-1.33625,0.0,4
0.0,1.41416,1.34159,0.447196,1.2247,0.999961,-1.33625,1.2247,0
0.0,1.41416,1.34159,0.447196,1.2247,0.999961,0.267251,-1.2247,4
0.0,1.41416,1.34159,0.447196,1.2247,0.999961,0.267251,0.0,4
0.0,1.41416,1.34159,0.447196,1.2247,0.999961,0.267251,1.2247,0
0.0,1.41416,1.34159,0.447196,1.2247,0.999961,1.069,-1.2247,4
0.0,1.41416,1.34159,0.447196,1.2247,0.999961,1.069,0.0,4
0.0,1.41416,1.34159,0.447196,1.2247,0.999961,1.069,1.2247,0
0.0,1.41416,1.34159,1.34159,-1.2247,-0.999961,-1.33625,-1.2247,3
0.0,1.41416,1.34159,1.34159,-1.2247,-0.999961,-1.33625,0.0,4
0.0,1.41416,1.34159,1.34159,-1.2247,-0.999961,-1.33625,1.2247,0
0.0,1.41416,1.34159,1.34159,-1.2247,-0.999961,0.267251,-1.2247,3
0.0,1.41416,1.34159,1.34159,-1.2247,-0.999961,0.267251,0.0,4
0.0,1.41416,1.34159,1.34159,-1.2247,-0.999961,0.267251,1.2247,0
0.0,1.41416,1.34159,1.34159,-1.2247,-0.999961,1.069,-1.2247,4
0.0,1.41416,1.34159,1.34159,-1.2247,-0.999961,1.069,0.0,4
0.0,1.41416,1.34159,1.34159,-1.2247,-0.999961,1.069,1.2247,0
0.0,1.41416,1.34159,1.34159,-1.2247,0.999961,-1.33625,-1.2247,4
0.0,1.41416,1.34159,1.34159,-1.2247,0.999961,-1.33625,0.0,4
0.0,1.41416,1.34159,1.34159,-1.2247,0.999961,-1.33625,1.2247,0
0.0,1.41416,1.34159,1.34159,-1.2247,0.999961,0.267251,-1.2247,4
0.0,1.41416,1.34159,1.34159,-1.2247,0.999961,0.267251,0.0,4
0.0,1.41416,1.34159,1.34159,-1.2247,0.999961,0.267251,1.2247,0
0.0,1.41416,1.34159,1.34159,-1.2247,0.999961,1.069,-1.2247,4
0.0,1.41416,1.34159,1.34159,-1.2247,0.999961,1.069,0.0,4
0.0,1.41416,1.34159,1.34159,-1.2247,0.999961,1.069,1.2247,0
0.0,1.41416,1.34159,1.34159,0.0,-0.999961,-1.33625,-1.2247,4
0.0,1.41416,1.34159,1.34159,0.0,-0.999961,-1.33625,0.0,4
0.0,1.41416,1.34159,1.34159,0.0,-0.999961,-1.33625,1.2247,0
0.0,1.41416,1.34159,1.34159,0.0,-0.999961,0.267251,-1.2247,4
0.0,1.41416,1.34159,1.34159,0.0,-0.999961,0.267251,0.0,4
0.0,1.41416,1.34159,1.34159,0.0,-0.999961,0.267251,1.2247,0
0.0,1.41416,1.34159,1.34159,0.0,-0.999961,1.069,-1.2247,4
0.0,1.41416,1.34159,1.34159,0.0,-0.999961,1.069,0.0,4
0.0,1.41416,1.34159,1.34159,0.0,-0.999961,1.069,1.2247,0
0.0,1.41416,1.34159,1.34159,0.0,0.999961,-1.33625,-1.2247,4
0.0,1.41416,1.34159,1.34159,0.0,0.999961,-1.33625,0.0,4
0.0,1.41416,1.34159,1.34159,0.0,0.999961,-1.33625,1.2247,0
0.0,1.41416,1.34159,1.34159,0.0,0.999961,0.267251,-1.2247,4
0.0,1.41416,1.34159,1.34159,0.0,0.999961,0.267251,0.0,4
0.0,1.41416,1.34159,1.34159,0.0,0.999961,0.267251,1.2247,0
0.0,1.41416,1.34159,1.34159,0.0,0.999961,1.069,-1.2247,4
0.0,1.41416,1.34159,1.34159,0.0,0.999961,1.069,0.0,4
0.0,1.41416,1.34159,1.34159,0.0,0.999961,1.069,1.2247,0
0.0,1.41416,1.34159,1.34159,1.2247,-0.999961,-1.33625,-1.2247,4
0.0,1.41416,1.34159,1.34159,1.2247,-0.999961,-1.33625,0.0,4
0.0,1.41416,1.34159,1.34159,1.2247,-0.999961,-1.33625,1.2247,0
0.0,1.41416,1.34159,1.34159,1.2247,-0.999961,0.267251,-1.2247,4
0.0,1.41416,1.34159,1.34159,1.2247,-0.999961,0.267251,0.0,4
0.0,1.41416,1.34159,1.34159,1.2247,-0.999961,0.267251,1.2247,0
0.0,1.41416,1.34159,1.34159,1.2247,-0.999961,1.069,-1.2247,4
0.0,1.41416,1.34159,1.34159,1.2247,-0.999961,1.069,0.0,4
0.0,1.41416,1.34159,1.34159,1.2247,-0.999961,1.069,1.2247,0
0.0,1.41416,1.34159,1.34159,1.2247,0.999961,-1.33625,-1.2247,4
0.0,1.41416,1.34159,1.34159,1.2247,0.999961,-1.33625,0.0,4
0.0,1.41416,1.34159,1.34159,1.2247,0.999961,-1.33625,1.2247,0
0.0,1.41416,1.34159,1.34159,1.2247,0.999961,0.267251,-1.2247,4
0.0,1.41416,1.34159,1.34159,1.2247,0.999961,0.267251,0.0,4
0.0,1.41416,1.34159,1.34159,1.2247,0.999961,0.267251,1.2247,0
0.0,1.41416,1.34159,1.34159,1.2247,0.999961,1.069,-1.2247,4
0.0,1.41416,1.34159,1.34159,1.2247,0.999961,1.069,0.0,4
0.0,1.41416,1.34159,1.34159,1.2247,0.999961,1.069,1.2247,0
1.2247,-1.41416,-1.34159,-1.34159,-1.2247,-0.999961,-1.33625,-1.2247,3
1.2247,-1.41416,-1.34159,-1.34159,-1.2247,-0.999961,-1.33625,0.0,3
1.2247,-1.41416,-1.34159,-1.34159,-1.2247,-0.999961,-1.33625,1.2247,0
1.2247,-1.41416,-1.34159,-1.34159,-1.2247,-0.999961,0.267251,-1.2247,3
1.2247,-1.41416,-1.34159,-1.34159,-1.2247,-0.999961,0.267251,0.0,3
1.2247,-1.41416,-1.34159,-1.34159,-1.2247,-0.999961,0.267251,1.2247,0
1.2247,-1.41416,-1.34159,-1.34159,-1.2247,-0.999961,1.069,-1.2247,3
1.2247,-1.41416,-1.34159,-1.34159,-1.2247,-0.999961,1.069,0.0,3
1.2247,-1.41416,-1.34159,-1.34159,-1.2247,-0.999961,1.069,1.2247,0
1.2247,-1.41416,-1.34159,-1.34159,-1.2247,0.999961,-1.33625,-1.2247,3
1.2247,-1.41416,-1.34159,-1.34159,-1.2247,0.999961,-1.33625,0.0,3
1.2247,-1.41416,-1.34159,-1.34159,-1.2247,0.999961,-1.33625,1.2247,0
1.2247,-1.41416,-1.34159,-1.34159,-1.2247,0.999961,0.267251,-1.2247,3
1.2247,-1.41416,-1.34159,-1.34159,-1.2247,0.999961,0.267251,0.0,3
1.2247,-1.41416,-1.34159,-1.34159,-1.2247,0.999961,0.267251,1.2247,0
1.2247,-1.41416,-1.34159,-1.34159,-1.2247,0.999961,1.069,-1.2247,3
1.2247,-1.41416,-1.34159,-1.34159,-1.2247,0.999961,1.069,0.0,3
1.2247,-1.41416,-1.34159,-1.34159,-1.2247,0.999961,1.069,1.2247,0
1.2247,-1.41416,-1.34159,-1.34159,0.0,-0.999961,-1.33625,-1.2247,3
1.2247,-1.41416,-1.34159,-1.34159,0.0,-0.999961,-1.33625,0.0,3
1.2247,-1.41416,-1.34159,-1.34159,0.0,-0.999961,-1.33625,1.2247,0
1.2247,-1.41416,-1.34159,-1.34159,0.0,-0.999961,0.267251,-1.2247,3
1.2247,-1.41416,-1.34159,-1.34159,0.0,-0.999961,0.267251,0.0,3
1.2247,-1.41416,-1.34159,-1.34159,0.0,-0.999961,0.267251,1.2247,0
1.2247,-1.41416,-1.34159,-1.34159,0.0,-0.999961,1.069,-1.2247,3
1.2247,-1.41416,-1.34159,-1.34159,0.0,-0.999961,1.069,0.0,3
1.2247,-1.41416,-1.34159,-1.34159,0.0,-0.999961,1.069,1.2247,0
1.2247,-1.41416,-1.34159,-1.34159,0.0,0.999961,-1.33625,-1.2247,3
1.2247,-1.41416,-1.34159,-1.34159,0.0,0.999961,-1.33625,0.0,3
1.2247,-1.41416,-1.34159,-1.34159,0.0,0.999961,-1.33625,1.2247,0
1.2247,-1.41416,-1.34159,-1.34159,0.0,0.999961,0.267251,-1.2247,3
1.2247,-1.41416,-1.34159,-1.34159,0.0,0.999961,0.267251,0.0,3
1.2247,-1.41416,-1.34159,-1.34159,0.0,0.999961,0.267251,1.2247,0
1.2247,-1.41416,-1.34159,-1.34159,0.0,0.999961,1.069,-1.2247,3
1.2247,-1.41416,-1.34159,-1.34159,0.0,0.999961,1.069,0.0,3
1.2247,-1.41416,-1.34159,-1.34159,0.0,0.999961,1.069,1.2247,0
1.2247,-1.41416,-1.34159,-1.34159,1.2247,-0.999961,-1.33625,-1.2247,3
1.2247,-1.41416,-1.34159,-1.34159,1.2247,-0.999961,-1.33625,0.0,3
1.2247,-1.41416,-1.34159,-1.34159,1.2247,-0.999961,-1.33625,1.2247,0
1.2247,-1.41416,-1.34159,-1.34159,1.2247,-0.999961,0.267251,-1.2247,3
1.2247,-1.41416,-1.34159,-1.34159,1.2247,-0.999961,0.267251,0.0,3
1.2247,-1.41416,-1.34159,-1.34159,1.2247,-0.999961,0.267251,1.2247,0
1.2247,-1.41416,-1.34159,-1.34159,1.2247,-0.999961,1.069,-1.2247,3
1.2247,-1.41416,-1.34159,-1.34159,1.2247,-0.999961,1.069,0.0,3
1.2247,-1.41416,-1.34159,-1.34159,1.2247,-0.999961,1.069,1.2247,0
1.2247,-1.41416,-1.34159,-1.34159,1.2247,0.999961,-1.33625,-1.2247,3
1.2247,-1.41416,-1.34159,-1.34159,1.2247,0.999961,-1.33625,0.0,3
1.2247,-1.41416,-1.34159,-1.34159,1.2247,0.999961,-1.33625,1.2247,0
1.2247,-1.41416,-1.34159,-1.34159,1.2247,0.999961,0.267251,-1.2247,3
1.2247,-1.41416,-1.34159,-1.34159,1.2247,0.999961,0.267251,0.0,3
1.2247,-1.41416,-1.34159,-1.34159,1.2247,0.999961,0.267251,1.2247,0
1.2247,-1.41416,-1.34159,-1.34159,1.2247,0.999961,1.069,-1.2247,3
1.2247,-1.41416,-1.34159,-1.34159,1.2247,0.999961,1.069,0.0,3
1.2247,-1.41416,-1.34159,-1.34159,1.2247,0.999961,1.069,1.2247,0
1.2247,-1.41416,-1.34159,-0.447196,-1.2247,-0.999961,-1.33625,-1.2247,3
1.2247,-1.41416,-1.34159,-0.447196,-1.2247,-0.999961,-1.33625,0.0,3
1.2247,-1.41416,-1.34159,-0.447196,-1.2247,-0.999961,-1.33625,1.2247,0
1.2247,-1.41416,-1.34159,-0.447196,-1.2247,-0.999961,0.267251,-1.2247,3
1.2247,-1.41416,-1.34159,-0.447196,-1.2247,-0.999961,0.267251,0.0,3
1.2247,-1.41416,-1.34159,-0.447196,-1.2247,-0.999961,0.267251,1.2247,0
1.2247,-1.41416,-1.34159,-0.447196,-1.2247,-0.999961,1.069,-1.2247,3
1.2247,-1.41416,-1.34159,-0.447196,-1.2247,-0.999961,1.069,0.0,3
1.2247,-1.41416,-1.34159,-0.447196,-1.2247,-0.999961,1.069,1.2247,0
1.2247,-1.41416,-1.34159,-0.447196,-1.2247,0.999961,-1.33625,-1.2247,3
1.2247,-1.41416,-1.34159,-0.447196,-1.2247,0.999961,-1.33625,0.0,3
1.2247,-1.41416,-1.34159,-0.447196,-1.2247,0.999961,-1.33625,1.2247,0
1.2247,-1.41416,-1.34159,-0.447196,-1.2247,0.999961,0.267251,-1.2247,3
1.2247,-1.41416,-1.34159,-0.447196,-1.2247,0.999961,0.267251,0.0,3
1.2247,-1.41416,-1.34159,-0.447196,-1.2247,0.999961,0.267251,1.2247,0
1.2247,-1.41416,-1.34159,-0.447196,-1.2247,0.999961,1.069,-1.2247,3
1.2247,-1.41416,-1.34159,-0.447196,-1.2247,0.999961,1.069,0.0,3
1.2247,-1.41416,-1.34159,-0.447196,-1.2247,0.999961,1.069,1.2247,0
1.2247,-1.41416,-1.34159,-0.447196,0.0,-0.999961,-1.33625,-1.2247,3
1.2247,-1.41416,-1.34159,-0.447196,0.0,-0.999961,-1.33625,0.0,3
1.2247,-1.41416,-1.34159,-0.447196,0.0,-0.999961,-1.33625,1.2247,0
1.2247,-1.41416,-1.34159,-0.447196,0.0,-0.999961,0.267251,-1.2247,3
1.2247,-1.41416,-1.34159,-0.447196,0.0,-0.999961,0.267251,0.0,3
1.2247,-1.41416,-1.34159,-0.447196,0.0,-0.999961,0.267251,1.2247,0
1.2247,-1.41416,-1.34159,-0.447196,0.0,-0.999961,1.069,-1.2247,3
1.2247,-1.41416,-1.34159,-0.447196,0.0,-0.999961,1.069,0.0,3
1.2247,-1.41416,-1.34159,-0.447196,0.0,-0.999961,1.069,1.2247,0
1.2247,-1.41416,-1.34159,-0.447196,0.0,0.999961,-1.33625,-1.2247,3
1.2247,-1.41416,-1.34159,-0.447196,0.0,0.999961,-1.33625,0.0,3
1.2247,-1.41416,-1.34159,-0.447196,0.0,0.999961,-1.33625,1.2247,0
1.2247,-1.41416,-1.34159,-0.447196,0.0,0.999961,0.267251,-1.2247,3
1.2247,-1.41416,-1.34159,-0.447196,0.0,0.999961,0.267251,0.0,3
1.2247,-1.41416,-1.34159,-0.447196,0.0,0.999961,0.267251,1.2247,0
1.2247,-1.41416,-1.34159,-0.447196,0.0,0.999961,1.069,-1.2247,3
1.2247,-1.41416,-1.34159,-0.447196,0.0,0.999961,1.069,0.0,3
1.2247,-1.41416,-1.34159,-0.447196,0.0,0.999961,1.069,1.2247,0
1.2247,-1.41416,-1.34159,-0.447196,1.2247,-0.999961,-1.33625,-1.2247,3
1.2247,-1.41416,-1.34159,-0.447196,1.2247,-0.999961,-1.33625,0.0,4
1.2247,-1.41416,-1.34159,-0.447196,1.2247,-0.999961,-1.33625,1.2247,0
1.2247,-1.41416,-1.34159,-0.447196,1.2247,-0.999961,0.267251,-1.2247,3
1.2247,-1.41416,-1.34159,-0.447196,1.2247,-0.999961,0.267251,0.0,4
1.2247,-1.41416,-1.34159,-0.447196,1.2247,-0.999961,0.267251,1.2247,0
1.2247,-1.41416,-1.34159,-0.447196,1.2247,-0.999961,1.069,-1.2247,4
1.2247,-1.41416,-1.34159,-0.447196,1.2247,-0.999961,1.069,0.0,4
1.2247,-1.41416,-1.34159,-0.447196,1.2247,-0.999961,1.069,1.2247,0
1.2247,-1.41416,-1.34159,-0.447196,1.2247,0.999961,-1.33625,-1.2247,3
1.2247,-1.41416,-1.34159,-0.447196,1.2247,0.999961,-1.33625,0.0,4
1.2247,-1.41416,-1.34159,-0.447196,1.2247,0.999961,-1.33625,1.2247,0
1.2247,-1.41416,-1.34159,-0.447196,1.2247,0.999961,0.267251,-1.2247,3
1.2247,-1.41416,-1.34159,-0.447196,1.2247,0.999961,0.267251,0.0,4
1.2247,-1.41416,-1.34159,-0.447196,1.2247,0.999961,0.267251,1.2247,0
1.2247,-1.41416,-1.34159,-0.447196,1.2247,0.999961,1.069,-1.2247,4
1.2247,-1.41416,-1.34159,-0.447196,1.2247,0.999961,1.069,0.0,4
1.2247,-1.41416,-1.34159,-0.447196,1.2247,0.999961,1.069,1.2247,0
1.2247,-1.41416,-1.34159,0.447196,-1.2247,-0.999961,-1.33625,-1.2247,3
1.2247,-1.41416,-1.34159,0.447196,-1.2247,-0.999961,-1.33625,0.0,3
1.2247,-1.41416,-1.34159,0.447196,-1.2247,-0.999961,-1.33625,1.2247,0
1.2247,-1.41416,-1.34159,0.447196,-1.2247,-0.999961,0.267251,-1.2247,3
1.2247,-1.41416,-1.34159,0.447196,-1.2247,-0.999961,0.267251,0.0,3
1.2247,-1.41416,-1.34159,0.447196,-1.2247,-0.999961,0.267251,1.2247,0
1.2247,-1.41416,-1.34159,0.447196,-1.2247,-0.999961,1.069,-1.2247,3
1.2247,-1.41416,-1.34159,0.447196,-1.2247,-0.999961,1.069,0.0,3
1.2247,-1.41416,-1.34159,0.447196,-1.2247,-0.999961,1.069,1.2247,0
1.2247,-1.41416,-1.34159,0.447196,-1.2247,0.999961,-1.33625,-1.2247,3
1.2247,-1.41416,-1.34159,0.447196,-1.2247,0.999961,-1.33625,0.0,4
1.2247,-1.41416,-1.34159,0.447196,-1.2247,0.999961,-1.33625,1.2247,0
1.2247,-1.41416,-1.34159,0.447196,-1.2247,0.999961,0.267251,-1.2247,3
1.2247,-1.41416,-1.34159,0.447196,-1.2247,0.999961,0.267251,0.0,4
1.2247,-1.41416,-1.34159,0.447196,-1.2247,0.999961,0.267251,1.2247,0
1.2247,-1.41416,-1.34159,0.447196,-1.2247,0.999961,1.069,-1.2247,4
1.2247,-1.41416,-1.34159,0.447196,-1.2247,0.999961,1.069,0.0,4
1.2247,-1.41416,-1.34159,0.447196,-1.2247,0.999961,1.069,1.2247,0
1.2247,-1.41416,-1.34159,0.447196,0.0,-0.999961,-1.33625,-1.2247,3
1.2247,-1.41416,-1.34159,0.447196,0.0,-0.999961,-1.33625,0.0,4
1.2247,-1.41416,-1.34159,0.447196,0.0,-0.999961,-1.33625,1.2247,0
1.2247,-1.41416,-1.34159,0.447196,0.0,-0.999961,0.267251,-1.2247,3
1.2247,-1.41416,-1.34159,0.447196,0.0,-0.999961,0.267251,0.0,4
1.2247,-1.41416,-1.34159,0.447196,0.0,-0.999961,0.267251,1.2247,0
1.2247,-1.41416,-1.34159,0.447196,0.0,-0.999961,1.069,-1.2247,4
1.2247,-1.41416,-1.34159,0.447196,0.0,-0.999961,1.069,0.0,4
1.2247,-1.41416,-1.34159,0.447196,0.0,-0.999961,1.069,1.2247,0
1.2247,-1.41416,-1.34159,0.447196,0.0,0.999961,-1.33625,-1.2247,3
1.2247,-1.41416,-1.34159,0.447196,0.0,0.999961,-1.33625,0.0,4
1.2247,-1.41416,-1.34159,0.447196,0.0,0.999961,-1.33625,1.2247,0
1.2247,-1.41416,-1.34159,0.447196,0.0,0.999961,0.267251,-1.2247,3
1.2247,-1.41416,-1.34159,0.447196,0.0,0.999961,0.267251,0.0,4
1.2247,-1.41416,-1.34159,0.447196,0.0,0.999961,0.267251,1.2247,0
1.2247,-1.41416,-1.34159,0.447196,0.0,0.999961,1.069,-1.2247,4
1.2247,-1.41416,-1.34159,0.447196,0.0,0.999961,1.069,0.0,4
1.2247,-1.41416,-1.34159,0.447196,0.0,0.999961,1.069,1.2247,0
1.2247,-1.41416,-1.34159,0.447196,1.2247,-0.999961,-1.33625,-1.2247,3
1.2247,-1.41416,-1.34159,0.447196,1.2247,-0.999961,-1.33625,0.0,4
1.2247,-1.41416,-1.34159,0.447196,1.2247,-0.999961,-1.33625,1.2247,0
1.2247,-1.41416,-1.34159,0.447196,1.2247,-0.999961,0.267251,-1.2247,3
1.2247,-1.41416,-1.34159,0.447196,1.2247,-0.999961,0.267251,0.0,4
1.2247,-1.41416,-1.34159,0.447196,1.2247,-0.999961,0.267251,1.2247,0
1.2247,-1.41416,-1.34159,0.447196,1.2247,-0.999961,1.069,-1.2247,4
1.2247,-1.41416,-1.34159,0.447196,1.2247,-0.999961,1.069,0.0,4
1.2247,-1.41416,-1.34159,0.447196,1.2247,-0.999961,1.069,1.2247,0
1.2247,-1.41416,-1.34159,0.447196,1.2247,0.999961,-1.33625,-1.2247,3
1.2247,-1.41416,-1.34159,0.447196,1.2247,0.999961,-1.33625,0.0,4
1.2247,-1.41416,-1.34159,0.447196,1.2247,0.999961,-1.33625,1.2247,0
1.2247,-1.41416,-1.34159,0.447196,1.2247,0.999961,0.267251,-1.2247,3
1.2247,-1.41416,-1.34159,0.447196,1.2247,0.999961,0.267251,0.0,4
1.2247,-1.41416,-1.34159,0.447196,1.2247,0.999961,0.267251,1.2247,0
1.2247,-1.41416,-1.34159,0.447196,1.2247,0.999961,1.069,-1.2247,4
1.2247,-1.41416,-1.34159,0.447196,1.2247,0.999961,1.069,0.0,4
1.2247,-1.41416,-1.34159,0.447196,1.2247,0.999961,1.069,1.2247,0
1.2247,-1.41416,-1.34159,1.34159,-1.2247,-0.999961,-1.33625,-1.2247,3
1.2247,-1.41416,-1.34159,1.34159,-1.2247,-0.999961,-1.33625,0.0,3
1.2247,-1.41416,-1.34159,1.34159,-1.2247,-0.999961,-1.33625,1.2247,0
1.2247,-1.41416,-1.34159,1.34159,-1.2247,-0.999961,0.267251,-1.2247,3
1.2247,-1.41416,-1.34159,1.34159,-1.2247,-0.999961,0.267251,0.0,3
1.2247,-1.41416,-1.34159,1.34159,-1.2247,-0.999961,0.267251,1.2247,0
1.2247,-1.41416,-1.34159,1.34159,-1.2247,-0.999961,1.069,-1.2247,3
1.2247,-1.41416,-1.34159,1.34159,-1.2247,-0.999961,1.069,0.0,3
1.2247,-1.41416,-1.34159,1.34159,-1.2247,-0.999961,1.069,1.2247,0
1.2247,-1.41416,-1.34159,1.34159,-1.2247,0.999961,-1.33625,-1.2247,3
1.2247,-1.41416,-1.34159,1.34159,-1.2247,0.999961,-1.33625,0.0,4
1.2247,-1.41416,-1.34159,1.34159,-1.2247,0.999961,-1.33625,1.2247,0
1.2247,-1.41416,-1.34159,1.34159,-1.2247,0.999961,0.267251,-1.2247,3
1.2247,-1.41416,-1.34159,1.34159,-1.2247,0.999961,0.267251,0.0,4
1.2247,-1.41416,-1.34159,1.34159,-1.2247,0.999961,0.267251,1.2247,0
1.2247,-1.41416,-1.34159,1.34159,-1.2247,0.999961,1.069,-1.2247,4
1.2247,-1.41416,-1.34159,1.34159,-1.2247,0.999961,1.069,0.0,4
1.2247,-1.41416,-1.34159,1.34159,-1.2247,0.999961,1.069,1.2247,0
1.2247,-1.41416,-1.34159,1.34159,0.0,-0.999961,-1.33625,-1.2247,3
1.2247,-1.41416,-1.34159,1.34159,0.0,-0.999961,-1.33625,0.0,4
1.2247,-1.41416,-1.34159,1.34159,0.0,-0.999961,-1.33625,1.2247,0
1.2247,-1.41416,-1.34159,1.34159,0.0,-0.999961,0.267251,-1.2247,3
1.2247,-1.41416,-1.34159,1.34159,0.0,-0.999961,0.267251,0.0,4
1.2247,-1.41416,-1.34159,1.34159,0.0,-0.999961,0.267251,1.2247,0
1.2247,-1.41416,-1.34159,1.34159,0.0,-0.999961,1.069,-1.2247,4
1.2247,-1.41416,-1.34159,1.34159,0.0,-0.999961,1.069,0.0,4
1.2247,-1.41416,-1.34159,1.34159,0.0,-0.999961,1.069,1.2247,0
1.2247,-1.41416,-1.34159,1.34159,0.0,0.999961,-1.33625,-1.2247,3
1.2247,-1.41416,-1.34159,1.34159,0.0,0.999961,-1.33625,0.0,4
1.2247,-1.41416,-1.34159,1.34159,0.0,0.999961,-1.33625,1.2247,0
1.2247,-1.41416,-1.34159,1.34159,0.0,0.999961,0.267251,-1.2247,3
1.2247,-1.41416,-1.34159,1.34159,0.0,0.999961,0.267251,0.0,4
1.2247,-1.41416,-1.34159,1.34159,0.0,0.999961,0.267251,1.2247,0
1.2247,-1.41416,-1.34159,1.34159,0.0,0.999961,1.069,-1.2247,4
1.2247,-1.41416,-1.34159,1.34159,0.0,0.999961,1.069,0.0,4
1.2247,-1.41416,-1.34159,1.34159,0.0,0.999961,1.069,1.2247,0
1.2247,-1.41416,-1.34159,1.34159,1.2247,-0.999961,-1.33625,-1.2247,3
1.2247,-1.41416,-1.34159,1.34159,1.2247,-0.999961,-1.33625,0.0,4
1.2247,-1.41416,-1.34159,1.34159,1.2247,-0.999961,-1.33625,1.2247,0
1.2247,-1.41416,-1.34159,1.34159,1.2247,-0.999961,0.267251,-1.2247,3
1.2247,-1.41416,-1.34159,1.34159,1.2247,-0.999961,0.267251,0.0,4
1.2247,-1.41416,-1.34159,1.34159,1.2247,-0.999961,0.267251,1.2247,0
1.2247,-1.41416,-1.34159,1.34159,1.2247,-0.999961,1.069,-1.2247,4
1.2247,-1.41416,-1.34159,1.34159,1.2247,-0.999961,1.069,0.0,4
1.2247,-1.41416,-1.34159,1.34159,1.2247,-0.999961,1.069,1.2247,0
1.2247,-1.41416,-1.34159,1.34159,1.2247,0.999961,-1.33625,-1.2247,3
1.2247,-1.41416,-1.34159,1.34159,1.2247,0.999961,-1.33625,0.0,4
1.2247,-1.41416,-1.34159,1.34159,1.2247,0.999961,-1.33625,1.2247,0
1.2247,-1.41416,-1.34159,1.34159,1.2247,0.999961,0.267251,-1.2247,3
1.2247,-1.41416,-1.34159,1.34159,1.2247,0.999961,0.267251,0.0,4
1.2247,-1.41416,-1.34159,1.34159,1.2247,0.999961,0.267251,1.2247,0
1.2247,-1.41416,-1.34159,1.34159,1.2247,0.999961,1.069,-1.2247,4
1.2247,-1.41416,-1.34159,1.34159,1.2247,0.999961,1.069,0.0,4
1.2247,-1.41416,-1.34159,1.34159,1.2247,0.999961,1.069,1.2247,0
1.2247,-1.41416,-0.447196,-1.34159,-1.2247,-0.999961,-1.33625,-1.2247,3
1.2247,-1.41416,-0.447196,-1.34159,-1.2247,-0.999961,-1.33625,0.0,3
1.2247,-1.41416,-0.447196,-1.34159,-1.2247,-0.999961,-1.33625,1.2247,0
1.2247,-1.41416,-0.447196,-1.34159,-1.2247,-0.999961,0.267251,-1.2247,3
1.2247,-1.41416,-0.447196,-1.34159,-1.2247,-0.999961,0.267251,0.0,3
1.2247,-1.41416,-0.447196,-1.34159,-1.2247,-0.999961,0.267251,1.2247,0
1.2247,-1.41416,-0.447196,-1.34159,-1.2247,-0.999961,1.069,-1.2247,3
1.2247,-1.41416,-0.447196,-1.34159,-1.2247,-0.999961,1.069,0.0,3
1.2247,-1.41416,-0.447196,-1.34159,-1.2247,-0.999961,1.069,1.2247,0
1.2247,-1.41416,-0.447196,-1.34159,-1.2247,0.999961,-1.33625,-1.2247,3
1.2247,-1.41416,-0.447196,-1.34159,-1.2247,0.999961,-1.33625,0.0,3
1.2247,-1.41416,-0.447196,-1.34159,-1.2247,0.999961,-1.33625,1.2247,0
1.2247,-1.41416,-0.447196,-1.34159,-1.2247,0.999961,0.267251,-1.2247,3
1.2247,-1.41416,-0.447196,-1.34159,-1.2247,0.999961,0.267251,0.0,3
1.2247,-1.41416,-0.447196,-1.34159,-1.2247,0.999961,0.267251,1.2247,0
1.2247,-1.41416,-0.447196,-1.34159,-1.2247,0.999961,1.069,-1.2247,3
1.2247,-1.41416,-0.447196,-1.34159,-1.2247,0.999961,1.069,0.0,3
1.2247,-1.41416,-0.447196,-1.34159,-1.2247,0.999961,1.069,1.2247,0
1.2247,-1.41416,-0.447196,-1.34159,0.0,-0.999961,-1.33625,-1.2247,3
1.2247,-1.41416,-0.447196,-1.34159,0.0,-0.999961,-1.33625,0.0,3
1.2247,-1.41416,-0.447196,-1.34159,0.0,-0.999961,-1.33625,1.2247,0
1.2247,-1.41416,-0.447196,-1.34159,0.0,-0.999961,0.267251,-1.2247,3
1.2247,-1.41416,-0.447196,-1.34159,0.0,-0.999961,0.267251,0.0,3
1.2247,-1.41416,-0.447196,-1.34159,0.0,-0.999961,0.267251,1.2247,0
1.2247,-1.41416,-0.447196,-1.34159,0.0,-0.999961,1.069,-1.2247,3
1.2247,-1.41416,-0.447196,-1.34159,0.0,-0.999961,1.069,0.0,3
1.2247,-1.41416,-0.447196,-1.34159,0.0,-0.999961,1.069,1.2247,0
1.2247,-1.41416,-0.447196,-1.34159,0.0,0.999961,-1.33625,-1.2247,3
1.2247,-1.41416,-0.447196,-1.34159,0.0,0.999961,-1.33625,0.0,3
1.2247,-1.41416,-0.447196,-1.34159,0.0,0.999961,-1.33625,1.2247,0
1.2247,-1.41416,-0.447196,-1.34159,0.0,0.999961,0.267251,-1.2247,3
1.2247,-1.41416,-0.447196,-1.34159,0.0,0.999961,0.267251,0.0,3
1.2247,-1.41416,-0.447196,-1.34159,0.0,0.999961,0.267251,1.2247,0
1.2247,-1.41416,-0.447196,-1.34159,0.0,0.999961,1.069,-1.2247,3
1.2247,-1.41416,-0.447196,-1.34159,0.0,0.999961,1.069,0.0,3
1.2247,-1.41416,-0.447196,-1.34159,0.0,0.999961,1.069,1.2247,0
1.2247,-1.41416,-0.447196,-1.34159,1.2247,-0.999961,-1.33625,-1.2247,3
1.2247,-1.41416,-0.447196,-1.34159,1.2247,-0.999961,-1.33625,0.0,4
1.2247,-1.41416,-0.447196,-1.34159,1.2247,-0.999961,-1.33625,1.2247,0
1.2247,-1.41416,-0.447196,-1.34159,1.2247,-0.999961,0.267251,-1.2247,3
1.2247,-1.41416,-0.447196,-1.34159,1.2247,-0.999961,0.267251,0.0,4
1.2247,-1.41416,-0.447196,-1.34159,1.2247,-0.999961,0.267251,1.2247,0
1.2247,-1.41416,-0.447196,-1.34159,1.2247,-0.999961,1.069,-1.2247,4
1.2247,-1.41416,-0.447196,-1.34159,1.2247,-0.999961,1.069,0.0,4
1.2247,-1.41416,-0.447196,-1.34159,1.2247,-0.999961,1.069,1.2247,0
1.2247,-1.41416,-0.447196,-1.34159,1.2247,0.999961,-1.33625,-1.2247,3
1.2247,-1.41416,-0.447196,-1.34159,1.2247,0.999961,-1.33625,0.0,4
1.2247,-1.41416,-0.447196,-1.34159,1.2247,0.999961,-1.33625,1.2247,0
1.2247,-1.41416,-0.447196,-1.34159,1.2247,0.999961,0.267251,-1.2247,3
1.2247,-1.41416,-0.447196,-1.34159,1.2247,0.999961,0.267251,0.0,4
1.2247,-1.41416,-0.447196,-1.34159,1.2247,0.999961,0.267251,1.2247,0
1.2247,-1.41416,-0.447196,-1.34159,1.2247,0.999961,1.069,-1.2247,4
1.2247,-1.41416,-0.447196,-1.34159,1.2247,0.999961,1.069,0.0,4
1.2247,-1.41416,-0.447196,-1.34159,1.2247,0.999961,1.069,1.2247,0
1.2247,-1.41416,-0.447196,-0.447196,-1.2247,-0.999961,-1.33625,-1.2247,3
1.2247,-1.41416,-0.447196,-0.447196,-1.2247,-0.999961,-1.33625,0.0,3
1.2247,-1.41416,-0.447196,-0.447196,-1.2247,-0.999961,-1.33625,1.2247,0
1.2247,-1.41416,-0.447196,-0.447196,-1.2247,-0.999961,0.267251,-1.2247,3
1.2247,-1.41416,-0.447196,-0.447196,-1.2247,-0.999961,0.267251,0.0,3
1.2247,-1.41416,-0.447196,-0.447196,-1.2247,-0.999961,0.267251,1.2247,0
1.2247,-1.41416,-0.447196,-0.447196,-1.2247,-0.999961,1.069,-1.2247,3
1.2247,-1.41416,-0.447196,-0.447196,-1.2247,-0.999961,1.069,0.0,3
1.2247,-1.41416,-0.447196,-0.447196,-1.2247,-0.999961,1.069,1.2247,0
1.2247,-1.41416,-0.447196,-0.447196,-1.2247,0.999961,-1.33625,-1.2247,3
1.2247,-1.41416,-0.447196,-0.447196,-1.2247,0.999961,-1.33625,0.0,3
1.2247,-1.41416,-0.447196,-0.447196,-1.2247,0.999961,-1.33625,1.2247,0
1.2247,-1.41416,-0.447196,-0.447196,-1.2247,0.999961,0.267251,-1.2247,3
1.2247,-1.41416,-0.447196,-0.447196,-1.2247,0.999961,0.267251,0.0,3
1.2247,-1.41416,-0.447196,-0.447196,-1.2247,0.999961,0.267251,1.2247,0
1.2247,-1.41416,-0.447196,-0.447196,-1.2247,0.999961,1.069,-1.2247,3
1.2247,-1.41416,-0.447196,-0.447196,-1.2247,0.999961,1.069,0.0,3
1.2247,-1.41416,-0.447196,-0.447196,-1.2247,0.999961,1.069,1.2247,0
1.2247,-1.41416,-0.447196,-0.447196,0.0,-0.999961,-1.33625,-1.2247,3
1.2247,-1.41416,-0.447196,-0.447196,0.0,-0.999961,-1.33625,0.0,3
1.2247,-1.41416,-0.447196,-0.447196,0.0,-0.999961,-1.33625,1.2247,0
1.2247,-1.41416,-0.447196,-0.447196,0.0,-0.999961,0.267251,-1.2247,3
1.2247,-1.41416,-0.447196,-0.447196,0.0,-0.999961,0.267251,0.0,3
1.2247,-1.41416,-0.447196,-0.447196,0.0,-0.999961,0.267251,1.2247,0
1.2247,-1.41416,-0.447196,-0.447196,0.0,-0.999961,1.069,-1.2247,3
1.2247,-1.41416,-0.447196,-0.447196,0.0,-0.999961,1.069,0.0,3
1.2247,-1.41416,-0.447196,-0.447196,0.0,-0.999961,1.069,1.2247,0
1.2247,-1.41416,-0.447196,-0.447196,0.0,0.999961,-1.33625,-1.2247,3
1.2247,-1.41416,-0.447196,-0.447196,0.0,0.999961,-1.33625,0.0,3
1.2247,-1.41416,-0.447196,-0.447196,0.0,0.999961,-1.33625,1.2247,0
1.2247,-1.41416,-0.447196,-0.447196,0.0,0.999961,0.267251,-1.2247,3
1.2247,-1.41416,-0.447196,-0.447196,0.0,0.999961,0.267251,0.0,3
1.2247,-1.41416,-0.447196,-0.447196,0.0,0.999961,0.267251,1.2247,0
1.2247,-1.41416,-0.447196,-0.447196,0.0,0.999961,1.069,-1.2247,3
1.2247,-1.41416,-0.447196,-0.447196,0.0,0.999961,1.069,0.0,3
1.2247,-1.41416,-0.447196,-0.447196,0.0,0.999961,1.069,1.2247,0
1.2247,-1.41416,-0.447196,-0.447196,1.2247,-0.999961,-1.33625,-1.2247,3
1.2247,-1.41416,-0.447196,-0.447196,1.2247,-0.999961,-1.33625,0.0,4
1.2247,-1.41416,-0.447196,-0.447196,1.2247,-0.999961,-1.33625,1.2247,0
1.2247,-1.41416,-0.447196,-0.447196,1.2247,-0.999961,0.267251,-1.2247,3
1.2247,-1.41416,-0.447196,-0.447196,1.2247,-0.999961,0.267251,0.0,4
1.2247,-1.41416,-0.447196,-0.447196,1.2247,-0.999961,0.267251,1.2247,0
1.2247,-1.41416,-0.447196,-0.447196,1.2247,-0.999961,1.069,-1.2247,4
1.2247,-1.41416,-0.447196,-0.447196,1.2247,-0.999961,1.069,0.0,4
1.2247,-1.41416,-0.447196,-0.447196,1.2247,-0.999961,1.069,1.2247,0
1.2247,-1.41416,-0.447196,-0.447196,1.2247,0.999961,-1.33625,-1.2247,3
1.2247,-1.41416,-0.447196,-0.447196,1.2247,0.999961,-1.33625,0.0,4
1.2247,-1.41416,-0.447196,-0.447196,1.2247,0.999961,-1.33625,1.2247,0
1.2247,-1.41416,-0.447196,-0.447196,1.2247,0.999961,0.267251,-1.2247,3
1.2247,-1.41416,-0.447196,-0.447196,1.2247,0.999961,0.267251,0.0,4
1.2247,-1.41416,-0.447196,-0.447196,1.2247,0.999961,0.267251,1.2247,0
1.2247,-1.41416,-0.447196,-0.447196,1.2247,0.999961,1.069,-1.2247,4
1.2247,-1.41416,-0.447196,-0.447196,1.2247,0.999961,1.069,0.0,4
1.2247,-1.41416,-0.447196,-0.447196,1.2247,0.999961,1.069,1.2247,0
1.2247,-1.41416,-0.447196,0.447196,-1.2247,-0.999961,-1.33625,-1.2247,3
1.2247,-1.41416,-0.447196,0.447196,-1.2247,-0.999961,-1.33625,0.0,3
1.2247,-1.41416,-0.447196,0.447196,-1.2247,-0.999961,-1.33625,1.2247,0
1.2247,-1.41416,-0.447196,0.447196,-1.2247,-0.999961,0.267251,-1.2247,3
1.2247,-1.41416,-0.447196,0.447196,-1.2247,-0.999961,0.267251,0.0,3
1.2247,-1.41416,-0.447196,0.447196,-1.2247,-0.999961,0.267251,1.2247,0
1.2247,-1.41416,-0.447196,0.447196,-1.2247,-0.999961,1.069,-1.2247,3
1.2247,-1.41416,-0.447196,0.447196,-1.2247,-0.999961,1.069,0.0,3
1.2247,-1.41416,-0.447196,0.447196,-1.2247,-0.999961,1.069,1.2247,0
1.2247,-1.41416,-0.447196,0.447196,-1.2247,0.999961,-1.33625,-1.2247,3
1.2247,-1.41416,-0.447196,0.447196,-1.2247,0.999961,-1.33625,0.0,4
1.2247,-1.41416,-0.447196,0.447196,-1.2247,0.999961,-1.33625,1.2247,0
1.2247,-1.41416,-0.447196,0.447196,-1.2247,0.999961,0.267251,-1.2247,3
1.2247,-1.41416,-0.447196,0.447196,-1.2247,0.999961,0.267251,0.0,4
1.2247,-1.41416,-0.447196,0.447196,-1.2247,0.999961,0.267251,1.2247,0
1.2247,-1.41416,-0.447196,0.447196,-1.2247,0.999961,1.069,-1.2247,4
1.2247,-1.41416,-0.447196,0.447196,-1.2247,0.999961,1.069,0.0,4
1.2247,-1.41416,-0.447196,0.447196,-1.2247,0.999961,1.069,1.2247,0
1.2247,-1.41416,-0.447196,0.447196,0.0,-0.999961,-1.33625,-1.2247,3
1.2247,-1.41416,-0.447196,0.447196,0.0,-0.999961,-1.33625,0.0,4
1.2247,-1.41416,-0.447196,0.447196,0.0,-0.999961,-1.33625,1.2247,0
1.2247,-1.41416,-0.447196,0.447196,0.0,-0.999961,0.267251,-1.2247,3
1.2247,-1.41416,-0.447196,0.447196,0.0,-0.999961,0.267251,0.0,4
1.2247,-1.41416,-0.447196,0.447196,0.0,-0.999961,0.267251,1.2247,0
1.2247,-1.41416,-0.447196,0.447196,0.0,-0.999961,1.069,-1.2247,4
1.2247,-1.41416,-0.447196,0.447196,0.0,-0.999961,1.069,0.0,4
1.2247,-1.41416,-0.447196,0.447196,0.0,-0.999961,1.069,1.2247,0
1.2247,-1.41416,-0.447196,0.447196,0.0,0.999961,-1.33625,-1.2247,3
1.2247,-1.41416,-0.447196,0.447196,0.0,0.999961,-1.33625,0.0,4
1.2247,-1.41416,-0.447196,0.447196,0.0,0.999961,-1.33625,1.2247,0
1.2247,-1.41416,-0.447196,0.447196,0.0,0.999961,0.267251,-1.2247,3
1.2247,-1.41416,-0.447196,0.447196,0.0,0.999961,0.267251,0.0,4
1.2247,-1.41416,-0.447196,0.447196,0.0,0.999961,0.267251,1.2247,0
1.2247,-1.41416,-0.447196,0.447196,0.0,0.999961,1.069,-1.2247,4
1.2247,-1.41416,-0.447196,0.447196,0.0,0.999961,1.069,0.0,4
1.2247,-1.41416,-0.447196,0.447196,0.0,0.999961,1.069,1.2247,0
1.2247,-1.41416,-0.447196,0.447196,1.2247,-0.999961,-1.33625,-1.2247,3
1.2247,-1.41416,-0.447196,0.447196,1.2247,-0.999961,-1.33625,0.0,4
1.2247,-1.41416,-0.447196,0.447196,1.2247,-0.999961,-1.33625,1.2247,0
1.2247,-1.41416,-0.447196,0.447196,1.2247,-0.999961,0.267251,-1.2247,3
1.2247,-1.41416,-0.447196,0.447196,1.2247,-0.999961,0.267251,0.0,4
1.2247,-1.41416,-0.447196,0.447196,1.2247,-0.999961,0.267251,1.2247,0
1.2247,-1.41416,-0.447196,0.447196,1.2247,-0.999961,1.069,-1.2247,4
1.2247,-1.41416,-0.447196,0.447196,1.2247,-0.999961,1.069,0.0,4
1.2247,-1.41416,-0.447196,0.447196,1.2247,-0.999961,1.069,1.2247,0
1.2247,-1.41416,-0.447196,0.447196,1.2247,0.999961,-1.33625,-1.2247,3
1.2247,-1.41416,-0.447196,0.447196,1.2247,0.999961,-1.33625,0.0,4
1.2247,-1.41416,-0.447196,0.447196,1.2247,0.999961,-1.33625,1.2247,0
1.2247,-1.41416,-0.447196,0.447196,1.2247,0.999961,0.267251,-1.2247,3
1.2247,-1.41416,-0.447196,0.447196,1.2247,0.999961,0.267251,0.0,4
1.2247,-1.41416,-0.447196,0.447196,1.2247,0.999961,0.267251,1.2247,0
1.2247,-1.41416,-0.447196,0.447196,1.2247,0.999961,1.069,-1.2247,4
1.2247,-1.41416,-0.447196,0.447196,1.2247,0.999961,1.069,0.0,4
1.2247,-1.41416,-0.447196,0.447196,1.2247,0.999961,1.069,1.2247,0
1.2247,-1.41416,-0.447196,1.34159,-1.2247,-0.999961,-1.33625,-1.2247,3
1.2247,-1.41416,-0.447196,1.34159,-1.2247,-0.999961,-1.33625,0.0,3
1.2247,-1.41416,-0.447196,1.34159,-1.2247,-0.999961,-1.33625,1.2247,0
1.2247,-1.41416,-0.447196,1.34159,-1.2247,-0.999961,0.267251,-1.2247,3
1.2247,-1.41416,-0.447196,1.34159,-1.2247,-0.999961,0.267251,0.0,3
1.2247,-1.41416,-0.447196,1.34159,-1.2247,-0.999961,0.267251,1.2247,0
1.2247,-1.41416,-0.447196,1.34159,-1.2247,-0.999961,1.069,-1.2247,3
1.2247,-1.41416,-0.447196,1.34159,-1.2247,-0.999961,1.069,0.0,3
1.2247,-1.41416,-0.447196,1.34159,-1.2247,-0.999961,1.069,1.2247,0
1.2247,-1.41416,-0.447196,1.34159,-1.2247,0.999961,-1.33625,-1.2247,3
1.2247,-1.41416,-0.447196,1.34159,-1.2247,0.999961,-1.33625,0.0,4
1.2247,-1.41416,-0.447196,1.34159,-1.2247,0.999961,-1.33625,1.2247,0
1.2247,-1.41416,-0.447196,1.34159,-1.2247,0.999961,0.267251,-1.2247,3
1.2247,-1.41416,-0.447196,1.34159,-1.2247,0.999961,0.267251,0.0,4
1.2247,-1.41416,-0.447196,1.34159,-1.2247,0.999961,0.267251,1.2247,0
1.2247,-1.41416,-0.447196,1.34159,-1.2247,0.999961,1.069,-1.2247,4
1.2247,-1.41416,-0.447196,1.34159,-1.2247,0.999961,1.069,0.0,4
1.2247,-1.41416,-0.447196,1.34159,-1.2247,0.999961,1.069,1.2247,0
1.2247,-1.41416,-0.447196,1.34159,0.0,-0.999961,-1.33625,-1.2247,3
1.2247,-1.41416,-0.447196,1.34159,0.0,-0.999961,-1.33625,0.0,4
1.2247,-1.41416,-0.447196,1.34159,0.0,-0.999961,-1.33625,1.2247,0
1.2247,-1.41416,-0.447196,1.34159,0.0,-0.999961,0.267251,-1.2247,3
1.2247,-1.41416,-0.447196,1.34159,0.0,-0.999961,0.267251,0.0,4
1.2247,-1.41416,-0.447196,1.34159,0.0,-0.999961,0.267251,1.2247,0
1.2247,-1.41416,-0.447196,1.34159,0.0,-0.999961,1.069,-1.2247,4
1.2247,-1.41416,-0.447196,1.34159,0.0,-0.999961,1.069,0.0,4
1.2247,-1.41416,-0.447196,1.34159,0.0,-0.999961,1.069,1.2247,0
1.2247,-1.41416,-0.447196,1.34159,0.0,0.999961,-1.33625,-1.2247,3
1.2247,-1.41416,-0.447196,1.34159,0.0,0.999961,-1.33625,0.0,4
1.2247,-1.41416,-0.447196,1.34159,0.0,0.999961,-1.33625,1.2247,0
1.2247,-1.41416,-0.447196,1.34159,0.0,0.999961,0.267251,-1.2247,3
1.2247,-1.41416,-0.447196,1.34159,0.0,0.999961,0.267251,0.0,4
1.2247,-1.41416,-0.447196,1.34159,0.0,0.999961,0.267251,1.2247,0
1.2247,-1.41416,-0.447196,1.34159,0.0,0.999961,1.069,-1.2247,4
1.2247,-1.41416,-0.447196,1.34159,0.0,0.999961,1.069,0.0,4
1.2247,-1.41416,-0.447196,1.34159,0.0,0.999961,1.069,1.2247,0
1.2247,-1.41416,-0.447196,1.34159,1.2247,-0.999961,-1.33625,-1.2247,3
1.2247,-1.41416,-0.447196,1.34159,1.2247,-0.999961,-1.33625,0.0,4
1.2247,-1.41416,-0.447196,1.34159,1.2247,-0.999961,-1.33625,1.2247,0
1.2247,-1.41416,-0.447196,1.34159,1.2247,-0.999961,0.267251,-1.2247,3
1.2247,-1.41416,-0.447196,1.34159,1.2247,-0.999961,0.267251,0.0,4
1.2247,-1.41416,-0.447196,1.34159,1.2247,-0.999961,0.267251,1.2247,0
1.2247,-1.41416,-0.447196,1.34159,1.2247,-0.999961,1.069,-1.2247,4
1.2247,-1.41416,-0.447196,1.34159,1.2247,-0.999961,1.069,0.0,4
1.2247,-1.41416,-0.447196,1.34159,1.2247,-0.999961,1.069,1.2247,0
1.2247,-1.41416,-0.447196,1.34159,1.2247,0.999961,-1.33625,-1.2247,3
1.2247,-1.41416,-0.447196,1.34159,1.2247,0.999961,-1.33625,0.0,4
1.2247,-1.41416,-0.447196,1.34159,1.2247,0.999961,-1.33625,1.2247,0
1.2247,-1.41416,-0.447196,1.34159,1.2247,0.999961,0.267251,-1.2247,3
1.2247,-1.41416,-0.447196,1.34159,1.2247,0.999961,0.267251,0.0,4
1.2247,-1.41416,-0.447196,1.34159,1.2247,0.999961,0.267251,1.2247,0
1.2247,-1.41416,-0.447196,1.34159,1.2247,0.999961,1.069,-1.2247,4
1.2247,-1.41416,-0.447196,1.34159,1.2247,0.999961,1.069,0.0,4
1.2247,-1.41416,-0.447196,1.34159,1.2247,0.999961,1.069,1.2247,0
1.2247,-1.41416,0.447196,-1.34159,-1.2247,-0.999961,-1.33625,-1.2247,3
1.2247,-1.41416,0.447196,-1.34159,-1.2247,-0.999961,-1.33625,0.0,3
1.2247,-1.41416,0.447196,-1.34159,-1.2247,-0.999961,-1.33625,1.2247,0
1.2247,-1.41416,0.447196,-1.34159,-1.2247,-0.999961,0.267251,-1.2247,3
1.2247,-1.41416,0.447196,-1.34159,-1.2247,-0.999961,0.267251,0.0,3
1.2247,-1.41416,0.447196,-1.34159,-1.2247,-0.999961,0.267251,1.2247,0
1.2247,-1.41416,0.447196,-1.34159,-1.2247,-0.999961,1.069,-1.2247,3
1.2247,-1.41416,0.447196,-1.34159,-1.2247,-0.999961,1.069,0.0,3
1.2247,-1.41416,0.447196,-1.34159,-1.2247,-0.999961,1.069,1.2247,0
1.2247,-1.41416,0.447196,-1.34159,-1.2247,0.999961,-1.33625,-1.2247,3
1.2247,-1.41416,0.447196,-1.34159,-1.2247,0.999961,-1.33625,0.0,3
1.2247,-1.41416,0.447196,-1.34159,-1.2247,0.999961,-1.33625,1.2247,0
1.2247,-1.41416,0.447196,-1.34159,-1.2247,0.999961,0.267251,-1.2247,3
1.2247,-1.41416,0.447196,-1.34159,-1.2247,0.999961,0.267251,0.0,3
1.2247,-1.41416,0.447196,-1.34159,-1.2247,0.999961,0.267251,1.2247,0
1.2247,-1.41416,0.447196,-1.34159,-1.2247,0.999961,1.069,-1.2247,3
1.2247,-1.41416,0.447196,-1.34159,-1.2247,0.999961,1.069,0.0,3
1.2247,-1.41416,0.447196,-1.34159,-1.2247,0.999961,1.069,1.2247,0
1.2247,-1.41416,0.447196,-1.34159,0.0,-0.999961,-1.33625,-1.2247,3
1.2247,-1.41416,0.447196,-1.34159,0.0,-0.999961,-1.33625,0.0,3
1.2247,-1.41416,0.447196,-1.34159,0.0,-0.999961,-1.33625,1.2247,0
1.2247,-1.41416,0.447196,-1.34159,0.0,-0.999961,0.267251,-1.2247,3
1.2247,-1.41416,0.447196,-1.34159,0.0,-0.999961,0.267251,0.0,3
1.2247,-1.41416,0.447196,-1.34159,0.0,-0.999961,0.267251,1.2247,0
1.2247,-1.41416,0.447196,-1.34159,0.0,-0.999961,1.069,-1.2247,3
1.2247,-1.41416,0.447196,-1.34159,0.0,-0.999961,1.069,0.0,3
1.2247,-1.41416,0.447196,-1.34159,0.0,-0.999961,1.069,1.2247,0
1.2247,-1.41416,0.447196,-1.34159,0.0,0.999961,-1.33625,-1.2247,3
1.2247,-1.41416,0.447196,-1.34159,0.0,0.999961,-1.33625,0.0,3
1.2247,-1.41416,0.447196,-1.34159,0.0,0.999961,-1.33625,1.2247,0
1.2247,-1.41416,0.447196,-1.34159,0.0,0.999961,0.267251,-1.2247,3
1.2247,-1.41416,0.447196,-1.34159,0.0,0.999961,0.267251,0.0,3
1.2247,-1.41416,0.447196,-1.34159,0.0,0.999961,0.267251,1.2247,0
1.2247,-1.41416,0.447196,-1.34159,0.0,0.999961,1.069,-1.2247,3
1.2247,-1.41416,0.447196,-1.34159,0.0,0.999961,1.069,0.0,3
1.2247,-1.41416,0.447196,-1.34159,0.0,0.999961,1.069,1.2247,0
1.2247,-1.41416,0.447196,-1.34159,1.2247,-0.999961,-1.33625,-1.2247,3
1.2247,-1.41416,0.447196,-1.34159,1.2247,-0.999961,-1.33625,0.0,4
1.2247,-1.41416,0.447196,-1.34159,1.2247,-0.999961,-1.33625,1.2247,0
1.2247,-1.41416,0.447196,-1.34159,1.2247,-0.999961,0.267251,-1.2247,3
1.2247,-1.41416,0.447196,-1.34159,1.2247,-0.999961,0.267251,0.0,4
1.2247,-1.41416,0.447196,-1.34159,1.2247,-0.999961,0.267251,1.2247,0
1.2247,-1.41416,0.447196,-1.34159,1.2247,-0.999961,1.069,-1.2247,4
1.2247,-1.41416,0.447196,-1.34159,1.2247,-0.999961,1.069,0.0,4
1.2247,-1.41416,0.447196,-1.34159,1.2247,-0.999961,1.069,1.2247,0
1.2247,-1.41416,0.447196,-1.34159,1.2247,0.999961,-1.33625,-1.2247,3
1.2247,-1.41416,0.447196,-1.34159,1.2247,0.999961,-1.33625,0.0,4
1.2247,-1.41416,0.447196,-1.34159,1.2247,0.999961,-1.33625,1.2247,0
1.2247,-1.41416,0.447196,-1.34159,1.2247,0.999961,0.267251,-1.2247,3
1.2247,-1.41416,0.447196,-1.34159,1.2247,0.999961,0.267251,0.0,4
1.2247,-1.41416,0.447196,-1.34159,1.2247,0.999961,0.267251,1.2247,0
1.2247,-1.41416,0.447196,-1.34159,1.2247,0.999961,1.069,-1.2247,4
1.2247,-1.41416,0.447196,-1.34159,1.2247,0.999961,1.069,0.0,4
1.2247,-1.41416,0.447196,-1.34159,1.2247,0.999961,1.069,1.2247,0
1.2247,-1.41416,0.447196,-0.447196,-1.2247,-0.999961,-1.33625,-1.2247,3
1.2247,-1.41416,0.447196,-0.447196,-1.2247,-0.999961,-1.33625,0.0,3
1.2247,-1.41416,0.447196,-0.447196,-1.2247,-0.999961,-1.33625,1.2247,0
1.2247,-1.41416,0.447196,-0.447196,-1.2247,-0.999961,0.267251,-1.2247,3
1.2247,-1.41416,0.447196,-0.447196,-1.2247,-0.999961,0.267251,0.0,3
1.2247,-1.41416,0.447196,-0.447196,-1.2247,-0.999961,0.267251,1.2247,0
1.2247,-1.41416,0.447196,-0.447196,-1.2247,-0.999961,1.069,-1.2247,3
1.2247,-1.41416,0.447196,-0.447196,-1.2247,-0.999961,1.069,0.0,3
1.2247,-1.41416,0.447196,-0.447196,-1.2247,-0.999961,1.069,1.2247,0
1.2247,-1.41416,0.447196,-0.447196,-1.2247,0.999961,-1.33625,-1.2247,3
1.2247,-1.41416,0.447196,-0.447196,-1.2247,0.999961,-1.33625,0.0,4
1.2247,-1.41416,0.447196,-0.447196,-1.2247,0.999961,-1.33625,1.2247,0
1.2247,-1.41416,0.447196,-0.447196,-1.2247,0.999961,0.267251,-1.2247,3
1.2247,-1.41416,0.447196,-0.447196,-1.2247,0.999961,0.267251,0.0,4
1.2247,-1.41416,0.447196,-0.447196,-1.2247,0.999961,0.267251,1.2247,0
1.2247,-1.41416,0.447196,-0.447196,-1.2247,0.999961,1.069,-1.2247,4
1.2247,-1.41416,0.447196,-0.447196,-1.2247,0.999961,1.069,0.0,4
1.2247,-1.41416,0.447196,-0.447196,-1.2247,0.999961,1.069,1.2247,0
1.2247,-1.41416,0.447196,-0.447196,0.0,-0.999961,-1.33625,-1.2247,3
1.2247,-1.41416,0.447196,-0.447196,0.0,-0.999961,-1.33625,0.0,4
1.2247,-1.41416,0.447196,-0.447196,0.0,-0.999961,-1.33625,1.2247,0
1.2247,-1.41416,0.447196,-0.447196,0.0,-0.999961,0.267251,-1.2247,3
1.2247,-1.41416,0.447196,-0.447196,0.0,-0.999961,0.267251,0.0,4
1.2247,-1.41416,0.447196,-0.447196,0.0,-0.999961,0.267251,1.2247,0
1.2247,-1.41416,0.447196,-0.447196,0.0,-0.999961,1.069,-1.2247,4
1.2247,-1.41416,0.447196,-0.447196,0.0,-0.999961,1.069,0.0,4
1.2247,-1.41416,0.447196,-0.447196,0.0,-0.999961,1.069,1.2247,0
1.2247,-1.41416,0.447196,-0.447196,0.0,0.999961,-1.33625,-1.2247,3
1.2247,-1.41416,0.447196,-0.447196,0.0,0.999961,-1.33625,0.0,4
1.2247,-1.41416,0.447196,-0.447196,0.0,0.999961,-1.33625,1.2247,0
1.2247,-1.41416,0.447196,-0.447196,0.0,0.999961,0.267251,-1.2247,3
1.2247,-1.41416,0.447196,-0.447196,0.0,0.999961,0.267251,0.0,4
1.2247,-1.41416,0.447196,-0.447196,0.0,0.999961,0.267251,1.2247,0
1.2247,-1.41416,0.447196,-0.447196,0.0,0.999961,1.069,-1.2247,4
1.2247,-1.41416,0.447196,-0.447196,0.0,0.999961,1.069,0.0,4
1.2247,-1.41416,0.447196,-0.447196,0.0,0.999961,1.069,1.2247,0
1.2247,-1.41416,0.447196,-0.447196,1.2247,-0.999961,-1.33625,-1.2247,3
1.2247,-1.41416,0.447196,-0.447196,1.2247,-0.999961,-1.33625,0.0,4
1.2247,-1.41416,0.447196,-0.447196,1.2247,-0.999961,-1.33625,1.2247,0
1.2247,-1.41416,0.447196,-0.447196,1.2247,-0.999961,0.267251,-1.2247,3
1.2247,-1.41416,0.447196,-0.447196,1.2247,-0.999961,0.267251,0.0,4
1.2247,-1.41416,0.447196,-0.447196,1.2247,-0.999961,0.267251,1.2247,0
1.2247,-1.41416,0.447196,-0.447196,1.2247,-0.999961,1.069,-1.2247,4
1.2247,-1.41416,0.447196,-0.447196,1.2247,-0.999961,1.069,0.0,4
1.2247,-1.41416,0.447196,-0.447196,1.2247,-0.999961,1.069,1.2247,0
1.2247,-1.41416,0.447196,-0.447196,1.2247,0.999961,-1.33625,-1.2247,3
1.2247,-1.41416,0.447196,-0.447196,1.2247,0.999961,-1.33625,0.0,4
1.2247,-1.41416,0.447196,-0.447196,1.2247,0.999961,-1.33625,1.2247,0
1.2247,-1.41416,0.447196,-0.447196,1.2247,0.999961,0.267251,-1.2247,3
1.2247,-1.41416,0.447196,-0.447196,1.2247,0.999961,0.267251,0.0,4
1.2247,-1.41416,0.447196,-0.447196,1.2247,0.999961,0.267251,1.2247,0
1.2247,-1.41416,0.447196,-0.447196,1.2247,0.999961,1.069,-1.2247,4
1.2247,-1.41416,0.447196,-0.447196,1.2247,0.999961,1.069,0.0,4
1.2247,-1.41416,0.447196,-0.447196,1.2247,0.999961,1.069,1.2247,0
1.2247,-1.41416,0.447196,0.447196,-1.2247,-0.999961,-1.33625,-1.2247,3
1.2247,-1.41416,0.447196,0.447196,-1.2247,-0.999961,-1.33625,0.0,3
1.2247,-1.41416,0.447196,0.447196,-1.2247,-0.999961,-1.33625,1.2247,0
1.2247,-1.41416,0.447196,0.447196,-1.2247,-0.999961,0.267251,-1.2247,3
1.2247,-1.41416,0.447196,0.447196,-1.2247,-0.999961,0.267251,0.0,3
1.2247,-1.41416,0.447196,0.447196,-1.2247,-0.999961,0.267251,1.2247,0
1.2247,-1.41416,0.447196,0.447196,-1.2247,-0.999961,1.069,-1.2247,3
1.2247,-1.41416,0.447196,0.447196,-1.2247,-0.999961,1.069,0.0,3
1.2247,-1.41416,0.447196,0.447196,-1.2247,-0.999961,1.069,1.2247,0
1.2247,-1.41416,0.447196,0.447196,-1.2247,0.999961,-1.33625,-1.2247,3
1.2247,-1.41416,0.447196,0.447196,-1.2247,0.999961,-1.33625,0.0,4
1.2247,-1.41416,0.447196,0.447196,-1.2247,0.999961,-1.33625,1.2247,0
1.2247,-1.41416,0.447196,0.447196,-1.2247,0.999961,0.267251,-1.2247,3
1.2247,-1.41416,0.447196,0.447196,-1.2247,0.999961,0.267251,0.0,4
1.2247,-1.41416,0.447196,0.447196,-1.2247,0.999961,0.267251,1.2247,0
1.2247,-1.41416,0.447196,0.447196,-1.2247,0.999961,1.069,-1.2247,4
1.2247,-1.41416,0.447196,0.447196,-1.2247,0.999961,1.069,0.0,4
1.2247,-1.41416,0.447196,0.447196,-1.2247,0.999961,1.069,1.2247,0
1.2247,-1.41416,0.447196,0.447196,0.0,-0.999961,-1.33625,-1.2247,3
1.2247,-1.41416,0.447196,0.447196,0.0,-0.999961,-1.33625,0.0,4
1.2247,-1.41416,0.447196,0.447196,0.0,-0.999961,-1.33625,1.2247,0
1.2247,-1.41416,0.447196,0.447196,0.0,-0.999961,0.267251,-1.2247,3
1.2247,-1.41416,0.447196,0.447196,0.0,-0.999961,0.267251,0.0,4
1.2247,-1.41416,0.447196,0.447196,0.0,-0.999961,0.267251,1.2247,0
1.2247,-1.41416,0.447196,0.447196,0.0,-0.999961,1.069,-1.2247,4
1.2247,-1.41416,0.447196,0.447196,0.0,-0.999961,1.069,0.0,4
1.2247,-1.41416,0.447196,0.447196,0.0,-0.999961,1.069,1.2247,0
1.2247,-1.41416,0.447196,0.447196,0.0,0.999961,-1.33625,-1.2247,3
1.2247,-1.41416,0.447196,0.447196,0.0,0.999961,-1.33625,0.0,4
1.2247,-1.41416,0.447196,0.447196,0.0,0.999961,-1.33625,1.2247,0
1.2247,-1.41416,0.447196,0.447196,0.0,0.999961,0.267251,-1.2247,3
1.2247,-1.41416,0.447196,0.447196,0.0,0.999961,0.267251,0.0,4
1.2247,-1.41416,0.447196,0.447196,0.0,0.999961,0.267251,1.2247,0
1.2247,-1.41416,0.447196,0.447196,0.0,0.999961,1.069,-1.2247,4
1.2247,-1.41416,0.447196,0.447196,0.0,0.999961,1.069,0.0,4
1.2247,-1.41416,0.447196,0.447196,0.0,0.999961,1.069,1.2247,0
1.2247,-1.41416,0.447196,0.447196,1.2247,-0.999961,-1.33625,-1.2247,3
1.2247,-1.41416,0.447196,0.447196,1.2247,-0.999961,-1.33625,0.0,4
1.2247,-1.41416,0.447196,0.447196,1.2247,-0.999961,-1.33625,1.2247,0
1.2247,-1.41416,0.447196,0.447196,1.2247,-0.999961,0.267251,-1.2247,3
1.2247,-1.41416,0.447196,0.447196,1.2247,-0.999961,0.267251,0.0,4
1.2247,-1.41416,0.447196,0.447196,1.2247,-0.999961,0.267251,1.2247,0
1.2247,-1.41416,0.447196,0.447196,1.2247,-0.999961,1.069,-1.2247,4
1.2247,-1.41416,0.447196,0.447196,1.2247,-0.999961,1.069,0.0,4
1.2247,-1.41416,0.447196,0.447196,1.2247,-0.999961,1.069,1.2247,0
1.2247,-1.41416,0.447196,0.447196,1.2247,0.999961,-1.33625,-1.2247,3
1.2247,-1.41416,0.447196,0.447196,1.2247,0.999961,-1.33625,0.0,4
1.2247,-1.41416,0.447196,0.447196,1.2247,0.999961,-1.33625,1.2247,0
1.2247,-1.41416,0.447196,0.447196,1.2247,0.999961,0.267251,-1.2247,3
1.2247,-1.41416,0.447196,0.447196,1.2247,0.999961,0.267251,0.0,4
1.2247,-1.41416,0.447196,0.447196,1.2247,0.999961,0.267251,1.2247,0
1.2247,-1.41416,0.447196,0.447196,1.2247,0.999961,1.069,-1.2247,4
1.2247,-1.41416,0.447196,0.447196,1.2247,0.999961,1.069,0.0,4
1.2247,-1.41416,0.447196,0.447196,1.2247,0.999961,1.069,1.2247,0
1.2247,-1.41416,0.447196,1.34159,-1.2247,-0.999961,-1.33625,-1.2247,3
1.2247,-1.41416,0.447196,1.34159,-1.2247,-0.999961,-1.33625,0.0,3
1.2247,-1.41416,0.447196,1.34159,-1.2247,-0.999961,-1.33625,1.2247,0
1.2247,-1.41416,0.447196,1.34159,-1.2247,-0.999961,0.267251,-1.2247,3
1.2247,-1.41416,0.447196,1.34159,-1.2247,-0.999961,0.267251,0.0,3
1.2247,-1.41416,0.447196,1.34159,-1.2247,-0.999961,0.267251,1.2247,0
1.2247,-1.41416,0.447196,1.34159,-1.2247,-0.999961,1.069,-1.2247,3
1.2247,-1.41416,0.447196,1.34159,-1.2247,-0.999961,1.069,0.0,3
1.2247,-1.41416,0.447196,1.34159,-1.2247,-0.999961,1.069,1.2247,0
1.2247,-1.41416,0.447196,1.34159,-1.2247,0.999961,-1.33625,-1.2247,3
1.2247,-1.41416,0.447196,1.34159,-1.2247,0.999961,-1.33625,0.0,4
1.2247,-1.41416,0.447196,1.34159,-1.2247,0.999961,-1.33625,1.2247,0
1.2247,-1.41416,0.447196,1.34159,-1.2247,0.999961,0.267251,-1.2247,3
1.2247,-1.41416,0.447196,1.34159,-1.2247,0.999961,0.267251,0.0,4
1.2247,-1.41416,0.447196,1.34159,-1.2247,0.999961,0.267251,1.2247,0
1.2247,-1.41416,0.447196,1.34159,-1.2247,0.999961,1.069,-1.2247,4
1.2247,-1.41416,0.447196,1.34159,-1.2247,0.999961,1.069,0.0,4
1.2247,-1.41416,0.447196,1.34159,-1.2247,0.999961,1.069,1.2247,0
1.2247,-1.41416,0.447196,1.34159,0.0,-0.999961,-1.33625,-1.2247,3
1.2247,-1.41416,0.447196,1.34159,0.0,-0.999961,-1.33625,0.0,4
1.2247,-1.41416,0.447196,1.34159,0.0,-0.999961,-1.33625,1.2247,0
1.2247,-1.41416,0.447196,1.34159,0.0,-0.999961,0.267251,-1.2247,3
1.2247,-1.41416,0.447196,1.34159,0.0,-0.999961,0.267251,0.0,4
1.2247,-1.41416,0.447196,1.34159,0.0,-0.999961,0.267251,1.2247,0
1.2247,-1.41416,0.447196,1.34159,0.0,-0.999961,1.069,-1.2247,4
1.2247,-1.41416,0.447196,1.34159,0.0,-0.999961,1.069,0.0,4
1.2247,-1.41416,0.447196,1.34159,0.0,-0.999961,1.069,1.2247,0
1.2247,-1.41416,0.447196,1.34159,0.0,0.999961,-1.33625,-1.2247,3
1.2247,-1.41416,0.447196,1.34159,0.0,0.999961,-1.33625,0.0,4
1.2247,-1.41416,0.447196,1.34159,0.0,0.999961,-1.33625,1.2247,0
1.2247,-1.41416,0.447196,1.34159,0.0,0.999961,0.267251,-1.2247,3
1.2247,-1.41416,0.447196,1.34159,0.0,0.999961,0.267251,0.0,4
1.2247,-1.41416,0.447196,1.34159,0.0,0.999961,0.267251,1.2247,0
1.2247,-1.41416,0.447196,1.34159,0.0,0.999961,1.069,-1.2247,4
1.2247,-1.41416,0.447196,1.34159,0.0,0.999961,1.069,0.0,4
1.2247,-1.41416,0.447196,1.34159,0.0,0.999961,1.069,1.2247,0
1.2247,-1.41416,0.447196,1.34159,1.2247,-0.999961,-1.33625,-1.2247,3
1.2247,-1.41416,0.447196,1.34159,1.2247,-0.999961,-1.33625,0.0,4
1.2247,-1.41416,0.447196,1.34159,1.2247,-0.999961,-1.33625,1.2247,0
1.2247,-1.41416,0.447196,1.34159,1.2247,-0.999961,0.267251,-1.2247,3
1.2247,-1.41416,0.447196,1.34159,1.2247,-0.999961,0.267251,0.0,4
1.2247,-1.41416,0.447196,1.34159,1.2247,-0.999961,0.267251,1.2247,0
1.2247,-1.41416,0.447196,1.34159,1.2247,-0.999961,1.069,-1.2247,4
1.2247,-1.41416,0.447196,1.34159,1.2247,-0.999961,1.069,0.0,4
1.2247,-1.41416,0.447196,1.34159,1.2247,-0.999961,1.069,1.2247,0
1.2247,-1.41416,0.447196,1.34159,1.2247,0.999961,-1.33625,-1.2247,3
1.2247,-1.41416,0.447196,1.34159,1.2247,0.999961,-1.33625,0.0,4
1.2247,-1.41416,0.447196,1.34159,1.2247,0.999961,-1.33625,1.2247,0
1.2247,-1.41416,0.447196,1.34159,1.2247,0.999961,0.267251,-1.2247,3
1.2247,-1.41416,0.447196,1.34159,1.2247,0.999961,0.267251,0.0,4
1.2247,-1.41416,0.447196,1.34159,1.2247,0.999961,0.267251,1.2247,0
1.2247,-1.41416,0.447196,1.34159,1.2247,0.999961,1.069,-1.2247,4
1.2247,-1.41416,0.447196,1.34159,1.2247,0.999961,1.069,0.0,4
1.2247,-1.41416,0.447196,1.34159,1.2247,0.999961,1.069,1.2247,0
1.2247,-1.41416,1.34159,-1.34159,-1.2247,-0.999961,-1.33625,-1.2247,3
1.2247,-1.41416,1.34159,-1.34159,-1.2247,-0.999961,-1.33625,0.0,3
1.2247,-1.41416,1.34159,-1.34159,-1.2247,-0.999961,-1.33625,1.2247,0
1.2247,-1.41416,1.34159,-1.34159,-1.2247,-0.999961,0.267251,-1.2247,3
1.2247,-1.41416,1.34159,-1.34159,-1.2247,-0.999961,0.267251,0.0,3
1.2247,-1.41416,1.34159,-1.34159,-1.2247,-0.999961,0.267251,1.2247,0
1.2247,-1.41416,1.34159,-1.34159,-1.2247,-0.999961,1.069,-1.2247,3
1.2247,-1.41416,1.34159,-1.34159,-1.2247,-0.999961,1.069,0.0,3
1.2247,-1.41416,1.34159,-1.34159,-1.2247,-0.999961,1.069,1.2247,0
1.2247,-1.41416,1.34159,-1.34159,-1.2247,0.999961,-1.33625,-1.2247,3
1.2247,-1.41416,1.34159,-1.34159,-1.2247,0.999961,-1.33625,0.0,4
1.2247,-1.41416,1.34159,-1.34159,-1.2247,0.999961,-1.33625,1.2247,0
1.2247,-1.41416,1.34159,-1.34159,-1.2247,0.999961,0.267251,-1.2247,3
1.2247,-1.41416,1.34159,-1.34159,-1.2247,0.999961,0.267251,0.0,4
1.2247,-1.41416,1.34159,-1.34159,-1.2247,0.999961,0.267251,1.2247,0
1.2247,-1.41416,1.34159,-1.34159,-1.2247,0.999961,1.069,-1.2247,4
1.2247,-1.41416,1.34159,-1.34159,-1.2247,0.999961,1.069,0.0,4
1.2247,-1.41416,1.34159,-1.34159,-1.2247,0.999961,1.069,1.2247,0
1.2247,-1.41416,1.34159,-1.34159,0.0,-0.999961,-1.33625,-1.2247,3
1.2247,-1.41416,1.34159,-1.34159,0.0,-0.999961,-1.33625,0.0,4
1.2247,-1.41416,1.34159,-1.34159,0.0,-0.999961,-1.33625,1.2247,0
1.2247,-1.41416,1.34159,-1.34159,0.0,-0.999961,0.267251,-1.2247,3
1.2247,-1.41416,1.34159,-1.34159,0.0,-0.999961,0.267251,0.0,4
1.2247,-1.41416,1.34159,-1.34159,0.0,-0.999961,0.267251,1.2247,0
1.2247,-1.41416,1.34159,-1.34159,0.0,-0.999961,1.069,-1.2247,4
1.2247,-1.41416,1.34159,-1.34159,0.0,-0.999961,1.069,0.0,4
1.2247,-1.41416,1.34159,-1.34159,0.0,-0.999961,1.069,1.2247,0
1.2247,-1.41416,1.34159,-1.34159,0.0,0.999961,-1.33625,-1.2247,3
1.2247,-1.41416,1.34159,-1.34159,0.0,0.999961,-1.33625,0.0,4
1.2247,-1.41416,1.34159,-1.34159,0.0,0.999961,-1.33625,1.2247,0
1.2247,-1.41416,1.34159,-1.34159,0.0,0.999961,0.267251,-1.2247,3
1.2247,-1.41416,1.34159,-1.34159,0.0,0.999961,0.267251,0.0,4
1.2247,-1.41416,1.34159,-1.34159,0.0,0.999961,0.267251,1.2247,0
1.2247,-1.41416,1.34159,-1.34159,0.0,0.999961,1.069,-1.2247,4
1.2247,-1.41416,1.34159,-1.34159,0.0,0.999961,1.069,0.0,4
1.2247,-1.41416,1.34159,-1.34159,0.0,0.999961,1.069,1.2247,0
1.2247,-1.41416,1.34159,-1.34159,1.2247,-0.999961,-1.33625,-1.2247,3
1.2247,-1.41416,1.34159,-1.34159,1.2247,-0.999961,-1.33625,0.0,4
1.2247,-1.41416,1.34159,-1.34159,1.2247,-0.999961,-1.33625,1.2247,0
1.2247,-1.41416,1.34159,-1.34159,1.2247,-0.999961,0.267251,-1.2247,3
1.2247,-1.41416,1.34159,-1.34159,1.2247,-0.999961,0.267251,0.0,4
1.2247,-1.41416,1.34159,-1.34159,1.2247,-0.999961,0.267251,1.2247,0
1.2247,-1.41416,1.34159,-1.34159,1.2247,-0.999961,1.069,-1.2247,4
1.2247,-1.41416,1.34159,-1.34159,1.2247,-0.999961,1.069,0.0,4
1.2247,-1.41416,1.34159,-1.34159,1.2247,-0.999961,1.069,1.2247,0
1.2247,-1.41416,1.34159,-1.34159,1.2247,0.999961,-1.33625,-1.2247,3
1.2247,-1.41416,1.34159,-1.34159,1.2247,0.999961,-1.33625,0.0,4
1.2247,-1.41416,1.34159,-1.34159,1.2247,0.999961,-1.33625,1.2247,0
1.2247,-1.41416,1.34159,-1.34159,1.2247,0.999961,0.267251,-1.2247,3
1.2247,-1.41416,1.34159,-1.34159,1.2247,0.999961,0.267251,0.0,4
1.2247,-1.41416,1.34159,-1.34159,1.2247,0.999961,0.267251,1.2247,0
1.2247,-1.41416,1.34159,-1.34159,1.2247,0.999961,1.069,-1.2247,4
1.2247,-1.41416,1.34159,-1.34159,1.2247,0.999961,1.069,0.0,4
1.2247,-1.41416,1.34159,-1.34159,1.2247,0.999961,1.069,1.2247,0
1.2247,-1.41416,1.34159,-0.447196,-1.2247,-0.999961,-1.33625,-1.2247,3
1.2247,-1.41416,1.34159,-0.447196,-1.2247,-0.999961,-1.33625,0.0,3
1.2247,-1.41416,1.34159,-0.447196,-1.2247,-0.999961,-1.33625,1.2247,0
1.2247,-1.41416,1.34159,-0.447196,-1.2247,-0.999961,0.267251,-1.2247,3
1.2247,-1.41416,1.34159,-0.447196,-1.2247,-0.999961,0.267251,0.0,3
1.2247,-1.41416,1.34159,-0.447196,-1.2247,-0.999961,0.267251,1.2247,0
1.2247,-1.41416,1.34159,-0.447196,-1.2247,-0.999961,1.069,-1.2247,3
1.2247,-1.41416,1.34159,-0.447196,-1.2247,-0.999961,1.069,0.0,3
1.2247,-1.41416,1.34159,-0.447196,-1.2247,-0.999961,1.069,1.2247,0
1.2247,-1.41416,1.34159,-0.447196,-1.2247,0.999961,-1.33625,-1.2247,3
1.2247,-1.41416,1.34159,-0.447196,-1.2247,0.999961,-1.33625,0.0,4
1.2247,-1.41416,1.34159,-0.447196,-1.2247,0.999961,-1.33625,1.2247,0
1.2247,-1.41416,1.34159,-0.447196,-1.2247,0.999961,0.267251,-1.2247,3
1.2247,-1.41416,1.34159,-0.447196,-1.2247,0.999961,0.267251,0.0,4
1.2247,-1.41416,1.34159,-0.447196,-1.2247,0.999961,0.267251,1.2247,0
1.2247,-1.41416,1.34159,-0.447196,-1.2247,0.999961,1.069,-1.2247,4
1.2247,-1.41416,1.34159,-0.447196,-1.2247,0.999961,1.069,0.0,4
1.2247,-1.41416,1.34159,-0.447196,-1.2247,0.999961,1.069,1.2247,0
1.2247,-1.41416,1.34159,-0.447196,0.0,-0.999961,-1.33625,-1.2247,3
1.2247,-1.41416,1.34159,-0.447196,0.0,-0.999961,-1.33625,0.0,4
1.2247,-1.41416,1.34159,-0.447196,0.0,-0.999961,-1.33625,1.2247,0
1.2247,-1.41416,1.34159,-0.447196,0.0,-0.999961,0.267251,-1.2247,3
1.2247,-1.41416,1.34159,-0.447196,0.0,-0.999961,0.267251,0.0,4
1.2247,-1.41416,1.34159,-0.447196,0.0,-0.999961,0.267251,1.2247,0
1.2247,-1.41416,1.34159,-0.447196,0.0,-0.999961,1.069,-1.2247,4
1.2247,-1.41416,1.34159,-0.447196,0.0,-0.999961,1.069,0.0,4
1.2247,-1.41416,1.34159,-0.447196,0.0,-0.999961,1.069,1.2247,0
1.2247,-1.41416,1.34159,-0.447196,0.0,0.999961,-1.33625,-1.2247,3
1.2247,-1.41416,1.34159,-0.447196,0.0,0.999961,-1.33625,0.0,4
1.2247,-1.41416,1.34159,-0.447196,0.0,0.999961,-1.33625,1.2247,0
1.2247,-1.41416,1.34159,-0.447196,0.0,0.999961,0.267251,-1.2247,3
1.2247,-1.41416,1.34159,-0.447196,0.0,0.999961,0.267251,0.0,4
1.2247,-1.41416,1.34159,-0.447196,0.0,0.999961,0.267251,1.2247,0
1.2247,-1.41416,1.34159,-0.447196,0.0,0.999961,1.069,-1.2247,4
1.2247,-1.41416,1.34159,-0.447196,0.0,0.999961,1.069,0.0,4
1.2247,-1.41416,1.34159,-0.447196,0.0,0.999961,1.069,1.2247,0
1.2247,-1.41416,1.34159,-0.447196,1.2247,-0.999961,-1.33625,-1.2247,3
1.2247,-1.41416,1.34159,-0.447196,1.2247,-0.999961,-1.33625,0.0,4
1.2247,-1.41416,1.34159,-0.447196,1.2247,-0.999961,-1.33625,1.2247,0
1.2247,-1.41416,1.34159,-0.447196,1.2247,-0.999961,0.267251,-1.2247,3
1.2247,-1.41416,1.34159,-0.447196,1.2247,-0.999961,0.267251,0.0,4
1.2247,-1.41416,1.34159,-0.447196,1.2247,-0.999961,0.267251,1.2247,0
1.2247,-1.41416,1.34159,-0.447196,1.2247,-0.999961,1.069,-1.2247,4
1.2247,-1.41416,1.34159,-0.447196,1.2247,-0.999961,1.069,0.0,4
1.2247,-1.41416,1.34159,-0.447196,1.2247,-0.999961,1.069,1.2247,0
1.2247,-1.41416,1.34159,-0.447196,1.2247,0.999961,-1.33625,-1.2247,3
1.2247,-1.41416,1.34159,-0.447196,1.2247,0.999961,-1.33625,0.0,4
1.2247,-1.41416,1.34159,-0.447196,1.2247,0.999961,-1.33625,1.2247,0
1.2247,-1.41416,1.34159,-0.447196,1.2247,0.999961,0.267251,-1.2247,3
1.2247,-1.41416,1.34159,-0.447196,1.2247,0.999961,0.267251,0.0,4
1.2247,-1.41416,1.34159,-0.447196,1.2247,0.999961,0.267251,1.2247,0
1.2247,-1.41416,1.34159,-0.447196,1.2247,0.999961,1.069,-1.2247,4
1.2247,-1.41416,1.34159,-0.447196,1.2247,0.999961,1.069,0.0,4
1.2247,-1.41416,1.34159,-0.447196,1.2247,0.999961,1.069,1.2247,0
1.2247,-1.41416,1.34159,0.447196,-1.2247,-0.999961,-1.33625,-1.2247,3
1.2247,-1.41416,1.34159,0.447196,-1.2247,-0.999961,-1.33625,0.0,3
1.2247,-1.41416,1.34159,0.447196,-1.2247,-0.999961,-1.33625,1.2247,0
1.2247,-1.41416,1.34159,0.447196,-1.2247,-0.999961,0.267251,-1.2247,3
1.2247,-1.41416,1.34159,0.447196,-1.2247,-0.999961,0.267251,0.0,3
1.2247,-1.41416,1.34159,0.447196,-1.2247,-0.999961,0.267251,1.2247,0
1.2247,-1.41416,1.34159,0.447196,-1.2247,-0.999961,1.069,-1.2247,3
1.2247,-1.41416,1.34159,0.447196,-1.2247,-0.999961,1.069,0.0,3
1.2247,-1.41416,1.34159,0.447196,-1.2247,-0.999961,1.069,1.2247,0
1.2247,-1.41416,1.34159,0.447196,-1.2247,0.999961,-1.33625,-1.2247,3
1.2247,-1.41416,1.34159,0.447196,-1.2247,0.999961,-1.33625,0.0,4
1.2247,-1.41416,1.34159,0.447196,-1.2247,0.999961,-1.33625,1.2247,0
1.2247,-1.41416,1.34159,0.447196,-1.2247,0.999961,0.267251,-1.2247,3
1.2247,-1.41416,1.34159,0.447196,-1.2247,0.999961,0.267251,0.0,4
1.2247,-1.41416,1.34159,0.447196,-1.2247,0.999961,0.267251,1.2247,0
1.2247,-1.41416,1.34159,0.447196,-1.2247,0.999961,1.069,-1.2247,4
1.2247,-1.41416,1.34159,0.447196,-1.2247,0.999961,1.069,0.0,4
1.2247,-1.41416,1.34159,0.447196,-1.2247,0.999961,1.069,1.2247,0
1.2247,-1.41416,1.34159,0.447196,0.0,-0.999961,-1.33625,-1.2247,3
1.2247,-1.41416,1.34159,0.447196,0.0,-0.999961,-1.33625,0.0,4
1.2247,-1.41416,1.34159,0.447196,0.0,-0.999961,-1.33625,1.2247,0
1.2247,-1.41416,1.34159,0.447196,0.0,-0.999961,0.267251,-1.2247,3
1.2247,-1.41416,1.34159,0.447196,0.0,-0.999961,0.267251,0.0,4
1.2247,-1.41416,1.34159,0.447196,0.0,-0.999961,0.267251,1.2247,0
1.2247,-1.41416,1.34159,0.447196,0.0,-0.999961,1.069,-1.2247,4
1.2247,-1.41416,1.34159,0.447196,0.0,-0.999961,1.069,0.0,4
1.2247,-1.41416,1.34159,0.447196,0.0,-0.999961,1.069,1.2247,0
1.2247,-1.41416,1.34159,0.447196,0.0,0.999961,-1.33625,-1.2247,3
1.2247,-1.41416,1.34159,0.447196,0.0,0.999961,-1.33625,0.0,4
1.2247,-1.41416,1.34159,0.447196,0.0,0.999961,-1.33625,1.2247,0
1.2247,-1.41416,1.34159,0.447196,0.0,0.999961,0.267251,-1.2247,3
1.2247,-1.41416,1.34159,0.447196,0.0,0.999961,0.267251,0.0,4
1.2247,-1.41416,1.34159,0.447196,0.0,0.999961,0.267251,1.2247,0
1.2247,-1.41416,1.34159,0.447196,0.0,0.999961,1.069,-1.2247,4
1.2247,-1.41416,1.34159,0.447196,0.0,0.999961,1.069,0.0,4
1.2247,-1.41416,1.34159,0.447196,0.0,0.999961,1.069,1.2247,0
1.2247,-1.41416,1.34159,0.447196,1.2247,-0.999961,-1.33625,-1.2247,3
1.2247,-1.41416,1.34159,0.447196,1.2247,-0.999961,-1.33625,0.0,4
1.2247,-1.41416,1.34159,0.447196,1.2247,-0.999961,-1.33625,1.2247,0
1.2247,-1.41416,1.34159,0.447196,1.2247,-0.999961,0.267251,-1.2247,3
1.2247,-1.41416,1.34159,0.447196,1.2247,-0.999961,0.267251,0.0,4
1.2247,-1.41416,1.34159,0.447196,1.2247,-0.999961,0.267251,1.2247,0
1.2247,-1.41416,1.34159,0.447196,1.2247,-0.999961,1.069,-1.2247,4
1.2247,-1.41416,1.34159,0.447196,1.2247,-0.999961,1.069,0.0,4
1.2247,-1.41416,1.34159,0.447196,1.2247,-0.999961,1.069,1.2247,0
1.2247,-1.41416,1.34159,0.447196,1.2247,0.999961,-1.33625,-1.2247,3
1.2247,-1.41416,1.34159,0.447196,1.2247,0.999961,-1.33625,0.0,4
1.2247,-1.41416,1.34159,0.447196,1.2247,0.999961,-1.33625,1.2247,0
1.2247,-1.41416,1.34159,0.447196,1.2247,0.999961,0.267251,-1.2247,3
1.2247,-1.41416,1.34159,0.447196,1.2247,0.999961,0.267251,0.0,4
1.2247,-1.41416,1.34159,0.447196,1.2247,0.999961,0.267251,1.2247,0
1.2247,-1.41416,1.34159,0.447196,1.2247,0.999961,1.069,-1.2247,4
1.2247,-1.41416,1.34159,0.447196,1.2247,0.999961,1.069,0.0,4
1.2247,-1.41416,1.34159,0.447196,1.2247,0.999961,1.069,1.2247,0
1.2247,-1.41416,1.34159,1.34159,-1.2247,-0.999961,-1.33625,-1.2247,3
1.2247,-1.41416,1.34159,1.34159,-1.2247,-0.999961,-1.33625,0.0,3
1.2247,-1.41416,1.34159,1.34159,-1.2247,-0.999961,-1.33625,1.2247,0
1.2247,-1.41416,1.34159,1.34159,-1.2247,-0.999961,0.267251,-1.2247,3
1.2247,-1.41416,1.34159,1.34159,-1.2247,-0.999961,0.267251,0.0,3
1.2247,-1.41416,1.34159,1.34159,-1.2247,-0.999961,0.267251,1.2247,0
1.2247,-1.41416,1.34159,1.34159,-1.2247,-0.999961,1.069,-1.2247,3
1.2247,-1.41416,1.34159,1.34159,-1.2247,-0.999961,1.069,0.0,3
1.2247,-1.41416,1.34159,1.34159,-1.2247,-0.999961,1.069,1.2247,0
1.2247,-1.41416,1.34159,1.34159,-1.2247,0.999961,-1.33625,-1.2247,3
1.2247,-1.41416,1.34159,1.34159,-1.2247,0.999961,-1.33625,0.0,4
1.2247,-1.41416,1.34159,1.34159,-1.2247,0.999961,-1.33625,1.2247,0
1.2247,-1.41416,1.34159,1.34159,-1.2247,0.999961,0.267251,-1.2247,3
1.2247,-1.41416,1.34159,1.34159,-1.2247,0.999961,0.267251,0.0,4
1.2247,-1.41416,1.34159,1.34159,-1.2247,0.999961,0.267251,1.2247,0
1.2247,-1.41416,1.34159,1.34159,-1.2247,0.999961,1.069,-1.2247,4
1.2247,-1.41416,1.34159,1.34159,-1.2247,0.999961,1.069,0.0,4
1.2247,-1.41416,1.34159,1.34159,-1.2247,0.999961,1.069,1.2247,0
1.2247,-1.41416,1.34159,1.34159,0.0,-0.999961,-1.33625,-1.2247,3
1.2247,-1.41416,1.34159,1.34159,0.0,-0.999961,-1.33625,0.0,4
1.2247,-1.41416,1.34159,1.34159,0.0,-0.999961,-1.33625,1.2247,0
1.2247,-1.41416,1.34159,1.34159,0.0,-0.999961,0.267251,-1.2247,3
1.2247,-1.41416,1.34159,1.34159,0.0,-0.999961,0.267251,0.0,4
1.2247,-1.41416,1.34159,1.34159,0.0,-0.999961,0.267251,1.2247,0
1.2247,-1.41416,1.34159,1.34159,0.0,-0.999961,1.069,-1.2247,4
1.2247,-1.41416,1.34159,1.34159,0.0,-0.999961,1.069,0.0,4
1.2247,-1.41416,1.34159,1.34159,0.0,-0.999961,1.069,1.2247,0
1.2247,-1.41416,1.34159,1.34159,0.0,0.999961,-1.33625,-1.2247,3
1.2247,-1.41416,1.34159,1.34159,0.0,0.999961,-1.33625,0.0,4
1.2247,-1.41416,1.34159,1.34159,0.0,0.999961,-1.33625,1.2247,0
1.2247,-1.41416,1.34159,1.34159,0.0,0.999961,0.267251,-1.2247,3
1.2247,-1.41416,1.34159,1.34159,0.0,0.999961,0.267251,0.0,4
1.2247,-1.41416,1.34159,1.34159,0.0,0.999961,0.267251,1.2247,0
1.2247,-1.41416,1.34159,1.34159,0.0,0.999961,1.069,-1.2247,4
1.2247,-1.41416,1.34159,1.34159,0.0,0.999961,1.069,0.0,4
1.2247,-1.41416,1.34159,1.34159,0.0,0.999961,1.069,1.2247,0
1.2247,-1.41416,1.34159,1.34159,1.2247,-0.999961,-1.33625,-1.2247,3
1.2247,-1.41416,1.34159,1.34159,1.2247,-0.999961,-1.33625,0.0,4
1.2247,-1.41416,1.34159,1.34159,1.2247,-0.999961,-1.33625,1.2247,0
1.2247,-1.41416,1.34159,1.34159,1.2247,-0.999961,0.267251,-1.2247,3
1.2247,-1.41416,1.34159,1.34159,1.2247,-0.999961,0.267251,0.0,4
1.2247,-1.41416,1.34159,1.34159,1.2247,-0.999961,0.267251,1.2247,0
1.2247,-1.41416,1.34159,1.34159,1.2247,-0.999961,1.069,-1.2247,4
1.2247,-1.41416,1.34159,1.34159,1.2247,-0.999961,1.069,0.0,4
1.2247,-1.41416,1.34159,1.34159,1.2247,-0.999961,1.069,1.2247,0
1.2247,-1.41416,1.34159,1.34159,1.2247,0.999961,-1.33625,-1.2247,3
1.2247,-1.41416,1.34159,1.34159,1.2247,0.999961,-1.33625,0.0,4
1.2247,-1.41416,1.34159,1.34159,1.2247,0.999961,-1.33625,1.2247,0
1.2247,-1.41416,1.34159,1.34159,1.2247,0.999961,0.267251,-1.2247,3
1.2247,-1.41416,1.34159,1.34159,1.2247,0.999961,0.267251,0.0,4
1.2247,-1.41416,1.34159,1.34159,1.2247,0.999961,0.267251,1.2247,0
1.2247,-1.41416,1.34159,1.34159,1.2247,0.999961,1.069,-1.2247,4
1.2247,-1.41416,1.34159,1.34159,1.2247,0.999961,1.069,0.0,4
1.2247,-1.41416,1.34159,1.34159,1.2247,0.999961,1.069,1.2247,0
1.2247,-0.70708,-1.34159,-1.34159,-1.2247,-0.999961,-1.33625,-1.2247,3
1.2247,-0.70708,-1.34159,-1.34159,-1.2247,-0.999961,-1.33625,0.0,3
1.2247,-0.70708,-1.34159,-1.34159,-1.2247,-0.999961,-1.33625,1.2247,0
1.2247,-0.70708,-1.34159,-1.34159,-1.2247,-0.999961,0.267251,-1.2247,3
1.2247,-0.70708,-1.34159,-1.34159,-1.2247,-0.999961,0.267251,0.0,3
1.2247,-0.70708,-1.34159,-1.34159,-1.2247,-0.999961,0.267251,1.2247,0
1.2247,-0.70708,-1.34159,-1.34159,-1.2247,-0.999961,1.069,-1.2247,3
1.2247,-0.70708,-1.34159,-1.34159,-1.2247,-0.999961,1.069,0.0,3
1.2247,-0.70708,-1.34159,-1.34159,-1.2247,-0.999961,1.069,1.2247,0
1.2247,-0.70708,-1.34159,-1.34159,-1.2247,0.999961,-1.33625,-1.2247,3
1.2247,-0.70708,-1.34159,-1.34159,-1.2247,0.999961,-1.33625,0.0,3
1.2247,-0.70708,-1.34159,-1.34159,-1.2247,0.999961,-1.33625,1.2247,0
1.2247,-0.70708,-1.34159,-1.34159,-1.2247,0.999961,0.267251,-1.2247,3
1.2247,-0.70708,-1.34159,-1.34159,-1.2247,0.999961,0.267251,0.0,3
1.2247,-0.70708,-1.34159,-1.34159,-1.2247,0.999961,0.267251,1.2247,0
1.2247,-0.70708,-1.34159,-1.34159,-1.2247,0.999961,1.069,-1.2247,3
1.2247,-0.70708,-1.34159,-1.34159,-1.2247,0.999961,1.069,0.0,3
1.2247,-0.70708,-1.34159,-1.34159,-1.2247,0.999961,1.069,1.2247,0
1.2247,-0.70708,-1.34159,-1.34159,0.0,-0.999961,-1.33625,-1.2247,3
1.2247,-0.70708,-1.34159,-1.34159,0.0,-0.999961,-1.33625,0.0,3
1.2247,-0.70708,-1.34159,-1.34159,0.0,-0.999961,-1.33625,1.2247,0
1.2247,-0.70708,-1.34159,-1.34159,0.0,-0.999961,0.267251,-1.2247,3
1.2247,-0.70708,-1.34159,-1.34159,0.0,-0.999961,0.267251,0.0,3
1.2247,-0.70708,-1.34159,-1.34159,0.0,-0.999961,0.267251,1.2247,0
1.2247,-0.70708,-1.34159,-1.34159,0.0,-0.999961,1.069,-1.2247,3
1.2247,-0.70708,-1.34159,-1.34159,0.0,-0.999961,1.069,0.0,3
1.2247,-0.70708,-1.34159,-1.34159,0.0,-0.999961,1.069,1.2247,0
1.2247,-0.70708,-1.34159,-1.34159,0.0,0.999961,-1.33625,-1.2247,3
1.2247,-0.70708,-1.34159,-1.34159,0.0,0.999961,-1.33625,0.0,3
1.2247,-0.70708,-1.34159,-1.34159,0.0,0.999961,-1.33625,1.2247,0
1.2247,-0.70708,-1.34159,-1.34159,0.0,0.999961,0.267251,-1.2247,3
1.2247,-0.70708,-1.34159,-1.34159,0.0,0.999961,0.267251,0.0,3
1.2247,-0.70708,-1.34159,-1.34159,0.0,0.999961,0.267251,1.2247,0
1.2247,-0.70708,-1.34159,-1.34159,0.0,0.999961,1.069,-1.2247,3
1.2247,-0.70708,-1.34159,-1.34159,0.0,0.999961,1.069,0.0,3
1.2247,-0.70708,-1.34159,-1.34159,0.0,0.999961,1.069,1.2247,0
1.2247,-0.70708,-1.34159,-1.34159,1.2247,-0.999961,-1.33625,-1.2247,3
1.2247,-0.70708,-1.34159,-1.34159,1.2247,-0.999961,-1.33625,0.0,3
1.2247,-0.70708,-1.34159,-1.34159,1.2247,-0.999961,-1.33625,1.2247,0
1.2247,-0.70708,-1.34159,-1.34159,1.2247,-0.999961,0.267251,-1.2247,3
1.2247,-0.70708,-1.34159,-1.34159,1.2247,-0.999961,0.267251,0.0,3
1.2247,-0.70708,-1.34159,-1.34159,1.2247,-0.999961,0.267251,1.2247,0
1.2247,-0.70708,-1.34159,-1.34159,1.2247,-0.999961,1.069,-1.2247,3
1.2247,-0.70708,-1.34159,-1.34159,1.2247,-0.999961,1.069,0.0,3
1.2247,-0.70708,-1.34159,-1.34159,1.2247,-0.999961,1.069,1.2247,0
1.2247,-0.70708,-1.34159,-1.34159,1.2247,0.999961,-1.33625,-1.2247,3
1.2247,-0.70708,-1.34159,-1.34159,1.2247,0.999961,-1.33625,0.0,3
1.2247,-0.70708,-1.34159,-1.34159,1.2247,0.999961,-1.33625,1.2247,0
1.2247,-0.70708,-1.34159,-1.34159,1.2247,0.999961,0.267251,-1.2247,3
1.2247,-0.70708,-1.34159,-1.34159,1.2247,0.999961,0.267251,0.0,3
1.2247,-0.70708,-1.34159,-1.34159,1.2247,0.999961,0.267251,1.2247,0
1.2247,-0.70708,-1.34159,-1.34159,1.2247,0.999961,1.069,-1.2247,3
1.2247,-0.70708,-1.34159,-1.34159,1.2247,0.999961,1.069,0.0,3
1.2247,-0.70708,-1.34159,-1.34159,1.2247,0.999961,1.069,1.2247,0
1.2247,-0.70708,-1.34159,-0.447196,-1.2247,-0.999961,-1.33625,-1.2247,3
1.2247,-0.70708,-1.34159,-0.447196,-1.2247,-0.999961,-1.33625,0.0,3
1.2247,-0.70708,-1.34159,-0.447196,-1.2247,-0.999961,-1.33625,1.2247,0
1.2247,-0.70708,-1.34159,-0.447196,-1.2247,-0.999961,0.267251,-1.2247,3
1.2247,-0.70708,-1.34159,-0.447196,-1.2247,-0.999961,0.267251,0.0,3
1.2247,-0.70708,-1.34159,-0.447196,-1.2247,-0.999961,0.267251,1.2247,0
1.2247,-0.70708,-1.34159,-0.447196,-1.2247,-0.999961,1.069,-1.2247,3
1.2247,-0.70708,-1.34159,-0.447196,-1.2247,-0.999961,1.069,0.0,3
1.2247,-0.70708,-1.34159,-0.447196,-1.2247,-0.999961,1.069,1.2247,0
1.2247,-0.70708,-1.34159,-0.447196,-1.2247,0.999961,-1.33625,-1.2247,3
1.2247,-0.70708,-1.34159,-0.447196,-1.2247,0.999961,-1.33625,0.0,3
1.2247,-0.70708,-1.34159,-0.447196,-1.2247,0.999961,-1.33625,1.2247,0
1.2247,-0.70708,-1.34159,-0.447196,-1.2247,0.999961,0.267251,-1.2247,3
1.2247,-0.70708,-1.34159,-0.447196,-1.2247,0.999961,0.267251,0.0,3
1.2247,-0.70708,-1.34159,-0.447196,-1.2247,0.999961,0.267251,1.2247,0
1.2247,-0.70708,-1.34159,-0.447196,-1.2247,0.999961,1.069,-1.2247,3
1.2247,-0.70708,-1.34159,-0.447196,-1.2247,0.999961,1.069,0.0,3
1.2247,-0.70708,-1.34159,-0.447196,-1.2247,0.999961,1.069,1.2247,0
1.2247,-0.70708,-1.34159,-0.447196,0.0,-0.999961,-1.33625,-1.2247,3
1.2247,-0.70708,-1.34159,-0.447196,0.0,-0.999961,-1.33625,0.0,3
1.2247,-0.70708,-1.34159,-0.447196,0.0,-0.999961,-1.33625,1.2247,0
1.2247,-0.70708,-1.34159,-0.447196,0.0,-0.999961,0.267251,-1.2247,3
1.2247,-0.70708,-1.34159,-0.447196,0.0,-0.999961,0.267251,0.0,3
1.2247,-0.70708,-1.34159,-0.447196,0.0,-0.999961,0.267251,1.2247,0
1.2247,-0.70708,-1.34159,-0.447196,0.0,-0.999961,1.069,-1.2247,3
1.2247,-0.70708,-1.34159,-0.447196,0.0,-0.999961,1.069,0.0,3
1.2247,-0.70708,-1.34159,-0.447196,0.0,-0.999961,1.069,1.2247,0
1.2247,-0.70708,-1.34159,-0.447196,0.0,0.999961,-1.33625,-1.2247,3
1.2247,-0.70708,-1.34159,-0.447196,0.0,0.999961,-1.33625,0.0,3
1.2247,-0.70708,-1.34159,-0.447196,0.0,0.999961,-1.33625,1.2247,0
1.2247,-0.70708,-1.34159,-0.447196,0.0,0.999961,0.267251,-1.2247,3
1.2247,-0.70708,-1.34159,-0.447196,0.0,0.999961,0.267251,0.0,3
1.2247,-0.70708,-1.34159,-0.447196,0.0,0.999961,0.267251,1.2247,0
1.2247,-0.70708,-1.34159,-0.447196,0.0,0.999961,1.069,-1.2247,3
1.2247,-0.70708,-1.34159,-0.447196,0.0,0.999961,1.069,0.0,3
1.2247,-0.70708,-1.34159,-0.447196,0.0,0.999961,1.069,1.2247,0
1.2247,-0.70708,-1.34159,-0.447196,1.2247,-0.999961,-1.33625,-1.2247,3
1.2247,-0.70708,-1.34159,-0.447196,1.2247,-0.999961,-1.33625,0.0,4
1.2247,-0.70708,-1.34159,-0.447196,1.2247,-0.999961,-1.33625,1.2247,0
1.2247,-0.70708,-1.34159,-0.447196,1.2247,-0.999961,0.267251,-1.2247,3
1.2247,-0.70708,-1.34159,-0.447196,1.2247,-0.999961,0.267251,0.0,4
1.2247,-0.70708,-1.34159,-0.447196,1.2247,-0.999961,0.267251,1.2247,0
1.2247,-0.70708,-1.34159,-0.447196,1.2247,-0.999961,1.069,-1.2247,4
1.2247,-0.70708,-1.34159,-0.447196,1.2247,-0.999961,1.069,0.0,4
1.2247,-0.70708,-1.34159,-0.447196,1.2247,-0.999961,1.069,1.2247,0
1.2247,-0.70708,-1.34159,-0.447196,1.2247,0.999961,-1.33625,-1.2247,3
1.2247,-0.70708,-1.34159,-0.447196,1.2247,0.999961,-1.33625,0.0,4
1.2247,-0.70708,-1.34159,-0.447196,1.2247,0.999961,-1.33625,1.2247,0
1.2247,-0.70708,-1.34159,-0.447196,1.2247,0.999961,0.267251,-1.2247,3
1.2247,-0.70708,-1.34159,-0.447196,1.2247,0.999961,0.267251,0.0,4
1.2247,-0.70708,-1.34159,-0.447196,1.2247,0.999961,0.267251,1.2247,0
1.2247,-0.70708,-1.34159,-0.447196,1.2247,0.999961,1.069,-1.2247,4
1.2247,-0.70708,-1.34159,-0.447196,1.2247,0.999961,1.069,0.0,4
1.2247,-0.70708,-1.34159,-0.447196,1.2247,0.999961,1.069,1.2247,0
1.2247,-0.70708,-1.34159,0.447196,-1.2247,-0.999961,-1.33625,-1.2247,3
1.2247,-0.70708,-1.34159,0.447196,-1.2247,-0.999961,-1.33625,0.0,3
1.2247,-0.70708,-1.34159,0.447196,-1.2247,-0.999961,-1.33625,1.2247,0
1.2247,-0.70708,-1.34159,0.447196,-1.2247,-0.999961,0.267251,-1.2247,3
1.2247,-0.70708,-1.34159,0.447196,-1.2247,-0.999961,0.267251,0.0,3
1.2247,-0.70708,-1.34159,0.447196,-1.2247,-0.999961,0.267251,1.2247,0
1.2247,-0.70708,-1.34159,0.447196,-1.2247,-0.999961,1.069,-1.2247,3
1.2247,-0.70708,-1.34159,0.447196,-1.2247,-0.999961,1.069,0.0,3
1.2247,-0.70708,-1.34159,0.447196,-1.2247,-0.999961,1.069,1.2247,0
1.2247,-0.70708,-1.34159,0.447196,-1.2247,0.999961,-1.33625,-1.2247,3
1.2247,-0.70708,-1.34159,0.447196,-1.2247,0.999961,-1.33625,0.0,4
1.2247,-0.70708,-1.34159,0.447196,-1.2247,0.999961,-1.33625,1.2247,0
1.2247,-0.70708,-1.34159,0.447196,-1.2247,0.999961,0.267251,-1.2247,3
1.2247,-0.70708,-1.34159,0.447196,-1.2247,0.999961,0.267251,0.0,4
1.2247,-0.70708,-1.34159,0.447196,-1.2247,0.999961,0.267251,1.2247,0
1.2247,-0.70708,-1.34159,0.447196,-1.2247,0.999961,1.069,-1.2247,4
1.2247,-0.70708,-1.34159,0.447196,-1.2247,0.999961,1.069,0.0,4
1.2247,-0.70708,-1.34159,0.447196,-1.2247,0.999961,1.069,1.2247,0
1.2247,-0.70708,-1.34159,0.447196,0.0,-0.999961,-1.33625,-1.2247,3
1.2247,-0.70708,-1.34159,0.447196,0.0,-0.999961,-1.33625,0.0,4
1.2247,-0.70708,-1.34159,0.447196,0.0,-0.999961,-1.33625,1.2247,0
1.2247,-0.70708,-1.34159,0.447196,0.0,-0.999961,0.267251,-1.2247,3
1.2247,-0.70708,-1.34159,0.447196,0.0,-0.999961,0.267251,0.0,4
1.2247,-0.70708,-1.34159,0.447196,0.0,-0.999961,0.267251,1.2247,0
1.2247,-0.70708,-1.34159,0.447196,0.0,-0.999961,1.069,-1.2247,4
1.2247,-0.70708,-1.34159,0.447196,0.0,-0.999961,1.069,0.0,4
1.2247,-0.70708,-1.34159,0.447196,0.0,-0.999961,1.069,1.2247,0
1.2247,-0.70708,-1.34159,0.447196,0.0,0.999961,-1.33625,-1.2247,3
1.2247,-0.70708,-1.34159,0.447196,0.0,0.999961,-1.33625,0.0,4
1.2247,-0.70708,-1.34159,0.447196,0.0,0.999961,-1.33625,1.2247,0
1.2247,-0.70708,-1.34159,0.447196,0.0,0.999961,0.267251,-1.2247,3
1.2247,-0.70708,-1.34159,0.447196,0.0,0.999961,0.267251,0.0,4
1.2247,-0.70708,-1.34159,0.447196,0.0,0.999961,0.267251,1.2247,0
1.2247,-0.70708,-1.34159,0.447196,0.0,0.999961,1.069,-1.2247,4
1.2247,-0.70708,-1.34159,0.447196,0.0,0.999961,1.069,0.0,4
1.2247,-0.70708,-1.34159,0.447196,0.0,0.999961,1.069,1.2247,0
1.2247,-0.70708,-1.34159,0.447196,1.2247,-0.999961,-1.33625,-1.2247,3
1.2247,-0.70708,-1.34159,0.447196,1.2247,-0.999961,-1.33625,0.0,4
1.2247,-0.70708,-1.34159,0.447196,1.2247,-0.999961,-1.33625,1.2247,0
1.2247,-0.70708,-1.34159,0.447196,1.2247,-0.999961,0.267251,-1.2247,3
1.2247,-0.70708,-1.34159,0.447196,1.2247,-0.999961,0.267251,0.0,4
1.2247,-0.70708,-1.34159,0.447196,1.2247,-0.999961,0.267251,1.2247,0
1.2247,-0.70708,-1.34159,0.447196,1.2247,-0.999961,1.069,-1.2247,4
1.2247,-0.70708,-1.34159,0.447196,1.2247,-0.999961,1.069,0.0,4
1.2247,-0.70708,-1.34159,0.447196,1.2247,-0.999961,1.069,1.2247,0
1.2247,-0.70708,-1.34159,0.447196,1.2247,0.999961,-1.33625,-1.2247,3
1.2247,-0.70708,-1.34159,0.447196,1.2247,0.999961,-1.33625,0.0,4
1.2247,-0.70708,-1.34159,0.447196,1.2247,0.999961,-1.33625,1.2247,0
1.2247,-0.70708,-1.34159,0.447196,1.2247,0.999961,0.267251,-1.2247,3
1.2247,-0.70708,-1.34159,0.447196,1.2247,0.999961,0.267251,0.0,4
1.2247,-0.70708,-1.34159,0.447196,1.2247,0.999961,0.267251,1.2247,0
1.2247,-0.70708,-1.34159,0.447196,1.2247,0.999961,1.069,-1.2247,4
1.2247,-0.70708,-1.34159,0.447196,1.2247,0.999961,1.069,0.0,4
1.2247,-0.70708,-1.34159,0.447196,1.2247,0.999961,1.069,1.2247,0
1.2247,-0.70708,-1.34159,1.34159,-1.2247,-0.999961,-1.33625,-1.2247,3
1.2247,-0.70708,-1.34159,1.34159,-1.2247,-0.999961,-1.33625,0.0,3
1.2247,-0.70708,-1.34159,1.34159,-1.2247,-0.999961,-1.33625,1.2247,0
1.2247,-0.70708,-1.34159,1.34159,-1.2247,-0.999961,0.267251,-1.2247,3
1.2247,-0.70708,-1.34159,1.34159,-1.2247,-0.999961,0.267251,0.0,3
1.2247,-0.70708,-1.34159,1.34159,-1.2247,-0.999961,0.267251,1.2247,0
1.2247,-0.70708,-1.34159,1.34159,-1.2247,-0.999961,1.069,-1.2247,3
1.2247,-0.70708,-1.34159,1.34159,-1.2247,-0.999961,1.069,0.0,3
1.2247,-0.70708,-1.34159,1.34159,-1.2247,-0.999961,1.069,1.2247,0
1.2247,-0.70708,-1.34159,1.34159,-1.2247,0.999961,-1.33625,-1.2247,3
1.2247,-0.70708,-1.34159,1.34159,-1.2247,0.999961,-1.33625,0.0,4
1.2247,-0.70708,-1.34159,1.34159,-1.2247,0.999961,-1.33625,1.2247,0
1.2247,-0.70708,-1.34159,1.34159,-1.2247,0.999961,0.267251,-1.2247,3
1.2247,-0.70708,-1.34159,1.34159,-1.2247,0.999961,0.267251,0.0,4
1.2247,-0.70708,-1.34159,1.34159,-1.2247,0.999961,0.267251,1.2247,0
1.2247,-0.70708,-1.34159,1.34159,-1.2247,0.999961,1.069,-1.2247,4
1.2247,-0.70708,-1.34159,1.34159,-1.2247,0.999961,1.069,0.0,4
1.2247,-0.70708,-1.34159,1.34159,-1.2247,0.999961,1.069,1.2247,0
1.2247,-0.70708,-1.34159,1.34159,0.0,-0.999961,-1.33625,-1.2247,3
1.2247,-0.70708,-1.34159,1.34159,0.0,-0.999961,-1.33625,0.0,4
1.2247,-0.70708,-1.34159,1.34159,0.0,-0.999961,-1.33625,1.2247,0
1.2247,-0.70708,-1.34159,1.34159,0.0,-0.999961,0.267251,-1.2247,3
1.2247,-0.70708,-1.34159,1.34159,0.0,-0.999961,0.267251,0.0,4
1.2247,-0.70708,-1.34159,1.34159,0.0,-0.999961,0.267251,1.2247,0
1.2247,-0.70708,-1.34159,1.34159,0.0,-0.999961,1.069,-1.2247,4
1.2247,-0.70708,-1.34159,1.34159,0.0,-0.999961,1.069,0.0,4
1.2247,-0.70708,-1.34159,1.34159,0.0,-0.999961,1.069,1.2247,0
1.2247,-0.70708,-1.34159,1.34159,0.0,0.999961,-1.33625,-1.2247,3
1.2247,-0.70708,-1.34159,1.34159,0.0,0.999961,-1.33625,0.0,4
1.2247,-0.70708,-1.34159,1.34159,0.0,0.999961,-1.33625,1.2247,0
1.2247,-0.70708,-1.34159,1.34159,0.0,0.999961,0.267251,-1.2247,3
1.2247,-0.70708,-1.34159,1.34159,0.0,0.999961,0.267251,0.0,4
1.2247,-0.70708,-1.34159,1.34159,0.0,0.999961,0.267251,1.2247,0
1.2247,-0.70708,-1.34159,1.34159,0.0,0.999961,1.069,-1.2247,4
1.2247,-0.70708,-1.34159,1.34159,0.0,0.999961,1.069,0.0,4
1.2247,-0.70708,-1.34159,1.34159,0.0,0.999961,1.069,1.2247,0
1.2247,-0.70708,-1.34159,1.34159,1.2247,-0.999961,-1.33625,-1.2247,3
1.2247,-0.70708,-1.34159,1.34159,1.2247,-0.999961,-1.33625,0.0,4
1.2247,-0.70708,-1.34159,1.34159,1.2247,-0.999961,-1.33625,1.2247,0
1.2247,-0.70708,-1.34159,1.34159,1.2247,-0.999961,0.267251,-1.2247,3
1.2247,-0.70708,-1.34159,1.34159,1.2247,-0.999961,0.267251,0.0,4
1.2247,-0.70708,-1.34159,1.34159,1.2247,-0.999961,0.267251,1.2247,0
1.2247,-0.70708,-1.34159,1.34159,1.2247,-0.999961,1.069,-1.2247,4
1.2247,-0.70708,-1.34159,1.34159,1.2247,-0.999961,1.069,0.0,4
1.2247,-0.70708,-1.34159,1.34159,1.2247,-0.999961,1.069,1.2247,0
1.2247,-0.70708,-1.34159,1.34159,1.2247,0.999961,-1.33625,-1.2247,3
1.2247,-0.70708,-1.34159,1.34159,1.2247,0.999961,-1.33625,0.0,4
1.2247,-0.70708,-1.34159,1.34159,1.2247,0.999961,-1.33625,1.2247,0
1.2247,-0.70708,-1.34159,1.34159,1.2247,0.999961,0.267251,-1.2247,3
1.2247,-0.70708,-1.34159,1.34159,1.2247,0.999961,0.267251,0.0,4
1.2247,-0.70708,-1.34159,1.34159,1.2247,0.999961,0.267251,1.2247,0
1.2247,-0.70708,-1.34159,1.34159,1.2247,0.999961,1.069,-1.2247,4
1.2247,-0.70708,-1.34159,1.34159,1.2247,0.999961,1.069,0.0,4
1.2247,-0.70708,-1.34159,1.34159,1.2247,0.999961,1.069,1.2247,0
1.2247,-0.70708,-0.447196,-1.34159,-1.2247,-0.999961,-1.33625,-1.2247,3
1.2247,-0.70708,-0.447196,-1.34159,-1.2247,-0.999961,-1.33625,0.0,3
1.2247,-0.70708,-0.447196,-1.34159,-1.2247,-0.999961,-1.33625,1.2247,0
1.2247,-0.70708,-0.447196,-1.34159,-1.2247,-0.999961,0.267251,-1.2247,3
1.2247,-0.70708,-0.447196,-1.34159,-1.2247,-0.999961,0.267251,0.0,3
1.2247,-0.70708,-0.447196,-1.34159,-1.2247,-0.999961,0.267251,1.2247,0
1.2247,-0.70708,-0.447196,-1.34159,-1.2247,-0.999961,1.069,-1.2247,3
1.2247,-0.70708,-0.447196,-1.34159,-1.2247,-0.999961,1.069,0.0,3
1.2247,-0.70708,-0.447196,-1.34159,-1.2247,-0.999961,1.069,1.2247,0
1.2247,-0.70708,-0.447196,-1.34159,-1.2247,0.999961,-1.33625,-1.2247,3
1.2247,-0.70708,-0.447196,-1.34159,-1.2247,0.999961,-1.33625,0.0,3
1.2247,-0.70708,-0.447196,-1.34159,-1.2247,0.999961,-1.33625,1.2247,0
1.2247,-0.70708,-0.447196,-1.34159,-1.2247,0.999961,0.267251,-1.2247,3
1.2247,-0.70708,-0.447196,-1.34159,-1.2247,0.999961,0.267251,0.0,3
1.2247,-0.70708,-0.447196,-1.34159,-1.2247,0.999961,0.267251,1.2247,0
1.2247,-0.70708,-0.447196,-1.34159,-1.2247,0.999961,1.069,-1.2247,3
1.2247,-0.70708,-0.447196,-1.34159,-1.2247,0.999961,1.069,0.0,3
1.2247,-0.70708,-0.447196,-1.34159,-1.2247,0.999961,1.069,1.2247,0
1.2247,-0.70708,-0.447196,-1.34159,0.0,-0.999961,-1.33625,-1.2247,3
1.2247,-0.70708,-0.447196,-1.34159,0.0,-0.999961,-1.33625,0.0,3
1.2247,-0.70708,-0.447196,-1.34159,0.0,-0.999961,-1.33625,1.2247,0
1.2247,-0.70708,-0.447196,-1.34159,0.0,-0.999961,0.267251,-1.2247,3
1.2247,-0.70708,-0.447196,-1.34159,0.0,-0.999961,0.267251,0.0,3
1.2247,-0.70708,-0.447196,-1.34159,0.0,-0.999961,0.267251,1.2247,0
1.2247,-0.70708,-0.447196,-1.34159,0.0,-0.999961,1.069,-1.2247,3
1.2247,-0.70708,-0.447196,-1.34159,0.0,-0.999961,1.069,0.0,3
1.2247,-0.70708,-0.447196,-1.34159,0.0,-0.999961,1.069,1.2247,0
1.2247,-0.70708,-0.447196,-1.34159,0.0,0.999961,-1.33625,-1.2247,3
1.2247,-0.70708,-0.447196,-1.34159,0.0,0.999961,-1.33625,0.0,3
1.2247,-0.70708,-0.447196,-1.34159,0.0,0.999961,-1.33625,1.2247,0
1.2247,-0.70708,-0.447196,-1.34159,0.0,0.999961,0.267251,-1.2247,3
1.2247,-0.70708,-0.447196,-1.34159,0.0,0.999961,0.267251,0.0,3
1.2247,-0.70708,-0.447196,-1.34159,0.0,0.999961,0.267251,1.2247,0
1.2247,-0.70708,-0.447196,-1.34159,0.0,0.999961,1.069,-1.2247,3
1.2247,-0.70708,-0.447196,-1.34159,0.0,0.999961,1.069,0.0,3
1.2247,-0.70708,-0.447196,-1.34159,0.0,0.999961,1.069,1.2247,0
1.2247,-0.70708,-0.447196,-1.34159,1.2247,-0.999961,-1.33625,-1.2247,3
1.2247,-0.70708,-0.447196,-1.34159,1.2247,-0.999961,-1.33625,0.0,4
1.2247,-0.70708,-0.447196,-1.34159,1.2247,-0.999961,-1.33625,1.2247,0
1.2247,-0.70708,-0.447196,-1.34159,1.2247,-0.999961,0.267251,-1.2247,3
1.2247,-0.70708,-0.447196,-1.34159,1.2247,-0.999961,0.267251,0.0,4
1.2247,-0.70708,-0.447196,-1.34159,1.2247,-0.999961,0.267251,1.2247,0
1.2247,-0.70708,-0.447196,-1.34159,1.2247,-0.999961,1.069,-1.2247,4
1.2247,-0.70708,-0.447196,-1.34159,1.2247,-0.999961,1.069,0.0,4
1.2247,-0.70708,-0.447196,-1.34159,1.2247,-0.999961,1.069,1.2247,0
1.2247,-0.70708,-0.447196,-1.34159,1.2247,0.999961,-1.33625,-1.2247,3
1.2247,-0.70708,-0.447196,-1.34159,1.2247,0.999961,-1.33625,0.0,4
1.2247,-0.70708,-0.447196,-1.34159,1.2247,0.999961,-1.33625,1.2247,0
1.2247,-0.70708,-0.447196,-1.34159,1.2247,0.999961,0.267251,-1.2247,3
1.2247,-0.70708,-0.447196,-1.34159,1.2247,0.999961,0.267251,0.0,4
1.2247,-0.70708,-0.447196,-1.34159,1.2247,0.999961,0.267251,1.2247,0
1.2247,-0.70708,-0.447196,-1.34159,1.2247,0.999961,1.069,-1.2247,4
1.2247,-0.70708,-0.447196,-1.34159,1.2247,0.999961,1.069,0.0,4
1.2247,-0.70708,-0.447196,-1.34159,1.2247,0.999961,1.069,1.2247,0
1.2247,-0.70708,-0.447196,-0.447196,-1.2247,-0.999961,-1.33625,-1.2247,3
1.2247,-0.70708,-0.447196,-0.447196,-1.2247,-0.999961,-1.33625,0.0,3
1.2247,-0.70708,-0.447196,-0.447196,-1.2247,-0.999961,-1.33625,1.2247,0
1.2247,-0.70708,-0.447196,-0.447196,-1.2247,-0.999961,0.267251,-1.2247,3
1.2247,-0.70708,-0.447196,-0.447196,-1.2247,-0.999961,0.267251,0.0,3
1.2247,-0.70708,-0.447196,-0.447196,-1.2247,-0.999961,0.267251,1.2247,0
1.2247,-0.70708,-0.447196,-0.447196,-1.2247,-0.999961,1.069,-1.2247,3
1.2247,-0.70708,-0.447196,-0.447196,-1.2247,-0.999961,1.069,0.0,3
1.2247,-0.70708,-0.447196,-0.447196,-1.2247,-0.999961,1.069,1.2247,0
1.2247,-0.70708,-0.447196,-0.447196,-1.2247,0.999961,-1.33625,-1.2247,3
1.2247,-0.70708,-0.447196,-0.447196,-1.2247,0.999961,-1.33625,0.0,3
1.2247,-0.70708,-0.447196,-0.447196,-1.2247,0.999961,-1.33625,1.2247,0
1.2247,-0.70708,-0.447196,-0.447196,-1.2247,0.999961,0.267251,-1.2247,3
1.2247,-0.70708,-0.447196,-0.447196,-1.2247,0.999961,0.267251,0.0,3
1.2247,-0.70708,-0.447196,-0.447196,-1.2247,0.999961,0.267251,1.2247,0
1.2247,-0.70708,-0.447196,-0.447196,-1.2247,0.999961,1.069,-1.2247,3
1.2247,-0.70708,-0.447196,-0.447196,-1.2247,0.999961,1.069,0.0,3
1.2247,-0.70708,-0.447196,-0.447196,-1.2247,0.999961,1.069,1.2247,0
1.2247,-0.70708,-0.447196,-0.447196,0.0,-0.999961,-1.33625,-1.2247,3
1.2247,-0.70708,-0.447196,-0.447196,0.0,-0.999961,-1.33625,0.0,3
1.2247,-0.70708,-0.447196,-0.447196,0.0,-0.999961,-1.33625,1.2247,0
1.2247,-0.70708,-0.447196,-0.447196,0.0,-0.999961,0.267251,-1.2247,3
1.2247,-0.70708,-0.447196,-0.447196,0.0,-0.999961,0.267251,0.0,3
1.2247,-0.70708,-0.447196,-0.447196,0.0,-0.999961,0.267251,1.2247,0
1.2247,-0.70708,-0.447196,-0.447196,0.0,-0.999961,1.069,-1.2247,3
1.2247,-0.70708,-0.447196,-0.447196,0.0,-0.999961,1.069,0.0,3
1.2247,-0.70708,-0.447196,-0.447196,0.0,-0.999961,1.069,1.2247,0
1.2247,-0.70708,-0.447196,-0.447196,0.0,0.999961,-1.33625,-1.2247,3
1.2247,-0.70708,-0.447196,-0.447196,0.0,0.999961,-1.33625,0.0,3
1.2247,-0.70708,-0.447196,-0.447196,0.0,0.999961,-1.33625,1.2247,0
1.2247,-0.70708,-0.447196,-0.447196,0.0,0.999961,0.267251,-1.2247,3
1.2247,-0.70708,-0.447196,-0.447196,0.0,0.999961,0.267251,0.0,3
1.2247,-0.70708,-0.447196,-0.447196,0.0,0.999961,0.267251,1.2247,0
1.2247,-0.70708,-0.447196,-0.447196,0.0,0.999961,1.069,-1.2247,3
1.2247,-0.70708,-0.447196,-0.447196,0.0,0.999961,1.069,0.0,3
1.2247,-0.70708,-0.447196,-0.447196,0.0,0.999961,1.069,1.2247,0
1.2247,-0.70708,-0.447196,-0.447196,1.2247,-0.999961,-1.33625,-1.2247,3
1.2247,-0.70708,-0.447196,-0.447196,1.2247,-0.999961,-1.33625,0.0,4
1.2247,-0.70708,-0.447196,-0.447196,1.2247,-0.999961,-1.33625,1.2247,0
1.2247,-0.70708,-0.447196,-0.447196,1.2247,-0.999961,0.267251,-1.2247,3
1.2247,-0.70708,-0.447196,-0.447196,1.2247,-0.999961,0.267251,0.0,4
1.2247,-0.70708,-0.447196,-0.447196,1.2247,-0.999961,0.267251,1.2247,0
1.2247,-0.70708,-0.447196,-0.447196,1.2247,-0.999961,1.069,-1.2247,4
1.2247,-0.70708,-0.447196,-0.447196,1.2247,-0.999961,1.069,0.0,4
1.2247,-0.70708,-0.447196,-0.447196,1.2247,-0.999961,1.069,1.2247,0
1.2247,-0.70708,-0.447196,-0.447196,1.2247,0.999961,-1.33625,-1.2247,3
1.2247,-0.70708,-0.447196,-0.447196,1.2247,0.999961,-1.33625,0.0,4
1.2247,-0.70708,-0.447196,-0.447196,1.2247,0.999961,-1.33625,1.2247,0
1.2247,-0.70708,-0.447196,-0.447196,1.2247,0.999961,0.267251,-1.2247,3
1.2247,-0.70708,-0.447196,-0.447196,1.2247,0.999961,0.267251,0.0,4
1.2247,-0.70708,-0.447196,-0.447196,1.2247,0.999961,0.267251,1.2247,0
1.2247,-0.70708,-0.447196,-0.447196,1.2247,0.999961,1.069,-1.2247,4
1.2247,-0.70708,-0.447196,-0.447196,1.2247,0.999961,1.069,0.0,4
1.2247,-0.70708,-0.447196,-0.447196,1.2247,0.999961,1.069,1.2247,0
1.2247,-0.70708,-0.447196,0.447196,-1.2247,-0.999961,-1.33625,-1.2247,3
1.2247,-0.70708,-0.447196,0.447196,-1.2247,-0.999961,-1.33625,0.0,3
1.2247,-0.70708,-0.447196,0.447196,-1.2247,-0.999961,-1.33625,1.2247,0
1.2247,-0.70708,-0.447196,0.447196,-1.2247,-0.999961,0.267251,-1.2247,3
1.2247,-0.70708,-0.447196,0.447196,-1.2247,-0.999961,0.267251,0.0,3
1.2247,-0.70708,-0.447196,0.447196,-1.2247,-0.999961,0.267251,1.2247,0
1.2247,-0.70708,-0.447196,0.447196,-1.2247,-0.999961,1.069,-1.2247,3
1.2247,-0.70708,-0.447196,0.447196,-1.2247,-0.999961,1.069,0.0,3
1.2247,-0.70708,-0.447196,0.447196,-1.2247,-0.999961,1.069,1.2247,0
1.2247,-0.70708,-0.447196,0.447196,-1.2247,0.999961,-1.33625,-1.2247,3
1.2247,-0.70708,-0.447196,0.447196,-1.2247,0.999961,-1.33625,0.0,4
1.2247,-0.70708,-0.447196,0.447196,-1.2247,0.999961,-1.33625,1.2247,0
1.2247,-0.70708,-0.447196,0.447196,-1.2247,0.999961,0.267251,-1.2247,3
1.2247,-0.70708,-0.447196,0.447196,-1.2247,0.999961,0.267251,0.0,4
1.2247,-0.70708,-0.447196,0.447196,-1.2247,0.999961,0.267251,1.2247,0
1.2247,-0.70708,-0.447196,0.447196,-1.2247,0.999961,1.069,-1.2247,4
1.2247,-0.70708,-0.447196,0.447196,-1.2247,0.999961,1.069,0.0,4
1.2247,-0.70708,-0.447196,0.447196,-1.2247,0.999961,1.069,1.2247,0
1.2247,-0.70708,-0.447196,0.447196,0.0,-0.999961,-1.33625,-1.2247,3
1.2247,-0.70708,-0.447196,0.447196,0.0,-0.999961,-1.33625,0.0,4
1.2247,-0.70708,-0.447196,0.447196,0.0,-0.999961,-1.33625,1.2247,0
1.2247,-0.70708,-0.447196,0.447196,0.0,-0.999961,0.267251,-1.2247,3
1.2247,-0.70708,-0.447196,0.447196,0.0,-0.999961,0.267251,0.0,4
1.2247,-0.70708,-0.447196,0.447196,0.0,-0.999961,0.267251,1.2247,0
1.2247,-0.70708,-0.447196,0.447196,0.0,-0.999961,1.069,-1.2247,4
1.2247,-0.70708,-0.447196,0.447196,0.0,-0.999961,1.069,0.0,4
1.2247,-0.70708,-0.447196,0.447196,0.0,-0.999961,1.069,1.2247,0
1.2247,-0.70708,-0.447196,0.447196,0.0,0.999961,-1.33625,-1.2247,3
1.2247,-0.70708,-0.447196,0.447196,0.0,0.999961,-1.33625,0.0,4
1.2247,-0.70708,-0.447196,0.447196,0.0,0.999961,-1.33625,1.2247,0
1.2247,-0.70708,-0.447196,0.447196,0.0,0.999961,0.267251,-1.2247,3
1.2247,-0.70708,-0.447196,0.447196,0.0,0.999961,0.267251,0.0,4
1.2247,-0.70708,-0.447196,0.447196,0.0,0.999961,0.267251,1.2247,0
1.2247,-0.70708,-0.447196,0.447196,0.0,0.999961,1.069,-1.2247,4
1.2247,-0.70708,-0.447196,0.447196,0.0,0.999961,1.069,0.0,4
1.2247,-0.70708,-0.447196,0.447196,0.0,0.999961,1.069,1.2247,0
1.2247,-0.70708,-0.447196,0.447196,1.2247,-0.999961,-1.33625,-1.2247,3
1.2247,-0.70708,-0.447196,0.447196,1.2247,-0.999961,-1.33625,0.0,4
1.2247,-0.70708,-0.447196,0.447196,1.2247,-0.999961,-1.33625,1.2247,0
1.2247,-0.70708,-0.447196,0.447196,1.2247,-0.999961,0.267251,-1.2247,3
1.2247,-0.70708,-0.447196,0.447196,1.2247,-0.999961,0.267251,0.0,4
1.2247,-0.70708,-0.447196,0.447196,1.2247,-0.999961,0.267251,1.2247,0
1.2247,-0.70708,-0.447196,0.447196,1.2247,-0.999961,1.069,-1.2247,4
1.2247,-0.70708,-0.447196,0.447196,1.2247,-0.999961,1.069,0.0,4
1.2247,-0.70708,-0.447196,0.447196,1.2247,-0.999961,1.069,1.2247,0
1.2247,-0.70708,-0.447196,0.447196,1.2247,0.999961,-1.33625,-1.2247,3
1.2247,-0.70708,-0.447196,0.447196,1.2247,0.999961,-1.33625,0.0,4
1.2247,-0.70708,-0.447196,0.447196,1.2247,0.999961,-1.33625,1.2247,0
1.2247,-0.70708,-0.447196,0.447196,1.2247,0.999961,0.267251,-1.2247,3
1.2247,-0.70708,-0.447196,0.447196,1.2247,0.999961,0.267251,0.0,4
1.2247,-0.70708,-0.447196,0.447196,1.2247,0.999961,0.267251,1.2247,0
1.2247,-0.70708,-0.447196,0.447196,1.2247,0.999961,1.069,-1.2247,4
1.2247,-0.70708,-0.447196,0.447196,1.2247,0.999961,1.069,0.0,4
1.2247,-0.70708,-0.447196,0.447196,1.2247,0.999961,1.069,1.2247,0
1.2247,-0.70708,-0.447196,1.34159,-1.2247,-0.999961,-1.33625,-1.2247,3
1.2247,-0.70708,-0.447196,1.34159,-1.2247,-0.999961,-1.33625,0.0,3
1.2247,-0.70708,-0.447196,1.34159,-1.2247,-0.999961,-1.33625,1.2247,0
1.2247,-0.70708,-0.447196,1.34159,-1.2247,-0.999961,0.267251,-1.2247,3
1.2247,-0.70708,-0.447196,1.34159,-1.2247,-0.999961,0.267251,0.0,3
1.2247,-0.70708,-0.447196,1.34159,-1.2247,-0.999961,0.267251,1.2247,0
1.2247,-0.70708,-0.447196,1.34159,-1.2247,-0.999961,1.069,-1.2247,3
1.2247,-0.70708,-0.447196,1.34159,-1.2247,-0.999961,1.069,0.0,3
1.2247,-0.70708,-0.447196,1.34159,-1.2247,-0.999961,1.069,1.2247,0
1.2247,-0.70708,-0.447196,1.34159,-1.2247,0.999961,-1.33625,-1.2247,3
1.2247,-0.70708,-0.447196,1.34159,-1.2247,0.999961,-1.33625,0.0,4
1.2247,-0.70708,-0.447196,1.34159,-1.2247,0.999961,-1.33625,1.2247,0
1.2247,-0.70708,-0.447196,1.34159,-1.2247,0.999961,0.267251,-1.2247,3
1.2247,-0.70708,-0.447196,1.34159,-1.2247,0.999961,0.267251,0.0,4
1.2247,-0.70708,-0.447196,1.34159,-1.2247,0.999961,0.267251,1.2247,0
1.2247,-0.70708,-0.447196,1.34159,-1.2247,0.999961,1.069,-1.2247,4
1.2247,-0.70708,-0.447196,1.34159,-1.2247,0.999961,1.069,0.0,4
1.2247,-0.70708,-0.447196,1.34159,-1.2247,0.999961,1.069,1.2247,0
1.2247,-0.70708,-0.447196,1.34159,0.0,-0.999961,-1.33625,-1.2247,3
1.2247,-0.70708,-0.447196,1.34159,0.0,-0.999961,-1.33625,0.0,4
1.2247,-0.70708,-0.447196,1.34159,0.0,-0.999961,-1.33625,1.2247,0
1.2247,-0.70708,-0.447196,1.34159,0.0,-0.999961,0.267251,-1.2247,3
1.2247,-0.70708,-0.447196,1.34159,0.0,-0.999961,0.267251,0.0,4
1.2247,-0.70708,-0.447196,1.34159,0.0,-0.999961,0.267251,1.2247,0
1.2247,-0.70708,-0.447196,1.34159,0.0,-0.999961,1.069,-1.2247,4
1.2247,-0.70708,-0.447196,1.34159,0.0,-0.999961,1.069,0.0,4
1.2247,-0.70708,-0.447196,1.34159,0.0,-0.999961,1.069,1.2247,0
1.2247,-0.70708,-0.447196,1.34159,0.0,0.999961,-1.33625,-1.2247,3
1.2247,-0.70708,-0.447196,1.34159,0.0,0.999961,-1.33625,0.0,4
1.2247,-0.70708,-0.447196,1.34159,0.0,0.999961,-1.33625,1.2247,0
1.2247,-0.70708,-0.447196,1.34159,0.0,0.999961,0.267251,-1.2247,3
1.2247,-0.70708,-0.447196,1.34159,0.0,0.999961,0.267251,0.0,4
1.2247,-0.70708,-0.447196,1.34159,0.0,0.999961,0.267251,1.2247,0
1.2247,-0.70708,-0.447196,1.34159,0.0,0.999961,1.069,-1.2247,4
1.2247,-0.70708,-0.447196,1.34159,0.0,0.999961,1.069,0.0,4
1.2247,-0.70708,-0.447196,1.34159,0.0,0.999961,1.069,1.2247,0
1.2247,-0.70708,-0.447196,1.34159,1.2247,-0.999961,-1.33625,-1.2247,3
1.2247,-0.70708,-0.447196,1.34159,1.2247,-0.999961,-1.33625,0.0,4
1.2247,-0.70708,-0.447196,1.34159,1.2247,-0.999961,-1.33625,1.2247,0
1.2247,-0.70708,-0.447196,1.34159,1.2247,-0.999961,0.267251,-1.2247,3
1.2247,-0.70708,-0.447196,1.34159,1.2247,-0.999961,0.267251,0.0,4
1.2247,-0.70708,-0.447196,1.34159,1.2247,-0.999961,0.267251,1.2247,0
1.2247,-0.70708,-0.447196,1.34159,1.2247,-0.999961,1.069,-1.2247,4
1.2247,-0.70708,-0.447196,1.34159,1.2247,-0.999961,1.069,0.0,4
1.2247,-0.70708,-0.447196,1.34159,1.2247,-0.999961,1.069,1.2247,0
1.2247,-0.70708,-0.447196,1.34159,1.2247,0.999961,-1.33625,-1.2247,3
1.2247,-0.70708,-0.447196,1.34159,1.2247,0.999961,-1.33625,0.0,4
1.2247,-0.70708,-0.447196,1.34159,1.2247,0.999961,-1.33625,1.2247,0
1.2247,-0.70708,-0.447196,1.34159,1.2247,0.999961,0.267251,-1.2247,3
1.2247,-0.70708,-0.447196,1.34159,1.2247,0.999961,0.267251,0.0,4
1.2247,-0.70708,-0.447196,1.34159,1.2247,0.999961,0.267251,1.2247,0
1.2247,-0.70708,-0.447196,1.34159,1.2247,0.999961,1.069,-1.2247,4
1.2247,-0.70708,-0.447196,1.34159,1.2247,0.999961,1.069,0.0,4
1.2247,-0.70708,-0.447196,1.34159,1.2247,0.999961,1.069,1.2247,0
1.2247,-0.70708,0.447196,-1.34159,-1.2247,-0.999961,-1.33625,-1.2247,3
1.2247,-0.70708,0.447196,-1.34159,-1.2247,-0.999961,-1.33625,0.0,3
1.2247,-0.70708,0.447196,-1.34159,-1.2247,-0.999961,-1.33625,1.2247,0
1.2247,-0.70708,0.447196,-1.34159,-1.2247,-0.999961,0.267251,-1.2247,3
1.2247,-0.70708,0.447196,-1.34159,-1.2247,-0.999961,0.267251,0.0,3
1.2247,-0.70708,0.447196,-1.34159,-1.2247,-0.999961,0.267251,1.2247,0
1.2247,-0.70708,0.447196,-1.34159,-1.2247,-0.999961,1.069,-1.2247,3
1.2247,-0.70708,0.447196,-1.34159,-1.2247,-0.999961,1.069,0.0,3
1.2247,-0.70708,0.447196,-1.34159,-1.2247,-0.999961,1.069,1.2247,0
1.2247,-0.70708,0.447196,-1.34159,-1.2247,0.999961,-1.33625,-1.2247,3
1.2247,-0.70708,0.447196,-1.34159,-1.2247,0.999961,-1.33625,0.0,3
1.2247,-0.70708,0.447196,-1.34159,-1.2247,0.999961,-1.33625,1.2247,0
1.2247,-0.70708,0.447196,-1.34159,-1.2247,0.999961,0.267251,-1.2247,3
1.2247,-0.70708,0.447196,-1.34159,-1.2247,0.999961,0.267251,0.0,3
1.2247,-0.70708,0.447196,-1.34159,-1.2247,0.999961,0.267251,1.2247,0
1.2247,-0.70708,0.447196,-1.34159,-1.2247,0.999961,1.069,-1.2247,3
1.2247,-0.70708,0.447196,-1.34159,-1.2247,0.999961,1.069,0.0,3
1.2247,-0.70708,0.447196,-1.34159,-1.2247,0.999961,1.069,1.2247,0
1.2247,-0.70708,0.447196,-1.34159,0.0,-0.999961,-1.33625,-1.2247,3
1.2247,-0.70708,0.447196,-1.34159,0.0,-0.999961,-1.33625,0.0,3
1.2247,-0.70708,0.447196,-1.34159,0.0,-0.999961,-1.33625,1.2247,0
1.2247,-0.70708,0.447196,-1.34159,0.0,-0.999961,0.267251,-1.2247,3
1.2247,-0.70708,0.447196,-1.34159,0.0,-0.999961,0.267251,0.0,3
1.2247,-0.70708,0.447196,-1.34159,0.0,-0.999961,0.267251,1.2247,0
1.2247,-0.70708,0.447196,-1.34159,0.0,-0.999961,1.069,-1.2247,3
1.2247,-0.70708,0.447196,-1.34159,0.0,-0.999961,1.069,0.0,3
1.2247,-0.70708,0.447196,-1.34159,0.0,-0.999961,1.069,1.2247,0
1.2247,-0.70708,0.447196,-1.34159,0.0,0.999961,-1.33625,-1.2247,3
1.2247,-0.70708,0.447196,-1.34159,0.0,0.999961,-1.33625,0.0,3
1.2247,-0.70708,0.447196,-1.34159,0.0,0.999961,-1.33625,1.2247,0
1.2247,-0.70708,0.447196,-1.34159,0.0,0.999961,0.267251,-1.2247,3
1.2247,-0.70708,0.447196,-1.34159,0.0,0.999961,0.267251,0.0,3
1.2247,-0.70708,0.447196,-1.34159,0.0,0.999961,0.267251,1.2247,0
1.2247,-0.70708,0.447196,-1.34159,0.0,0.999961,1.069,-1.2247,3
1.2247,-0.70708,0.447196,-1.34159,0.0,0.999961,1.069,0.0,3
1.2247,-0.70708,0.447196,-1.34159,0.0,0.999961,1.069,1.2247,0
1.2247,-0.70708,0.447196,-1.34159,1.2247,-0.999961,-1.33625,-1.2247,3
1.2247,-0.70708,0.447196,-1.34159,1.2247,-0.999961,-1.33625,0.0,4
1.2247,-0.70708,0.447196,-1.34159,1.2247,-0.999961,-1.33625,1.2247,0
1.2247,-0.70708,0.447196,-1.34159,1.2247,-0.999961,0.267251,-1.2247,3
1.2247,-0.70708,0.447196,-1.34159,1.2247,-0.999961,0.267251,0.0,4
1.2247,-0.70708,0.447196,-1.34159,1.2247,-0.999961,0.267251,1.2247,0
1.2247,-0.70708,0.447196,-1.34159,1.2247,-0.999961,1.069,-1.2247,4
1.2247,-0.70708,0.447196,-1.34159,1.2247,-0.999961,1.069,0.0,4
1.2247,-0.70708,0.447196,-1.34159,1.2247,-0.999961,1.069,1.2247,0
1.2247,-0.70708,0.447196,-1.34159,1.2247,0.999961,-1.33625,-1.2247,3
1.2247,-0.70708,0.447196,-1.34159,1.2247,0.999961,-1.33625,0.0,4
1.2247,-0.70708,0.447196,-1.34159,1.2247,0.999961,-1.33625,1.2247,0
1.2247,-0.70708,0.447196,-1.34159,1.2247,0.999961,0.267251,-1.2247,3
1.2247,-0.70708,0.447196,-1.34159,1.2247,0.999961,0.267251,0.0,4
1.2247,-0.70708,0.447196,-1.34159,1.2247,0.999961,0.267251,1.2247,0
1.2247,-0.70708,0.447196,-1.34159,1.2247,0.999961,1.069,-1.2247,4
1.2247,-0.70708,0.447196,-1.34159,1.2247,0.999961,1.069,0.0,4
1.2247,-0.70708,0.447196,-1.34159,1.2247,0.999961,1.069,1.2247,0
1.2247,-0.70708,0.447196,-0.447196,-1.2247,-0.999961,-1.33625,-1.2247,3
1.2247,-0.70708,0.447196,-0.447196,-1.2247,-0.999961,-1.33625,0.0,3
1.2247,-0.70708,0.447196,-0.447196,-1.2247,-0.999961,-1.33625,1.2247,0
1.2247,-0.70708,0.447196,-0.447196,-1.2247,-0.999961,0.267251,-1.2247,3
1.2247,-0.70708,0.447196,-0.447196,-1.2247,-0.999961,0.267251,0.0,3
1.2247,-0.70708,0.447196,-0.447196,-1.2247,-0.999961,0.267251,1.2247,0
1.2247,-0.70708,0.447196,-0.447196,-1.2247,-0.999961,1.069,-1.2247,3
1.2247,-0.70708,0.447196,-0.447196,-1.2247,-0.999961,1.069,0.0,3
1.2247,-0.70708,0.447196,-0.447196,-1.2247,-0.999961,1.069,1.2247,0
1.2247,-0.70708,0.447196,-0.447196,-1.2247,0.999961,-1.33625,-1.2247,3
1.2247,-0.70708,0.447196,-0.447196,-1.2247,0.999961,-1.33625,0.0,4
1.2247,-0.70708,0.447196,-0.447196,-1.2247,0.999961,-1.33625,1.2247,0
1.2247,-0.70708,0.447196,-0.447196,-1.2247,0.999961,0.267251,-1.2247,3
1.2247,-0.70708,0.447196,-0.447196,-1.2247,0.999961,0.267251,0.0,4
1.2247,-0.70708,0.447196,-0.447196,-1.2247,0.999961,0.267251,1.2247,0
1.2247,-0.70708,0.447196,-0.447196,-1.2247,0.999961,1.069,-1.2247,4
1.2247,-0.70708,0.447196,-0.447196,-1.2247,0.999961,1.069,0.0,4
1.2247,-0.70708,0.447196,-0.447196,-1.2247,0.999961,1.069,1.2247,0
1.2247,-0.70708,0.447196,-0.447196,0.0,-0.999961,-1.33625,-1.2247,3
1.2247,-0.70708,0.447196,-0.447196,0.0,-0.999961,-1.33625,0.0,4
1.2247,-0.70708,0.447196,-0.447196,0.0,-0.999961,-1.33625,1.2247,0
1.2247,-0.70708,0.447196,-0.447196,0.0,-0.999961,0.267251,-1.2247,3
1.2247,-0.70708,0.447196,-0.447196,0.0,-0.999961,0.267251,0.0,4
1.2247,-0.70708,0.447196,-0.447196,0.0,-0.999961,0.267251,1.2247,0
1.2247,-0.70708,0.447196,-0.447196,0.0,-0.999961,1.069,-1.2247,4
1.2247,-0.70708,0.447196,-0.447196,0.0,-0.999961,1.069,0.0,4
1.2247,-0.70708,0.447196,-0.447196,0.0,-0.999961,1.069,1.2247,0
1.2247,-0.70708,0.447196,-0.447196,0.0,0.999961,-1.33625,-1.2247,3
1.2247,-0.70708,0.447196,-0.447196,0.0,0.999961,-1.33625,0.0,4
1.2247,-0.70708,0.447196,-0.447196,0.0,0.999961,-1.33625,1.2247,0
1.2247,-0.70708,0.447196,-0.447196,0.0,0.999961,0.267251,-1.2247,3
1.2247,-0.70708,0.447196,-0.447196,0.0,0.999961,0.267251,0.0,4
1.2247,-0.70708,0.447196,-0.447196,0.0,0.999961,0.267251,1.2247,0
1.2247,-0.70708,0.447196,-0.447196,0.0,0.999961,1.069,-1.2247,4
1.2247,-0.70708,0.447196,-0.447196,0.0,0.999961,1.069,0.0,4
1.2247,-0.70708,0.447196,-0.447196,0.0,0.999961,1.069,1.2247,0
1.2247,-0.70708,0.447196,-0.447196,1.2247,-0.999961,-1.33625,-1.2247,3
1.2247,-0.70708,0.447196,-0.447196,1.2247,-0.999961,-1.33625,0.0,4
1.2247,-0.70708,0.447196,-0.447196,1.2247,-0.999961,-1.33625,1.2247,0
1.2247,-0.70708,0.447196,-0.447196,1.2247,-0.999961,0.267251,-1.2247,3
1.2247,-0.70708,0.447196,-0.447196,1.2247,-0.999961,0.267251,0.0,4
1.2247,-0.70708,0.447196,-0.447196,1.2247,-0.999961,0.267251,1.2247,0
1.2247,-0.70708,0.447196,-0.447196,1.2247,-0.999961,1.069,-1.2247,4
1.2247,-0.70708,0.447196,-0.447196,1.2247,-0.999961,1.069,0.0,4
1.2247,-0.70708,0.447196,-0.447196,1.2247,-0.999961,1.069,1.2247,0
1.2247,-0.70708,0.447196,-0.447196,1.2247,0.999961,-1.33625,-1.2247,3
1.2247,-0.70708,0.447196,-0.447196,1.2247,0.999961,-1.33625,0.0,4
1.2247,-0.70708,0.447196,-0.447196,1.2247,0.999961,-1.33625,1.2247,0
1.2247,-0.70708,0.447196,-0.447196,1.2247,0.999961,0.267251,-1.2247,3
1.2247,-0.70708,0.447196,-0.447196,1.2247,0.999961,0.267251,0.0,4
1.2247,-0.70708,0.447196,-0.447196,1.2247,0.999961,0.267251,1.2247,0
1.2247,-0.70708,0.447196,-0.447196,1.2247,0.999961,1.069,-1.2247,4
1.2247,-0.70708,0.447196,-0.447196,1.2247,0.999961,1.069,0.0,4
1.2247,-0.70708,0.447196,-0.447196,1.2247,0.999961,1.069,1.2247,0
1.2247,-0.70708,0.447196,0.447196,-1.2247,-0.999961,-1.33625,-1.2247,3
1.2247,-0.70708,0.447196,0.447196,-1.2247,-0.999961,-1.33625,0.0,3
1.2247,-0.70708,0.447196,0.447196,-1.2247,-0.999961,-1.33625,1.2247,0
1.2247,-0.70708,0.447196,0.447196,-1.2247,-0.999961,0.267251,-1.2247,3
1.2247,-0.70708,0.447196,0.447196,-1.2247,-0.999961,0.267251,0.0,3
1.2247,-0.70708,0.447196,0.447196,-1.2247,-0.999961,0.267251,1.2247,0
1.2247,-0.70708,0.447196,0.447196,-1.2247,-0.999961,1.069,-1.2247,3
1.2247,-0.70708,0.447196,0.447196,-1.2247,-0.999961,1.069,0.0,3
1.2247,-0.70708,0.447196,0.447196,-1.2247,-0.999961,1.069,1.2247,0
1.2247,-0.70708,0.447196,0.447196,-1.2247,0.999961,-1.33625,-1.2247,3
1.2247,-0.70708,0.447196,0.447196,-1.2247,0.999961,-1.33625,0.0,4
1.2247,-0.70708,0.447196,0.447196,-1.2247,0.999961,-1.33625,1.2247,0
1.2247,-0.70708,0.447196,0.447196,-1.2247,0.999961,0.267251,-1.2247,3
1.2247,-0.70708,0.447196,0.447196,-1.2247,0.999961,0.267251,0.0,4
1.2247,-0.70708,0.447196,0.447196,-1.2247,0.999961,0.267251,1.2247,0
1.2247,-0.70708,0.447196,0.447196,-1.2247,0.999961,1.069,-1.2247,4
1.2247,-0.70708,0.447196,0.447196,-1.2247,0.999961,1.069,0.0,4
1.2247,-0.70708,0.447196,0.447196,-1.2247,0.999961,1.069,1.2247,0
1.2247,-0.70708,0.447196,0.447196,0.0,-0.999961,-1.33625,-1.2247,3
1.2247,-0.70708,0.447196,0.447196,0.0,-0.999961,-1.33625,0.0,4
1.2247,-0.70708,0.447196,0.447196,0.0,-0.999961,-1.33625,1.2247,0
1.2247,-0.70708,0.447196,0.447196,0.0,-0.999961,0.267251,-1.2247,3
1.2247,-0.70708,0.447196,0.447196,0.0,-0.999961,0.267251,0.0,4
1.2247,-0.70708,0.447196,0.447196,0.0,-0.999961,0.267251,1.2247,0
1.2247,-0.70708,0.447196,0.447196,0.0,-0.999961,1.069,-1.2247,4
1.2247,-0.70708,0.447196,0.447196,0.0,-0.999961,1.069,0.0,4
1.2247,-0.70708,0.447196,0.447196,0.0,-0.999961,1.069,1.2247,0
1.2247,-0.70708,0.447196,0.447196,0.0,0.999961,-1.33625,-1.2247,3
1.2247,-0.70708,0.447196,0.447196,0.0,0.999961,-1.33625,0.0,4
1.2247,-0.70708,0.447196,0.447196,0.0,0.999961,-1.33625,1.2247,0
1.2247,-0.70708,0.447196,0.447196,0.0,0.999961,0.267251,-1.2247,3
1.2247,-0.70708,0.447196,0.447196,0.0,0.999961,0.267251,0.0,4
1.2247,-0.70708,0.447196,0.447196,0.0,0.999961,0.267251,1.2247,0
1.2247,-0.70708,0.447196,0.447196,0.0,0.999961,1.069,-1.2247,4
1.2247,-0.70708,0.447196,0.447196,0.0,0.999961,1.069,0.0,4
1.2247,-0.70708,0.447196,0.447196,0.0,0.999961,1.069,1.2247,0
1.2247,-0.70708,0.447196,0.447196,1.2247,-0.999961,-1.33625,-1.2247,3
1.2247,-0.70708,0.447196,0.447196,1.2247,-0.999961,-1.33625,0.0,4
1.2247,-0.70708,0.447196,0.447196,1.2247,-0.999961,-1.33625,1.2247,0
1.2247,-0.70708,0.447196,0.447196,1.2247,-0.999961,0.267251,-1.2247,3
1.2247,-0.70708,0.447196,0.447196,1.2247,-0.999961,0.267251,0.0,4
1.2247,-0.70708,0.447196,0.447196,1.2247,-0.999961,0.267251,1.2247,0
1.2247,-0.70708,0.447196,0.447196,1.2247,-0.999961,1.069,-1.2247,4
1.2247,-0.70708,0.447196,0.447196,1.2247,-0.999961,1.069,0.0,4
1.2247,-0.70708,0.447196,0.447196,1.2247,-0.999961,1.069,1.2247,0
1.2247,-0.70708,0.447196,0.447196,1.2247,0.999961,-1.33625,-1.2247,3
1.2247,-0.70708,0.447196,0.447196,1.2247,0.999961,-1.33625,0.0,4
1.2247,-0.70708,0.447196,0.447196,1.2247,0.999961,-1.33625,1.2247,0
1.2247,-0.70708,0.447196,0.447196,1.2247,0.999961,0.267251,-1.2247,3
1.2247,-0.70708,0.447196,0.447196,1.2247,0.999961,0.267251,0.0,4
1.2247,-0.70708,0.447196,0.447196,1.2247,0.999961,0.267251,1.2247,0
1.2247,-0.70708,0.447196,0.447196,1.2247,0.999961,1.069,-1.2247,4
1.2247,-0.70708,0.447196,0.447196,1.2247,0.999961,1.069,0.0,4
1.2247,-0.70708,0.447196,0.447196,1.2247,0.999961,1.069,1.2247,0
1.2247,-0.70708,0.447196,1.34159,-1.2247,-0.999961,-1.33625,-1.2247,3
1.2247,-0.70708,0.447196,1.34159,-1.2247,-0.999961,-1.33625,0.0,3
1.2247,-0.70708,0.447196,1.34159,-1.2247,-0.999961,-1.33625,1.2247,0
1.2247,-0.70708,0.447196,1.34159,-1.2247,-0.999961,0.267251,-1.2247,3
1.2247,-0.70708,0.447196,1.34159,-1.2247,-0.999961,0.267251,0.0,3
1.2247,-0.70708,0.447196,1.34159,-1.2247,-0.999961,0.267251,1.2247,0
1.2247,-0.70708,0.447196,1.34159,-1.2247,-0.999961,1.069,-1.2247,3
1.2247,-0.70708,0.447196,1.34159,-1.2247,-0.999961,1.069,0.0,3
1.2247,-0.70708,0.447196,1.34159,-1.2247,-0.999961,1.069,1.2247,0
1.2247,-0.70708,0.447196,1.34159,-1.2247,0.999961,-1.33625,-1.2247,3
1.2247,-0.70708,0.447196,1.34159,-1.2247,0.999961,-1.33625,0.0,4
1.2247,-0.70708,0.447196,1.34159,-1.2247,0.999961,-1.33625,1.2247,0
1.2247,-0.70708,0.447196,1.34159,-1.2247,0.999961,0.267251,-1.2247,3
1.2247,-0.70708,0.447196,1.34159,-1.2247,0.999961,0.267251,0.0,4
1.2247,-0.70708,0.447196,1.34159,-1.2247,0.999961,0.267251,1.2247,0
1.2247,-0.70708,0.447196,1.34159,-1.2247,0.999961,1.069,-1.2247,4
1.2247,-0.70708,0.447196,1.34159,-1.2247,0.999961,1.069,0.0,4
1.2247,-0.70708,0.447196,1.34159,-1.2247,0.999961,1.069,1.2247,0
1.2247,-0.70708,0.447196,1.34159,0.0,-0.999961,-1.33625,-1.2247,3
1.2247,-0.70708,0.447196,1.34159,0.0,-0.999961,-1.33625,0.0,4
1.2247,-0.70708,0.447196,1.34159,0.0,-0.999961,-1.33625,1.2247,0
1.2247,-0.70708,0.447196,1.34159,0.0,-0.999961,0.267251,-1.2247,3
1.2247,-0.70708,0.447196,1.34159,0.0,-0.999961,0.267251,0.0,4
1.2247,-0.70708,0.447196,1.34159,0.0,-0.999961,0.267251,1.2247,0
1.2247,-0.70708,0.447196,1.34159,0.0,-0.999961,1.069,-1.2247,4
1.2247,-0.70708,0.447196,1.34159,0.0,-0.999961,1.069,0.0,4
1.2247,-0.70708,0.447196,1.34159,0.0,-0.999961,1.069,1.2247,0
1.2247,-0.70708,0.447196,1.34159,0.0,0.999961,-1.33625,-1.2247,3
1.2247,-0.70708,0.447196,1.34159,0.0,0.999961,-1.33625,0.0,4
1.2247,-0.70708,0.447196,1.34159,0.0,0.999961,-1.33625,1.2247,0
1.2247,-0.70708,0.447196,1.34159,0.0,0.999961,0.267251,-1.2247,3
1.2247,-0.70708,0.447196,1.34159,0.0,0.999961,0.267251,0.0,4
1.2247,-0.70708,0.447196,1.34159,0.0,0.999961,0.267251,1.2247,0
1.2247,-0.70708,0.447196,1.34159,0.0,0.999961,1.069,-1.2247,4
1.2247,-0.70708,0.447196,1.34159,0.0,0.999961,1.069,0.0,4
1.2247,-0.70708,0.447196,1.34159,0.0,0.999961,1.069,1.2247,0
1.2247,-0.70708,0.447196,1.34159,1.2247,-0.999961,-1.33625,-1.2247,3
1.2247,-0.70708,0.447196,1.34159,1.2247,-0.999961,-1.33625,0.0,4
1.2247,-0.70708,0.447196,1.34159,1.2247,-0.999961,-1.33625,1.2247,0
1.2247,-0.70708,0.447196,1.34159,1.2247,-0.999961,0.267251,-1.2247,3
1.2247,-0.70708,0.447196,1.34159,1.2247,-0.999961,0.267251,0.0,4
1.2247,-0.70708,0.447196,1.34159,1.2247,-0.999961,0.267251,1.2247,0
1.2247,-0.70708,0.447196,1.34159,1.2247,-0.999961,1.069,-1.2247,4
1.2247,-0.70708,0.447196,1.34159,1.2247,-0.999961,1.069,0.0,4
1.2247,-0.70708,0.447196,1.34159,1.2247,-0.999961,1.069,1.2247,0
1.2247,-0.70708,0.447196,1.34159,1.2247,0.999961,-1.33625,-1.2247,3
1.2247,-0.70708,0.447196,1.34159,1.2247,0.999961,-1.33625,0.0,4
1.2247,-0.70708,0.447196,1.34159,1.2247,0.999961,-1.33625,1.2247,0
1.2247,-0.70708,0.447196,1.34159,1.2247,0.999961,0.267251,-1.2247,3
1.2247,-0.70708,0.447196,1.34159,1.2247,0.999961,0.267251,0.0,4
1.2247,-0.70708,0.447196,1.34159,1.2247,0.999961,0.267251,1.2247,0
1.2247,-0.70708,0.447196,1.34159,1.2247,0.999961,1.069,-1.2247,4
1.2247,-0.70708,0.447196,1.34159,1.2247,0.999961,1.069,0.0,4
1.2247,-0.70708,0.447196,1.34159,1.2247,0.999961,1.069,1.2247,0
1.2247,-0.70708,1.34159,-1.34159,-1.2247,-0.999961,-1.33625,-1.2247,3
1.2247,-0.70708,1.34159,-1.34159,-1.2247,-0.999961,-1.33625,0.0,3
1.2247,-0.70708,1.34159,-1.34159,-1.2247,-0.999961,-1.33625,1.2247,0
1.2247,-0.70708,1.34159,-1.34159,-1.2247,-0.999961,0.267251,-1.2247,3
1.2247,-0.70708,1.34159,-1.34159,-1.2247,-0.999961,0.267251,0.0,3
1.2247,-0.70708,1.34159,-1.34159,-1.2247,-0.999961,0.267251,1.2247,0
1.2247,-0.70708,1.34159,-1.34159,-1.2247,-0.999961,1.069,-1.2247,3
1.2247,-0.70708,1.34159,-1.34159,-1.2247,-0.999961,1.069,0.0,3
1.2247,-0.70708,1.34159,-1.34159,-1.2247,-0.999961,1.069,1.2247,0
1.2247,-0.70708,1.34159,-1.34159,-1.2247,0.999961,-1.33625,-1.2247,3
1.2247,-0.70708,1.34159,-1.34159,-1.2247,0.999961,-1.33625,0.0,4
1.2247,-0.70708,1.34159,-1.34159,-1.2247,0.999961,-1.33625,1.2247,0
1.2247,-0.70708,1.34159,-1.34159,-1.2247,0.999961,0.267251,-1.2247,3
1.2247,-0.70708,1.34159,-1.34159,-1.2247,0.999961,0.267251,0.0,4
1.2247,-0.70708,1.34159,-1.34159,-1.2247,0.999961,0.267251,1.2247,0
1.2247,-0.70708,1.34159,-1.34159,-1.2247,0.999961,1.069,-1.2247,4
1.2247,-0.70708,1.34159,-1.34159,-1.2247,0.999961,1.069,0.0,4
1.2247,-0.70708,1.34159,-1.34159,-1.2247,0.999961,1.069,1.2247,0
1.2247,-0.70708,1.34159,-1.34159,0.0,-0.999961,-1.33625,-1.2247,3
1.2247,-0.70708,1.34159,-1.34159,0.0,-0.999961,-1.33625,0.0,4
1.2247,-0.70708,1.34159,-1.34159,0.0,-0.999961,-1.33625,1.2247,0
1.2247,-0.70708,1.34159,-1.34159,0.0,-0.999961,0.267251,-1.2247,3
1.2247,-0.70708,1.34159,-1.34159,0.0,-0.999961,0.267251,0.0,4
1.2247,-0.70708,1.34159,-1.34159,0.0,-0.999961,0.267251,1.2247,0
1.2247,-0.70708,1.34159,-1.34159,0.0,-0.999961,1.069,-1.2247,4
1.2247,-0.70708,1.34159,-1.34159,0.0,-0.999961,1.069,0.0,4
1.2247,-0.70708,1.34159,-1.34159,0.0,-0.999961,1.069,1.2247,0
1.2247,-0.70708,1.34159,-1.34159,0.0,0.999961,-1.33625,-1.2247,3
1.2247,-0.70708,1.34159,-1.34159,0.0,0.999961,-1.33625,0.0,4
1.2247,-0.70708,1.34159,-1.34159,0.0,0.999961,-1.33625,1.2247,0
1.2247,-0.70708,1.34159,-1.34159,0.0,0.999961,0.267251,-1.2247,3
1.2247,-0.70708,1.34159,-1.34159,0.0,0.999961,0.267251,0.0,4
1.2247,-0.70708,1.34159,-1.34159,0.0,0.999961,0.267251,1.2247,0
1.2247,-0.70708,1.34159,-1.34159,0.0,0.999961,1.069,-1.2247,4
1.2247,-0.70708,1.34159,-1.34159,0.0,0.999961,1.069,0.0,4
1.2247,-0.70708,1.34159,-1.34159,0.0,0.999961,1.069,1.2247,0
1.2247,-0.70708,1.34159,-1.34159,1.2247,-0.999961,-1.33625,-1.2247,3
1.2247,-0.70708,1.34159,-1.34159,1.2247,-0.999961,-1.33625,0.0,4
1.2247,-0.70708,1.34159,-1.34159,1.2247,-0.999961,-1.33625,1.2247,0
1.2247,-0.70708,1.34159,-1.34159,1.2247,-0.999961,0.267251,-1.2247,3
1.2247,-0.70708,1.34159,-1.34159,1.2247,-0.999961,0.267251,0.0,4
1.2247,-0.70708,1.34159,-1.34159,1.2247,-0.999961,0.267251,1.2247,0
1.2247,-0.70708,1.34159,-1.34159,1.2247,-0.999961,1.069,-1.2247,4
1.2247,-0.70708,1.34159,-1.34159,1.2247,-0.999961,1.069,0.0,4
1.2247,-0.70708,1.34159,-1.34159,1.2247,-0.999961,1.069,1.2247,0
1.2247,-0.70708,1.34159,-1.34159,1.2247,0.999961,-1.33625,-1.2247,3
1.2247,-0.70708,1.34159,-1.34159,1.2247,0.999961,-1.33625,0.0,4
1.2247,-0.70708,1.34159,-1.34159,1.2247,0.999961,-1.33625,1.2247,0
1.2247,-0.70708,1.34159,-1.34159,1.2247,0.999961,0.267251,-1.2247,3
1.2247,-0.70708,1.34159,-1.34159,1.2247,0.999961,0.267251,0.0,4
1.2247,-0.70708,1.34159,-1.34159,1.2247,0.999961,0.267251,1.2247,0
1.2247,-0.70708,1.34159,-1.34159,1.2247,0.999961,1.069,-1.2247,4
1.2247,-0.70708,1.34159,-1.34159,1.2247,0.999961,1.069,0.0,4
1.2247,-0.70708,1.34159,-1.34159,1.2247,0.999961,1.069,1.2247,0
1.2247,-0.70708,1.34159,-0.447196,-1.2247,-0.999961,-1.33625,-1.2247,3
1.2247,-0.70708,1.34159,-0.447196,-1.2247,-0.999961,-1.33625,0.0,3
1.2247,-0.70708,1.34159,-0.447196,-1.2247,-0.999961,-1.33625,1.2247,0
1.2247,-0.70708,1.34159,-0.447196,-1.2247,-0.999961,0.267251,-1.2247,3
1.2247,-0.70708,1.34159,-0.447196,-1.2247,-0.999961,0.267251,0.0,3
1.2247,-0.70708,1.34159,-0.447196,-1.2247,-0.999961,0.267251,1.2247,0
1.2247,-0.70708,1.34159,-0.447196,-1.2247,-0.999961,1.069,-1.2247,3
1.2247,-0.70708,1.34159,-0.447196,-1.2247,-0.999961,1.069,0.0,3
1.2247,-0.70708,1.34159,-0.447196,-1.2247,-0.999961,1.069,1.2247,0
1.2247,-0.70708,1.34159,-0.447196,-1.2247,0.999961,-1.33625,-1.2247,3
1.2247,-0.70708,1.34159,-0.447196,-1.2247,0.999961,-1.33625,0.0,4
1.2247,-0.70708,1.34159,-0.447196,-1.2247,0.999961,-1.33625,1.2247,0
1.2247,-0.70708,1.34159,-0.447196,-1.2247,0.999961,0.267251,-1.2247,3
1.2247,-0.70708,1.34159,-0.447196,-1.2247,0.999961,0.267251,0.0,4
1.2247,-0.70708,1.34159,-0.447196,-1.2247,0.999961,0.267251,1.2247,0
1.2247,-0.70708,1.34159,-0.447196,-1.2247,0.999961,1.069,-1.2247,4
1.2247,-0.70708,1.34159,-0.447196,-1.2247,0.999961,1.069,0.0,4
1.2247,-0.70708,1.34159,-0.447196,-1.2247,0.999961,1.069,1.2247,0
1.2247,-0.70708,1.34159,-0.447196,0.0,-0.999961,-1.33625,-1.2247,3
1.2247,-0.70708,1.34159,-0.447196,0.0,-0.999961,-1.33625,0.0,4
1.2247,-0.70708,1.34159,-0.447196,0.0,-0.999961,-1.33625,1.2247,0
1.2247,-0.70708,1.34159,-0.447196,0.0,-0.999961,0.267251,-1.2247,3
1.2247,-0.70708,1.34159,-0.447196,0.0,-0.999961,0.267251,0.0,4
1.2247,-0.70708,1.34159,-0.447196,0.0,-0.999961,0.267251,1.2247,0
1.2247,-0.70708,1.34159,-0.447196,0.0,-0.999961,1.069,-1.2247,4
1.2247,-0.70708,1.34159,-0.447196,0.0,-0.999961,1.069,0.0,4
1.2247,-0.70708,1.34159,-0.447196,0.0,-0.999961,1.069,1.2247,0
1.2247,-0.70708,1.34159,-0.447196,0.0,0.999961,-1.33625,-1.2247,3
1.2247,-0.70708,1.34159,-0.447196,0.0,0.999961,-1.33625,0.0,4
1.2247,-0.70708,1.34159,-0.447196,0.0,0.999961,-1.33625,1.2247,0
1.2247,-0.70708,1.34159,-0.447196,0.0,0.999961,0.267251,-1.2247,3
1.2247,-0.70708,1.34159,-0.447196,0.0,0.999961,0.267251,0.0,4
1.2247,-0.70708,1.34159,-0.447196,0.0,0.999961,0.267251,1.2247,0
1.2247,-0.70708,1.34159,-0.447196,0.0,0.999961,1.069,-1.2247,4
1.2247,-0.70708,1.34159,-0.447196,0.0,0.999961,1.069,0.0,4
1.2247,-0.70708,1.34159,-0.447196,0.0,0.999961,1.069,1.2247,0
1.2247,-0.70708,1.34159,-0.447196,1.2247,-0.999961,-1.33625,-1.2247,3
1.2247,-0.70708,1.34159,-0.447196,1.2247,-0.999961,-1.33625,0.0,4
1.2247,-0.70708,1.34159,-0.447196,1.2247,-0.999961,-1.33625,1.2247,0
1.2247,-0.70708,1.34159,-0.447196,1.2247,-0.999961,0.267251,-1.2247,3
1.2247,-0.70708,1.34159,-0.447196,1.2247,-0.999961,0.267251,0.0,4
1.2247,-0.70708,1.34159,-0.447196,1.2247,-0.999961,0.267251,1.2247,0
1.2247,-0.70708,1.34159,-0.447196,1.2247,-0.999961,1.069,-1.2247,4
1.2247,-0.70708,1.34159,-0.447196,1.2247,-0.999961,1.069,0.0,4
1.2247,-0.70708,1.34159,-0.447196,1.2247,-0.999961,1.069,1.2247,0
1.2247,-0.70708,1.34159,-0.447196,1.2247,0.999961,-1.33625,-1.2247,3
1.2247,-0.70708,1.34159,-0.447196,1.2247,0.999961,-1.33625,0.0,4
1.2247,-0.70708,1.34159,-0.447196,1.2247,0.999961,-1.33625,1.2247,0
1.2247,-0.70708,1.34159,-0.447196,1.2247,0.999961,0.267251,-1.2247,3
1.2247,-0.70708,1.34159,-0.447196,1.2247,0.999961,0.267251,0.0,4
1.2247,-0.70708,1.34159,-0.447196,1.2247,0.999961,0.267251,1.2247,0
1.2247,-0.70708,1.34159,-0.447196,1.2247,0.999961,1.069,-1.2247,4
1.2247,-0.70708,1.34159,-0.447196,1.2247,0.999961,1.069,0.0,4
1.2247,-0.70708,1.34159,-0.447196,1.2247,0.999961,1.069,1.2247,0
1.2247,-0.70708,1.34159,0.447196,-1.2247,-0.999961,-1.33625,-1.2247,3
1.2247,-0.70708,1.34159,0.447196,-1.2247,-0.999961,-1.33625,0.0,3
1.2247,-0.70708,1.34159,0.447196,-1.2247,-0.999961,-1.33625,1.2247,0
1.2247,-0.70708,1.34159,0.447196,-1.2247,-0.999961,0.267251,-1.2247,3
1.2247,-0.70708,1.34159,0.447196,-1.2247,-0.999961,0.267251,0.0,3
1.2247,-0.70708,1.34159,0.447196,-1.2247,-0.999961,0.267251,1.2247,0
1.2247,-0.70708,1.34159,0.447196,-1.2247,-0.999961,1.069,-1.2247,3
1.2247,-0.70708,1.34159,0.447196,-1.2247,-0.999961,1.069,0.0,3
1.2247,-0.70708,1.34159,0.447196,-1.2247,-0.999961,1.069,1.2247,0
1.2247,-0.70708,1.34159,0.447196,-1.2247,0.999961,-1.33625,-1.2247,3
1.2247,-0.70708,1.34159,0.447196,-1.2247,0.999961,-1.33625,0.0,4
1.2247,-0.70708,1.34159,0.447196,-1.2247,0.999961,-1.33625,1.2247,0
1.2247,-0.70708,1.34159,0.447196,-1.2247,0.999961,0.267251,-1.2247,3
1.2247,-0.70708,1.34159,0.447196,-1.2247,0.999961,0.267251,0.0,4
1.2247,-0.70708,1.34159,0.447196,-1.2247,0.999961,0.267251,1.2247,0
1.2247,-0.70708,1.34159,0.447196,-1.2247,0.999961,1.069,-1.2247,4
1.2247,-0.70708,1.34159,0.447196,-1.2247,0.999961,1.069,0.0,4
1.2247,-0.70708,1.34159,0.447196,-1.2247,0.999961,1.069,1.2247,0
1.2247,-0.70708,1.34159,0.447196,0.0,-0.999961,-1.33625,-1.2247,3
1.2247,-0.70708,1.34159,0.447196,0.0,-0.999961,-1.33625,0.0,4
1.2247,-0.70708,1.34159,0.447196,0.0,-0.999961,-1.33625,1.2247,0
1.2247,-0.70708,1.34159,0.447196,0.0,-0.999961,0.267251,-1.2247,3
1.2247,-0.70708,1.34159,0.447196,0.0,-0.999961,0.267251,0.0,4
1.2247,-0.70708,1.34159,0.447196,0.0,-0.999961,0.267251,1.2247,0
1.2247,-0.70708,1.34159,0.447196,0.0,-0.999961,1.069,-1.2247,4
1.2247,-0.70708,1.34159,0.447196,0.0,-0.999961,1.069,0.0,4
1.2247,-0.70708,1.34159,0.447196,0.0,-0.999961,1.069,1.2247,0
1.2247,-0.70708,1.34159,0.447196,0.0,0.999961,-1.33625,-1.2247,3
1.2247,-0.70708,1.34159,0.447196,0.0,0.999961,-1.33625,0.0,4
1.2247,-0.70708,1.34159,0.447196,0.0,0.999961,-1.33625,1.2247,0
1.2247,-0.70708,1.34159,0.447196,0.0,0.999961,0.267251,-1.2247,3
1.2247,-0.70708,1.34159,0.447196,0.0,0.999961,0.267251,0.0,4
1.2247,-0.70708,1.34159,0.447196,0.0,0.999961,0.267251,1.2247,0
1.2247,-0.70708,1.34159,0.447196,0.0,0.999961,1.069,-1.2247,4
1.2247,-0.70708,1.34159,0.447196,0.0,0.999961,1.069,0.0,4
1.2247,-0.70708,1.34159,0.447196,0.0,0.999961,1.069,1.2247,0
1.2247,-0.70708,1.34159,0.447196,1.2247,-0.999961,-1.33625,-1.2247,3
1.2247,-0.70708,1.34159,0.447196,1.2247,-0.999961,-1.33625,0.0,4
1.2247,-0.70708,1.34159,0.447196,1.2247,-0.999961,-1.33625,1.2247,0
1.2247,-0.70708,1.34159,0.447196,1.2247,-0.999961,0.267251,-1.2247,3
1.2247,-0.70708,1.34159,0.447196,1.2247,-0.999961,0.267251,0.0,4
1.2247,-0.70708,1.34159,0.447196,1.2247,-0.999961,0.267251,1.2247,0
1.2247,-0.70708,1.34159,0.447196,1.2247,-0.999961,1.069,-1.2247,4
1.2247,-0.70708,1.34159,0.447196,1.2247,-0.999961,1.069,0.0,4
1.2247,-0.70708,1.34159,0.447196,1.2247,-0.999961,1.069,1.2247,0
1.2247,-0.70708,1.34159,0.447196,1.2247,0.999961,-1.33625,-1.2247,3
1.2247,-0.70708,1.34159,0.447196,1.2247,0.999961,-1.33625,0.0,4
1.2247,-0.70708,1.34159,0.447196,1.2247,0.999961,-1.33625,1.2247,0
1.2247,-0.70708,1.34159,0.447196,1.2247,0.999961,0.267251,-1.2247,3
1.2247,-0.70708,1.34159,0.447196,1.2247,0.999961,0.267251,0.0,4
1.2247,-0.70708,1.34159,0.447196,1.2247,0.999961,0.267251,1.2247,0
1.2247,-0.70708,1.34159,0.447196,1.2247,0.999961,1.069,-1.2247,4
1.2247,-0.70708,1.34159,0.447196,1.2247,0.999961,1.069,0.0,4
1.2247,-0.70708,1.34159,0.447196,1.2247,0.999961,1.069,1.2247,0
1.2247,-0.70708,1.34159,1.34159,-1.2247,-0.999961,-1.33625,-1.2247,3
1.2247,-0.70708,1.34159,1.34159,-1.2247,-0.999961,-1.33625,0.0,3
1.2247,-0.70708,1.34159,1.34159,-1.2247,-0.999961,-1.33625,1.2247,0
1.2247,-0.70708,1.34159,1.34159,-1.2247,-0.999961,0.267251,-1.2247,3
1.2247,-0.70708,1.34159,1.34159,-1.2247,-0.999961,0.267251,0.0,3
1.2247,-0.70708,1.34159,1.34159,-1.2247,-0.999961,0.267251,1.2247,0
1.2247,-0.70708,1.34159,1.34159,-1.2247,-0.999961,1.069,-1.2247,3
1.2247,-0.70708,1.34159,1.34159,-1.2247,-0.999961,1.069,0.0,3
1.2247,-0.70708,1.34159,1.34159,-1.2247,-0.999961,1.069,1.2247,0
1.2247,-0.70708,1.34159,1.34159,-1.2247,0.999961,-1.33625,-1.2247,3
1.2247,-0.70708,1.34159,1.34159,-1.2247,0.999961,-1.33625,0.0,4
1.2247,-0.70708,1.34159,1.34159,-1.2247,0.999961,-1.33625,1.2247,0
1.2247,-0.70708,1.34159,1.34159,-1.2247,0.999961,0.267251,-1.2247,3
1.2247,-0.70708,1.34159,1.34159,-1.2247,0.999961,0.267251,0.0,4
1.2247,-0.70708,1.34159,1.34159,-1.2247,0.999961,0.267251,1.2247,0
1.2247,-0.70708,1.34159,1.34159,-1.2247,0.999961,1.069,-1.2247,4
1.2247,-0.70708,1.34159,1.34159,-1.2247,0.999961,1.069,0.0,4
1.2247,-0.70708,1.34159,1.34159,-1.2247,0.999961,1.069,1.2247,0
1.2247,-0.70708,1.34159,1.34159,0.0,-0.999961,-1.33625,-1.2247,3
1.2247,-0.70708,1.34159,1.34159,0.0,-0.999961,-1.33625,0.0,4
1.2247,-0.70708,1.34159,1.34159,0.0,-0.999961,-1.33625,1.2247,0
1.2247,-0.70708,1.34159,1.34159,0.0,-0.999961,0.267251,-1.2247,3
1.2247,-0.70708,1.34159,1.34159,0.0,-0.999961,0.267251,0.0,4
1.2247,-0.70708,1.34159,1.34159,0.0,-0.999961,0.267251,1.2247,0
1.2247,-0.70708,1.34159,1.34159,0.0,-0.999961,1.069,-1.2247,4
1.2247,-0.70708,1.34159,1.34159,0.0,-0.999961,1.069,0.0,4
1.2247,-0.70708,1.34159,1.34159,0.0,-0.999961,1.069,1.2247,0
1.2247,-0.70708,1.34159,1.34159,0.0,0.999961,-1.33625,-1.2247,3
1.2247,-0.70708,1.34159,1.34159,0.0,0.999961,-1.33625,0.0,4
1.2247,-0.70708,1.34159,1.34159,0.0,0.999961,-1.33625,1.2247,0
1.2247,-0.70708,1.34159,1.34159,0.0,0.999961,0.267251,-1.2247,3
1.2247,-0.70708,1.34159,1.34159,0.0,0.999961,0.267251,0.0,4
1.2247,-0.70708,1.34159,1.34159,0.0,0.999961,0.267251,1.2247,0
1.2247,-0.70708,1.34159,1.34159,0.0,0.999961,1.069,-1.2247,4
1.2247,-0.70708,1.34159,1.34159,0.0,0.999961,1.069,0.0,4
1.2247,-0.70708,1.34159,1.34159,0.0,0.999961,1.069,1.2247,0
1.2247,-0.70708,1.34159,1.34159,1.2247,-0.999961,-1.33625,-1.2247,3
1.2247,-0.70708,1.34159,1.34159,1.2247,-0.999961,-1.33625,0.0,4
1.2247,-0.70708,1.34159,1.34159,1.2247,-0.999961,-1.33625,1.2247,0
1.2247,-0.70708,1.34159,1.34159,1.2247,-0.999961,0.267251,-1.2247,3
1.2247,-0.70708,1.34159,1.34159,1.2247,-0.999961,0.267251,0.0,4
1.2247,-0.70708,1.34159,1.34159,1.2247,-0.999961,0.267251,1.2247,0
1.2247,-0.70708,1.34159,1.34159,1.2247,-0.999961,1.069,-1.2247,4
1.2247,-0.70708,1.34159,1.34159,1.2247,-0.999961,1.069,0.0,4
1.2247,-0.70708,1.34159,1.34159,1.2247,-0.999961,1.069,1.2247,0
1.2247,-0.70708,1.34159,1.34159,1.2247,0.999961,-1.33625,-1.2247,3
1.2247,-0.70708,1.34159,1.34159,1.2247,0.999961,-1.33625,0.0,4
1.2247,-0.70708,1.34159,1.34159,1.2247,0.999961,-1.33625,1.2247,0
1.2247,-0.70708,1.34159,1.34159,1.2247,0.999961,0.267251,-1.2247,3
1.2247,-0.70708,1.34159,1.34159,1.2247,0.999961,0.267251,0.0,4
1.2247,-0.70708,1.34159,1.34159,1.2247,0.999961,0.267251,1.2247,0
1.2247,-0.70708,1.34159,1.34159,1.2247,0.999961,1.069,-1.2247,4
1.2247,-0.70708,1.34159,1.34159,1.2247,0.999961,1.069,0.0,4
1.2247,-0.70708,1.34159,1.34159,1.2247,0.999961,1.069,1.2247,0
1.2247,0.0,-1.34159,-1.34159,-1.2247,-0.999961,-1.33625,-1.2247,3
1.2247,0.0,-1.34159,-1.34159,-1.2247,-0.999961,-1.33625,0.0,3
1.2247,0.0,-1.34159,-1.34159,-1.2247,-0.999961,-1.33625,1.2247,0
1.2247,0.0,-1.34159,-1.34159,-1.2247,-0.999961,0.267251,-1.2247,3
1.2247,0.0,-1.34159,-1.34159,-1.2247,-0.999961,0.267251,0.0,3
1.2247,0.0,-1.34159,-1.34159,-1.2247,-0.999961,0.267251,1.2247,0
1.2247,0.0,-1.34159,-1.34159,-1.2247,-0.999961,1.069,-1.2247,3
1.2247,0.0,-1.34159,-1.34159,-1.2247,-0.999961,1.069,0.0,3
1.2247,0.0,-1.34159,-1.34159,-1.2247,-0.999961,1.069,1.2247,0
1.2247,0.0,-1.34159,-1.34159,-1.2247,0.999961,-1.33625,-1.2247,3
1.2247,0.0,-1.34159,-1.34159,-1.2247,0.999961,-1.33625,0.0,4
1.2247,0.0,-1.34159,-1.34159,-1.2247,0.999961,-1.33625,1.2247,0
1.2247,0.0,-1.34159,-1.34159,-1.2247,0.999961,0.267251,-1.2247,3
1.2247,0.0,-1.34159,-1.34159,-1.2247,0.999961,0.267251,0.0,4
1.2247,0.0,-1.34159,-1.34159,-1.2247,0.999961,0.267251,1.2247,0
1.2247,0.0,-1.34159,-1.34159,-1.2247,0.999961,1.069,-1.2247,4
1.2247,0.0,-1.34159,-1.34159,-1.2247,0.999961,1.069,0.0,4
1.2247,0.0,-1.34159,-1.34159,-1.2247,0.999961,1.069,1.2247,0
1.2247,0.0,-1.34159,-1.34159,0.0,-0.999961,-1.33625,-1.2247,3
1.2247,0.0,-1.34159,-1.34159,0.0,-0.999961,-1.33625,0.0,4
1.2247,0.0,-1.34159,-1.34159,0.0,-0.999961,-1.33625,1.2247,0
1.2247,0.0,-1.34159,-1.34159,0.0,-0.999961,0.267251,-1.2247,3
1.2247,0.0,-1.34159,-1.34159,0.0,-0.999961,0.267251,0.0,4
1.2247,0.0,-1.34159,-1.34159,0.0,-0.999961,0.267251,1.2247,0
1.2247,0.0,-1.34159,-1.34159,0.0,-0.999961,1.069,-1.2247,4
1.2247,0.0,-1.34159,-1.34159,0.0,-0.999961,1.069,0.0,4
1.2247,0.0,-1.34159,-1.34159,0.0,-0.999961,1.069,1.2247,0
1.2247,0.0,-1.34159,-1.34159,0.0,0.999961,-1.33625,-1.2247,3
1.2247,0.0,-1.34159,-1.34159,0.0,0.999961,-1.33625,0.0,4
1.2247,0.0,-1.34159,-1.34159,0.0,0.999961,-1.33625,1.2247,0
1.2247,0.0,-1.34159,-1.34159,0.0,0.999961,0.267251,-1.2247,3
1.2247,0.0,-1.34159,-1.34159,0.0,0.999961,0.267251,0.0,4
1.2247,0.0,-1.34159,-1.34159,0.0,0.999961,0.267251,1.2247,0
1.2247,0.0,-1.34159,-1.34159,0.0,0.999961,1.069,-1.2247,4
1.2247,0.0,-1.34159,-1.34159,0.0,0.999961,1.069,0.0,4
1.2247,0.0,-1.34159,-1.34159,0.0,0.999961,1.069,1.2247,0
1.2247,0.0,-1.34159,-1.34159,1.2247,-0.999961,-1.33625,-1.2247,3
1.2247,0.0,-1.34159,-1.34159,1.2247,-0.999961,-1.33625,0.0,4
1.2247,0.0,-1.34159,-1.34159,1.2247,-0.999961,-1.33625,1.2247,0
1.2247,0.0,-1.34159,-1.34159,1.2247,-0.999961,0.267251,-1.2247,3
1.2247,0.0,-1.34159,-1.34159,1.2247,-0.999961,0.267251,0.0,4
1.2247,0.0,-1.34159,-1.34159,1.2247,-0.999961,0.267251,1.2247,0
1.2247,0.0,-1.34159,-1.34159,1.2247,-0.999961,1.069,-1.2247,4
1.2247,0.0,-1.34159,-1.34159,1.2247,-0.999961,1.069,0.0,4
1.2247,0.0,-1.34159,-1.34159,1.2247,-0.999961,1.069,1.2247,0
1.2247,0.0,-1.34159,-1.34159,1.2247,0.999961,-1.33625,-1.2247,3
1.2247,0.0,-1.34159,-1.34159,1.2247,0.999961,-1.33625,0.0,4
1.2247,0.0,-1.34159,-1.34159,1.2247,0.999961,-1.33625,1.2247,0
1.2247,0.0,-1.34159,-1.34159,1.2247,0.999961,0.267251,-1.2247,3
1.2247,0.0,-1.34159,-1.34159,1.2247,0.999961,0.267251,0.0,4
1.2247,0.0,-1.34159,-1.34159,1.2247,0.999961,0.267251,1.2247,0
1.2247,0.0,-1.34159,-1.34159,1.2247,0.999961,1.069,-1.2247,4
1.2247,0.0,-1.34159,-1.34159,1.2247,0.999961,1.069,0.0,4
1.2247,0.0,-1.34159,-1.34159,1.2247,0.999961,1.069,1.2247,0
1.2247,0.0,-1.34159,-0.447196,-1.2247,-0.999961,-1.33625,-1.2247,3
1.2247,0.0,-1.34159,-0.447196,-1.2247,-0.999961,-1.33625,0.0,4
1.2247,0.0,-1.34159,-0.447196,-1.2247,-0.999961,-1.33625,1.2247,0
1.2247,0.0,-1.34159,-0.447196,-1.2247,-0.999961,0.267251,-1.2247,3
1.2247,0.0,-1.34159,-0.447196,-1.2247,-0.999961,0.267251,0.0,4
1.2247,0.0,-1.34159,-0.447196,-1.2247,-0.999961,0.267251,1.2247,0
1.2247,0.0,-1.34159,-0.447196,-1.2247,-0.999961,1.069,-1.2247,4
1.2247,0.0,-1.34159,-0.447196,-1.2247,-0.999961,1.069,0.0,4
1.2247,0.0,-1.34159,-0.447196,-1.2247,-0.999961,1.069,1.2247,0
1.2247,0.0,-1.34159,-0.447196,-1.2247,0.999961,-1.33625,-1.2247,3
1.2247,0.0,-1.34159,-0.447196,-1.2247,0.999961,-1.33625,0.0,4
1.2247,0.0,-1.34159,-0.447196,-1.2247,0.999961,-1.33625,1.2247,0
1.2247,0.0,-1.34159,-0.447196,-1.2247,0.999961,0.267251,-1.2247,3
1.2247,0.0,-1.34159,-0.447196,-1.2247,0.999961,0.267251,0.0,4
1.2247,0.0,-1.34159,-0.447196,-1.2247,0.999961,0.267251,1.2247,0
1.2247,0.0,-1.34159,-0.447196,-1.2247,0.999961,1.069,-1.2247,4
1.2247,0.0,-1.34159,-0.447196,-1.2247,0.999961,1.069,0.0,4
1.2247,0.0,-1.34159,-0.447196,-1.2247,0.999961,1.069,1.2247,0
1.2247,0.0,-1.34159,-0.447196,0.0,-0.999961,-1.33625,-1.2247,3
1.2247,0.0,-1.34159,-0.447196,0.0,-0.999961,-1.33625,0.0,4
1.2247,0.0,-1.34159,-0.447196,0.0,-0.999961,-1.33625,1.2247,0
1.2247,0.0,-1.34159,-0.447196,0.0,-0.999961,0.267251,-1.2247,3
1.2247,0.0,-1.34159,-0.447196,0.0,-0.999961,0.267251,0.0,4
1.2247,0.0,-1.34159,-0.447196,0.0,-0.999961,0.267251,1.2247,0
1.2247,0.0,-1.34159,-0.447196,0.0,-0.999961,1.069,-1.2247,4
1.2247,0.0,-1.34159,-0.447196,0.0,-0.999961,1.069,0.0,4
1.2247,0.0,-1.34159,-0.447196,0.0,-0.999961,1.069,1.2247,0
1.2247,0.0,-1.34159,-0.447196,0.0,0.999961,-1.33625,-1.2247,3
1.2247,0.0,-1.34159,-0.447196,0.0,0.999961,-1.33625,0.0,4
1.2247,0.0,-1.34159,-0.447196,0.0,0.999961,-1.33625,1.2247,0
1.2247,0.0,-1.34159,-0.447196,0.0,0.999961,0.267251,-1.2247,3
1.2247,0.0,-1.34159,-0.447196,0.0,0.999961,0.267251,0.0,4
1.2247,0.0,-1.34159,-0.447196,0.0,0.999961,0.267251,1.2247,0
1.2247,0.0,-1.34159,-0.447196,0.0,0.999961,1.069,-1.2247,4
1.2247,0.0,-1.34159,-0.447196,0.0,0.999961,1.069,0.0,4
1.2247,0.0,-1.34159,-0.447196,0.0,0.999961,1.069,1.2247,0
1.2247,0.0,-1.34159,-0.447196,1.2247,-0.999961,-1.33625,-1.2247,4
1.2247,0.0,-1.34159,-0.447196,1.2247,-0.999961,-1.33625,0.0,4
1.2247,0.0,-1.34159,-0.447196,1.2247,-0.999961,-1.33625,1.2247,0
1.2247,0.0,-1.34159,-0.447196,1.2247,-0.999961,0.267251,-1.2247,4
1.2247,0.0,-1.34159,-0.447196,1.2247,-0.999961,0.267251,0.0,4
1.2247,0.0,-1.34159,-0.447196,1.2247,-0.999961,0.267251,1.2247,0
1.2247,0.0,-1.34159,-0.447196,1.2247,-0.999961,1.069,-1.2247,4
1.2247,0.0,-1.34159,-0.447196,1.2247,-0.999961,1.069,0.0,4
1.2247,0.0,-1.34159,-0.447196,1.2247,-0.999961,1.069,1.2247,0
1.2247,0.0,-1.34159,-0.447196,1.2247,0.999961,-1.33625,-1.2247,4
1.2247,0.0,-1.34159,-0.447196,1.2247,0.999961,-1.33625,0.0,4
1.2247,0.0,-1.34159,-0.447196,1.2247,0.999961,-1.33625,1.2247,0
1.2247,0.0,-1.34159,-0.447196,1.2247,0.999961,0.267251,-1.2247,4
1.2247,0.0,-1.34159,-0.447196,1.2247,0.999961,0.267251,0.0,4
1.2247,0.0,-1.34159,-0.447196,1.2247,0.999961,0.267251,1.2247,0
1.2247,0.0,-1.34159,-0.447196,1.2247,0.999961,1.069,-1.2247,4
1.2247,0.0,-1.34159,-0.447196,1.2247,0.999961,1.069,0.0,4
1.2247,0.0,-1.34159,-0.447196,1.2247,0.999961,1.069,1.2247,0
1.2247,0.0,-1.34159,0.447196,-1.2247,-0.999961,-1.33625,-1.2247,3
1.2247,0.0,-1.34159,0.447196,-1.2247,-0.999961,-1.33625,0.0,4
1.2247,0.0,-1.34159,0.447196,-1.2247,-0.999961,-1.33625,1.2247,0
1.2247,0.0,-1.34159,0.447196,-1.2247,-0.999961,0.267251,-1.2247,3
1.2247,0.0,-1.34159,0.447196,-1.2247,-0.999961,0.267251,0.0,4
1.2247,0.0,-1.34159,0.447196,-1.2247,-0.999961,0.267251,1.2247,0
1.2247,0.0,-1.34159,0.447196,-1.2247,-0.999961,1.069,-1.2247,4
1.2247,0.0,-1.34159,0.447196,-1.2247,-0.999961,1.069,0.0,4
1.2247,0.0,-1.34159,0.447196,-1.2247,-0.999961,1.069,1.2247,0
1.2247,0.0,-1.34159,0.447196,-1.2247,0.999961,-1.33625,-1.2247,4
1.2247,0.0,-1.34159,0.447196,-1.2247,0.999961,-1.33625,0.0,4
1.2247,0.0,-1.34159,0.447196,-1.2247,0.999961,-1.33625,1.2247,0
1.2247,0.0,-1.34159,0.447196,-1.2247,0.999961,0.267251,-1.2247,4
1.2247,0.0,-1.34159,0.447196,-1.2247,0.999961,0.267251,0.0,4
1.2247,0.0,-1.34159,0.447196,-1.2247,0.999961,0.267251,1.2247,0
1.2247,0.0,-1.34159,0.447196,-1.2247,0.999961,1.069,-1.2247,4
1.2247,0.0,-1.34159,0.447196,-1.2247,0.999961,1.069,0.0,4
1.2247,0.0,-1.34159,0.447196,-1.2247,0.999961,1.069,1.2247,0
1.2247,0.0,-1.34159,0.447196,0.0,-0.999961,-1.33625,-1.2247,4
1.2247,0.0,-1.34159,0.447196,0.0,-0.999961,-1.33625,0.0,4
1.2247,0.0,-1.34159,0.447196,0.0,-0.999961,-1.33625,1.2247,0
1.2247,0.0,-1.34159,0.447196,0.0,-0.999961,0.267251,-1.2247,4
1.2247,0.0,-1.34159,0.447196,0.0,-0.999961,0.267251,0.0,4
1.2247,0.0,-1.34159,0.447196,0.0,-0.999961,0.267251,1.2247,0
1.2247,0.0,-1.34159,0.447196,0.0,-0.999961,1.069,-1.2247,4
1.2247,0.0,-1.34159,0.447196,0.0,-0.999961,1.069,0.0,4
1.2247,0.0,-1.34159,0.447196,0.0,-0.999961,1.069,1.2247,0
1.2247,0.0,-1.34159,0.447196,0.0,0.999961,-1.33625,-1.2247,4
1.2247,0.0,-1.34159,0.447196,0.0,0.999961,-1.33625,0.0,4
1.2247,0.0,-1.34159,0.447196,0.0,0.999961,-1.33625,1.2247,0
1.2247,0.0,-1.34159,0.447196,0.0,0.999961,0.267251,-1.2247,4
1.2247,0.0,-1.34159,0.447196,0.0,0.999961,0.267251,0.0,4
1.2247,0.0,-1.34159,0.447196,0.0,0.999961,0.267251,1.2247,0
1.2247,0.0,-1.34159,0.447196,0.0,0.999961,1.069,-1.2247,4
1.2247,0.0,-1.34159,0.447196,0.0,0.999961,1.069,0.0,4
1.2247,0.0,-1.34159,0.447196,0.0,0.999961,1.069,1.2247,0
1.2247,0.0,-1.34159,0.447196,1.2247,-0.999961,-1.33625,-1.2247,4
1.2247,0.0,-1.34159,0.447196,1.2247,-0.999961,-1.33625,0.0,4
1.2247,0.0,-1.34159,0.447196,1.2247,-0.999961,-1.33625,1.2247,0
1.2247,0.0,-1.34159,0.447196,1.2247,-0.999961,0.267251,-1.2247,4
1.2247,0.0,-1.34159,0.447196,1.2247,-0.999961,0.267251,0.0,4
1.2247,0.0,-1.34159,0.447196,1.2247,-0.999961,0.267251,1.2247,0
1.2247,0.0,-1.34159,0.447196,1.2247,-0.999961,1.069,-1.2247,4
1.2247,0.0,-1.34159,0.447196,1.2247,-0.999961,1.069,0.0,4
1.2247,0.0,-1.34159,0.447196,1.2247,-0.999961,1.069,1.2247,0
1.2247,0.0,-1.34159,0.447196,1.2247,0.999961,-1.33625,-1.2247,4
1.2247,0.0,-1.34159,0.447196,1.2247,0.999961,-1.33625,0.0,4
1.2247,0.0,-1.34159,0.447196,1.2247,0.999961,-1.33625,1.2247,0
1.2247,0.0,-1.34159,0.447196,1.2247,0.999961,0.267251,-1.2247,4
1.2247,0.0,-1.34159,0.447196,1.2247,0.999961,0.267251,0.0,4
1.2247,0.0,-1.34159,0.447196,1.2247,0.999961,0.267251,1.2247,0
1.2247,0.0,-1.34159,0.447196,1.2247,0.999961,1.069,-1.2247,4
1.2247,0.0,-1.34159,0.447196,1.2247,0.999961,1.069,0.0,4
1.2247,0.0,-1.34159,0.447196,1.2247,0.999961,1.069,1.2247,0
1.2247,0.0,-1.34159,1.34159,-1.2247,-0.999961,-1.33625,-1.2247,3
1.2247,0.0,-1.34159,1.34159,-1.2247,-0.999961,-1.33625,0.0,4
1.2247,0.0,-1.34159,1.34159,-1.2247,-0.999961,-1.33625,1.2247,0
1.2247,0.0,-1.34159,1.34159,-1.2247,-0.999961,0.267251,-1.2247,3
1.2247,0.0,-1.34159,1.34159,-1.2247,-0.999961,0.267251,0.0,4
1.2247,0.0,-1.34159,1.34159,-1.2247,-0.999961,0.267251,1.2247,0
1.2247,0.0,-1.34159,1.34159,-1.2247,-0.999961,1.069,-1.2247,4
1.2247,0.0,-1.34159,1.34159,-1.2247,-0.999961,1.069,0.0,4
1.2247,0.0,-1.34159,1.34159,-1.2247,-0.999961,1.069,1.2247,0
1.2247,0.0,-1.34159,1.34159,-1.2247,0.999961,-1.33625,-1.2247,4
1.2247,0.0,-1.34159,1.34159,-1.2247,0.999961,-1.33625,0.0,4
1.2247,0.0,-1.34159,1.34159,-1.2247,0.999961,-1.33625,1.2247,0
1.2247,0.0,-1.34159,1.34159,-1.2247,0.999961,0.267251,-1.2247,4
1.2247,0.0,-1.34159,1.34159,-1.2247,0.999961,0.267251,0.0,4
1.2247,0.0,-1.34159,1.34159,-1.2247,0.999961,0.267251,1.2247,0
1.2247,0.0,-1.34159,1.34159,-1.2247,0.999961,1.069,-1.2247,4
1.2247,0.0,-1.34159,1.34159,-1.2247,0.999961,1.069,0.0,4
1.2247,0.0,-1.34159,1.34159,-1.2247,0.999961,1.069,1.2247,0
1.2247,0.0,-1.34159,1.34159,0.0,-0.999961,-1.33625,-1.2247,4
1.2247,0.0,-1.34159,1.34159,0.0,-0.999961,-1.33625,0.0,4
1.2247,0.0,-1.34159,1.34159,0.0,-0.999961,-1.33625,1.2247,0
1.2247,0.0,-1.34159,1.34159,0.0,-0.999961,0.267251,-1.2247,4
1.2247,0.0,-1.34159,1.34159,0.0,-0.999961,0.267251,0.0,4
1.2247,0.0,-1.34159,1.34159,0.0,-0.999961,0.267251,1.2247,0
1.2247,0.0,-1.34159,1.34159,0.0,-0.999961,1.069,-1.2247,4
1.2247,0.0,-1.34159,1.34159,0.0,-0.999961,1.069,0.0,4
1.2247,0.0,-1.34159,1.34159,0.0,-0.999961,1.069,1.2247,0
1.2247,0.0,-1.34159,1.34159,0.0,0.999961,-1.33625,-1.2247,4
1.2247,0.0,-1.34159,1.34159,0.0,0.999961,-1.33625,0.0,4
1.2247,0.0,-1.34159,1.34159,0.0,0.999961,-1.33625,1.2247,0
1.2247,0.0,-1.34159,1.34159,0.0,0.999961,0.267251,-1.2247,4
1.2247,0.0,-1.34159,1.34159,0.0,0.999961,0.267251,0.0,4
1.2247,0.0,-1.34159,1.34159,0.0,0.999961,0.267251,1.2247,0
1.2247,0.0,-1.34159,1.34159,0.0,0.999961,1.069,-1.2247,4
1.2247,0.0,-1.34159,1.34159,0.0,0.999961,1.069,0.0,4
1.2247,0.0,-1.34159,1.34159,0.0,0.999961,1.069,1.2247,0
1.2247,0.0,-1.34159,1.34159,1.2247,-0.999961,-1.33625,-1.2247,4
1.2247,0.0,-1.34159,1.34159,1.2247,-0.999961,-1.33625,0.0,4
1.2247,0.0,-1.34159,1.34159,1.2247,-0.999961,-1.33625,1.2247,0
1.2247,0.0,-1.34159,1.34159,1.2247,-0.999961,0.267251,-1.2247,4
1.2247,0.0,-1.34159,1.34159,1.2247,-0.999961,0.267251,0.0,4
1.2247,0.0,-1.34159,1.34159,1.2247,-0.999961,0.267251,1.2247,0
1.2247,0.0,-1.34159,1.34159,1.2247,-0.999961,1.069,-1.2247,4
1.2247,0.0,-1.34159,1.34159,1.2247,-0.999961,1.069,0.0,4
1.2247,0.0,-1.34159,1.34159,1.2247,-0.999961,1.069,1.2247,0
1.2247,0.0,-1.34159,1.34159,1.2247,0.999961,-1.33625,-1.2247,4
1.2247,0.0,-1.34159,1.34159,1.2247,0.999961,-1.33625,0.0,4
1.2247,0.0,-1.34159,1.34159,1.2247,0.999961,-1.33625,1.2247,0
1.2247,0.0,-1.34159,1.34159,1.2247,0.999961,0.267251,-1.2247,4
1.2247,0.0,-1.34159,1.34159,1.2247,0.999961,0.267251,0.0,4
1.2247,0.0,-1.34159,1.34159,1.2247,0.999961,0.267251,1.2247,0
1.2247,0.0,-1.34159,1.34159,1.2247,0.999961,1.069,-1.2247,4
1.2247,0.0,-1.34159,1.34159,1.2247,0.999961,1.069,0.0,4
1.2247,0.0,-1.34159,1.34159,1.2247,0.999961,1.069,1.2247,0
1.2247,0.0,-0.447196,-1.34159,-1.2247,-0.999961,-1.33625,-1.2247,3
1.2247,0.0,-0.447196,-1.34159,-1.2247,-0.999961,-1.33625,0.0,4
1.2247,0.0,-0.447196,-1.34159,-1.2247,-0.999961,-1.33625,1.2247,0
1.2247,0.0,-0.447196,-1.34159,-1.2247,-0.999961,0.267251,-1.2247,3
1.2247,0.0,-0.447196,-1.34159,-1.2247,-0.999961,0.267251,0.0,4
1.2247,0.0,-0.447196,-1.34159,-1.2247,-0.999961,0.267251,1.2247,0
1.2247,0.0,-0.447196,-1.34159,-1.2247,-0.999961,1.069,-1.2247,4
1.2247,0.0,-0.447196,-1.34159,-1.2247,-0.999961,1.069,0.0,4
1.2247,0.0,-0.447196,-1.34159,-1.2247,-0.999961,1.069,1.2247,0
1.2247,0.0,-0.447196,-1.34159,-1.2247,0.999961,-1.33625,-1.2247,3
1.2247,0.0,-0.447196,-1.34159,-1.2247,0.999961,-1.33625,0.0,4
1.2247,0.0,-0.447196,-1.34159,-1.2247,0.999961,-1.33625,1.2247,0
1.2247,0.0,-0.447196,-1.34159,-1.2247,0.999961,0.267251,-1.2247,3
1.2247,0.0,-0.447196,-1.34159,-1.2247,0.999961,0.267251,0.0,4
1.2247,0.0,-0.447196,-1.34159,-1.2247,0.999961,0.267251,1.2247,0
1.2247,0.0,-0.447196,-1.34159,-1.2247,0.999961,1.069,-1.2247,4
1.2247,0.0,-0.447196,-1.34159,-1.2247,0.999961,1.069,0.0,4
1.2247,0.0,-0.447196,-1.34159,-1.2247,0.999961,1.069,1.2247,0
1.2247,0.0,-0.447196,-1.34159,0.0,-0.999961,-1.33625,-1.2247,3
1.2247,0.0,-0.447196,-1.34159,0.0,-0.999961,-1.33625,0.0,4
1.2247,0.0,-0.447196,-1.34159,0.0,-0.999961,-1.33625,1.2247,0
1.2247,0.0,-0.447196,-1.34159,0.0,-0.999961,0.267251,-1.2247,3
1.2247,0.0,-0.447196,-1.34159,0.0,-0.999961,0.267251,0.0,4
1.2247,0.0,-0.447196,-1.34159,0.0,-0.999961,0.267251,1.2247,0
1.2247,0.0,-0.447196,-1.34159,0.0,-0.999961,1.069,-1.2247,4
1.2247,0.0,-0.447196,-1.34159,0.0,-0.999961,1.069,0.0,4
1.2247,0.0,-0.447196,-1.34159,0.0,-0.999961,1.069,1.2247,0
1.2247,0.0,-0.447196,-1.34159,0.0,0.999961,-1.33625,-1.2247,3
1.2247,0.0,-0.447196,-1.34159,0.0,0.999961,-1.33625,0.0,4
1.2247,0.0,-0.447196,-1.34159,0.0,0.999961,-1.33625,1.2247,0
1.2247,0.0,-0.447196,-1.34159,0.0,0.999961,0.267251,-1.2247,3
1.2247,0.0,-0.447196,-1.34159,0.0,0.999961,0.267251,0.0,4
1.2247,0.0,-0.447196,-1.34159,0.0,0.999961,0.267251,1.2247,0
1.2247,0.0,-0.447196,-1.34159,0.0,0.999961,1.069,-1.2247,4
1.2247,0.0,-0.447196,-1.34159,0.0,0.999961,1.069,0.0,4
1.2247,0.0,-0.447196,-1.34159,0.0,0.999961,1.069,1.2247,0
1.2247,0.0,-0.447196,-1.34159,1.2247,-0.999961,-1.33625,-1.2247,4
1.2247,0.0,-0.447196,-1.34159,1.2247,-0.999961,-1.33625,0.0,4
1.2247,0.0,-0.447196,-1.34159,1.2247,-0.999961,-1.33625,1.2247,0
1.2247,0.0,-0.447196,-1.34159,1.2247,-0.999961,0.267251,-1.2247,4
1.2247,0.0,-0.447196,-1.34159,1.2247,-0.999961,0.267251,0.0,4
1.2247,0.0,-0.447196,-1.34159,1.2247,-0.999961,0.267251,1.2247,0
1.2247,0.0,-0.447196,-1.34159,1.2247,-0.999961,1.069,-1.2247,4
1.2247,0.0,-0.447196,-1.34159,1.2247,-0.999961,1.069,0.0,4
1.2247,0.0,-0.447196,-1.34159,1.2247,-0.999961,1.069,1.2247,0
1.2247,0.0,-0.447196,-1.34159,1.2247,0.999961,-1.33625,-1.2247,4
1.2247,0.0,-0.447196,-1.34159,1.2247,0.999961,-1.33625,0.0,4
1.2247,0.0,-0.447196,-1.34159,1.2247,0.999961,-1.33625,1.2247,0
1.2247,0.0,-0.447196,-1.34159,1.2247,0.999961,0.267251,-1.2247,4
1.2247,0.0,-0.447196,-1.34159,1.2247,0.999961,0.267251,0.0,4
1.2247,0.0,-0.447196,-1.34159,1.2247,0.999961,0.267251,1.2247,0
1.2247,0.0,-0.447196,-1.34159,1.2247,0.999961,1.069,-1.2247,4
1.2247,0.0,-0.447196,-1.34159,1.2247,0.999961,1.069,0.0,4
1.2247,0.0,-0.447196,-1.34159,1.2247,0.999961,1.069,1.2247,0
1.2247,0.0,-0.447196,-0.447196,-1.2247,-0.999961,-1.33625,-1.2247,3
1.2247,0.0,-0.447196,-0.447196,-1.2247,-0.999961,-1.33625,0.0,4
1.2247,0.0,-0.447196,-0.447196,-1.2247,-0.999961,-1.33625,1.2247,0
1.2247,0.0,-0.447196,-0.447196,-1.2247,-0.999961,0.267251,-1.2247,3
1.2247,0.0,-0.447196,-0.447196,-1.2247,-0.999961,0.267251,0.0,4
1.2247,0.0,-0.447196,-0.447196,-1.2247,-0.999961,0.267251,1.2247,0
1.2247,0.0,-0.447196,-0.447196,-1.2247,-0.999961,1.069,-1.2247,4
1.2247,0.0,-0.447196,-0.447196,-1.2247,-0.999961,1.069,0.0,4
1.2247,0.0,-0.447196,-0.447196,-1.2247,-0.999961,1.069,1.2247,0
1.2247,0.0,-0.447196,-0.447196,-1.2247,0.999961,-1.33625,-1.2247,3
1.2247,0.0,-0.447196,-0.447196,-1.2247,0.999961,-1.33625,0.0,4
1.2247,0.0,-0.447196,-0.447196,-1.2247,0.999961,-1.33625,1.2247,0
1.2247,0.0,-0.447196,-0.447196,-1.2247,0.999961,0.267251,-1.2247,3
1.2247,0.0,-0.447196,-0.447196,-1.2247,0.999961,0.267251,0.0,4
1.2247,0.0,-0.447196,-0.447196,-1.2247,0.999961,0.267251,1.2247,0
1.2247,0.0,-0.447196,-0.447196,-1.2247,0.999961,1.069,-1.2247,4
1.2247,0.0,-0.447196,-0.447196,-1.2247,0.999961,1.069,0.0,4
1.2247,0.0,-0.447196,-0.447196,-1.2247,0.999961,1.069,1.2247,0
1.2247,0.0,-0.447196,-0.447196,0.0,-0.999961,-1.33625,-1.2247,3
1.2247,0.0,-0.447196,-0.447196,0.0,-0.999961,-1.33625,0.0,4
1.2247,0.0,-0.447196,-0.447196,0.0,-0.999961,-1.33625,1.2247,0
1.2247,0.0,-0.447196,-0.447196,0.0,-0.999961,0.267251,-1.2247,3
1.2247,0.0,-0.447196,-0.447196,0.0,-0.999961,0.267251,0.0,4
1.2247,0.0,-0.447196,-0.447196,0.0,-0.999961,0.267251,1.2247,0
1.2247,0.0,-0.447196,-0.447196,0.0,-0.999961,1.069,-1.2247,4
1.2247,0.0,-0.447196,-0.447196,0.0,-0.999961,1.069,0.0,4
1.2247,0.0,-0.447196,-0.447196,0.0,-0.999961,1.069,1.2247,0
1.2247,0.0,-0.447196,-0.447196,0.0,0.999961,-1.33625,-1.2247,3
1.2247,0.0,-0.447196,-0.447196,0.0,0.999961,-1.33625,0.0,4
1.2247,0.0,-0.447196,-0.447196,0.0,0.999961,-1.33625,1.2247,0
1.2247,0.0,-0.447196,-0.447196,0.0,0.999961,0.267251,-1.2247,3
1.2247,0.0,-0.447196,-0.447196,0.0,0.999961,0.267251,0.0,4
1.2247,0.0,-0.447196,-0.447196,0.0,0.999961,0.267251,1.2247,0
1.2247,0.0,-0.447196,-0.447196,0.0,0.999961,1.069,-1.2247,4
1.2247,0.0,-0.447196,-0.447196,0.0,0.999961,1.069,0.0,4
1.2247,0.0,-0.447196,-0.447196,0.0,0.999961,1.069,1.2247,0
1.2247,0.0,-0.447196,-0.447196,1.2247,-0.999961,-1.33625,-1.2247,4
1.2247,0.0,-0.447196,-0.447196,1.2247,-0.999961,-1.33625,0.0,4
1.2247,0.0,-0.447196,-0.447196,1.2247,-0.999961,-1.33625,1.2247,0
1.2247,0.0,-0.447196,-0.447196,1.2247,-0.999961,0.267251,-1.2247,4
1.2247,0.0,-0.447196,-0.447196,1.2247,-0.999961,0.267251,0.0,4
1.2247,0.0,-0.447196,-0.447196,1.2247,-0.999961,0.267251,1.2247,0
1.2247,0.0,-0.447196,-0.447196,1.2247,-0.999961,1.069,-1.2247,4
1.2247,0.0,-0.447196,-0.447196,1.2247,-0.999961,1.069,0.0,4
1.2247,0.0,-0.447196,-0.447196,1.2247,-0.999961,1.069,1.2247,0
1.2247,0.0,-0.447196,-0.447196,1.2247,0.999961,-1.33625,-1.2247,4
1.2247,0.0,-0.447196,-0.447196,1.2247,0.999961,-1.33625,0.0,4
1.2247,0.0,-0.447196,-0.447196,1.2247,0.999961,-1.33625,1.2247,0
1.2247,0.0,-0.447196,-0.447196,1.2247,0.999961,0.267251,-1.2247,4
1.2247,0.0,-0.447196,-0.447196,1.2247,0.999961,0.267251,0.0,4
1.2247,0.0,-0.447196,-0.447196,1.2247,0.999961,0.267251,1.2247,0
1.2247,0.0,-0.447196,-0.447196,1.2247,0.999961,1.069,-1.2247,4
1.2247,0.0,-0.447196,-0.447196,1.2247,0.999961,1.069,0.0,4
1.2247,0.0,-0.447196,-0.447196,1.2247,0.999961,1.069,1.2247,0
1.2247,0.0,-0.447196,0.447196,-1.2247,-0.999961,-1.33625,-1.2247,3
1.2247,0.0,-0.447196,0.447196,-1.2247,-0.999961,-1.33625,0.0,4
1.2247,0.0,-0.447196,0.447196,-1.2247,-0.999961,-1.33625,1.2247,0
1.2247,0.0,-0.447196,0.447196,-1.2247,-0.999961,0.267251,-1.2247,3
1.2247,0.0,-0.447196,0.447196,-1.2247,-0.999961,0.267251,0.0,4
1.2247,0.0,-0.447196,0.447196,-1.2247,-0.999961,0.267251,1.2247,0
1.2247,0.0,-0.447196,0.447196,-1.2247,-0.999961,1.069,-1.2247,4
1.2247,0.0,-0.447196,0.447196,-1.2247,-0.999961,1.069,0.0,4
1.2247,0.0,-0.447196,0.447196,-1.2247,-0.999961,1.069,1.2247,0
1.2247,0.0,-0.447196,0.447196,-1.2247,0.999961,-1.33625,-1.2247,4
1.2247,0.0,-0.447196,0.447196,-1.2247,0.999961,-1.33625,0.0,4
1.2247,0.0,-0.447196,0.447196,-1.2247,0.999961,-1.33625,1.2247,0
1.2247,0.0,-0.447196,0.447196,-1.2247,0.999961,0.267251,-1.2247,4
1.2247,0.0,-0.447196,0.447196,-1.2247,0.999961,0.267251,0.0,4
1.2247,0.0,-0.447196,0.447196,-1.2247,0.999961,0.267251,1.2247,0
1.2247,0.0,-0.447196,0.447196,-1.2247,0.999961,1.069,-1.2247,4
1.2247,0.0,-0.447196,0.447196,-1.2247,0.999961,1.069,0.0,4
1.2247,0.0,-0.447196,0.447196,-1.2247,0.999961,1.069,1.2247,0
1.2247,0.0,-0.447196,0.447196,0.0,-0.999961,-1.33625,-1.2247,4
1.2247,0.0,-0.447196,0.447196,0.0,-0.999961,-1.33625,0.0,4
1.2247,0.0,-0.447196,0.447196,0.0,-0.999961,-1.33625,1.2247,0
1.2247,0.0,-0.447196,0.447196,0.0,-0.999961,0.267251,-1.2247,4
1.2247,0.0,-0.447196,0.447196,0.0,-0.999961,0.267251,0.0,4
1.2247,0.0,-0.447196,0.447196,0.0,-0.999961,0.267251,1.2247,0
1.2247,0.0,-0.447196,0.447196,0.0,-0.999961,1.069,-1.2247,4
1.2247,0.0,-0.447196,0.447196,0.0,-0.999961,1.069,0.0,4
1.2247,0.0,-0.447196,0.447196,0.0,-0.999961,1.069,1.2247,0
1.2247,0.0,-0.447196,0.447196,0.0,0.999961,-1.33625,-1.2247,4
1.2247,0.0,-0.447196,0.447196,0.0,0.999961,-1.33625,0.0,4
1.2247,0.0,-0.447196,0.447196,0.0,0.999961,-1.33625,1.2247,0
1.2247,0.0,-0.447196,0.447196,0.0,0.999961,0.267251,-1.2247,4
1.2247,0.0,-0.447196,0.447196,0.0,0.999961,0.267251,0.0,4
1.2247,0.0,-0.447196,0.447196,0.0,0.999961,0.267251,1.2247,0
1.2247,0.0,-0.447196,0.447196,0.0,0.999961,1.069,-1.2247,4
1.2247,0.0,-0.447196,0.447196,0.0,0.999961,1.069,0.0,4
1.2247,0.0,-0.447196,0.447196,0.0,0.999961,1.069,1.2247,0
1.2247,0.0,-0.447196,0.447196,1.2247,-0.999961,-1.33625,-1.2247,4
1.2247,0.0,-0.447196,0.447196,1.2247,-0.999961,-1.33625,0.0,4
1.2247,0.0,-0.447196,0.447196,1.2247,-0.999961,-1.33625,1.2247,0
1.2247,0.0,-0.447196,0.447196,1.2247,-0.999961,0.267251,-1.2247,4
1.2247,0.0,-0.447196,0.447196,1.2247,-0.999961,0.267251,0.0,4
1.2247,0.0,-0.447196,0.447196,1.2247,-0.999961,0.267251,1.2247,0
1.2247,0.0,-0.447196,0.447196,1.2247,-0.999961,1.069,-1.2247,4
1.2247,0.0,-0.447196,0.447196,1.2247,-0.999961,1.069,0.0,4
1.2247,0.0,-0.447196,0.447196,1.2247,-0.999961,1.069,1.2247,0
1.2247,0.0,-0.447196,0.447196,1.2247,0.999961,-1.33625,-1.2247,4
1.2247,0.0,-0.447196,0.447196,1.2247,0.999961,-1.33625,0.0,4
1.2247,0.0,-0.447196,0.447196,1.2247,0.999961,-1.33625,1.2247,0
1.2247,0.0,-0.447196,0.447196,1.2247,0.999961,0.267251,-1.2247,4
1.2247,0.0,-0.447196,0.447196,1.2247,0.999961,0.267251,0.0,4
1.2247,0.0,-0.447196,0.447196,1.2247,0.999961,0.267251,1.2247,0
1.2247,0.0,-0.447196,0.447196,1.2247,0.999961,1.069,-1.2247,4
1.2247,0.0,-0.447196,0.447196,1.2247,0.999961,1.069,0.0,4
1.2247,0.0,-0.447196,0.447196,1.2247,0.999961,1.069,1.2247,0
1.2247,0.0,-0.447196,1.34159,-1.2247,-0.999961,-1.33625,-1.2247,3
1.2247,0.0,-0.447196,1.34159,-1.2247,-0.999961,-1.33625,0.0,4
1.2247,0.0,-0.447196,1.34159,-1.2247,-0.999961,-1.33625,1.2247,0
1.2247,0.0,-0.447196,1.34159,-1.2247,-0.999961,0.267251,-1.2247,3
1.2247,0.0,-0.447196,1.34159,-1.2247,-0.999961,0.267251,0.0,4
1.2247,0.0,-0.447196,1.34159,-1.2247,-0.999961,0.267251,1.2247,0
1.2247,0.0,-0.447196,1.34159,-1.2247,-0.999961,1.069,-1.2247,4
1.2247,0.0,-0.447196,1.34159,-1.2247,-0.999961,1.069,0.0,4
1.2247,0.0,-0.447196,1.34159,-1.2247,-0.999961,1.069,1.2247,0
1.2247,0.0,-0.447196,1.34159,-1.2247,0.999961,-1.33625,-1.2247,4
1.2247,0.0,-0.447196,1.34159,-1.2247,0.999961,-1.33625,0.0,4
1.2247,0.0,-0.447196,1.34159,-1.2247,0.999961,-1.33625,1.2247,0
1.2247,0.0,-0.447196,1.34159,-1.2247,0.999961,0.267251,-1.2247,4
1.2247,0.0,-0.447196,1.34159,-1.2247,0.999961,0.267251,0.0,4
1.2247,0.0,-0.447196,1.34159,-1.2247,0.999961,0.267251,1.2247,0
1.2247,0.0,-0.447196,1.34159,-1.2247,0.999961,1.069,-1.2247,4
1.2247,0.0,-0.447196,1.34159,-1.2247,0.999961,1.069,0.0,4
1.2247,0.0,-0.447196,1.34159,-1.2247,0.999961,1.069,1.2247,0
1.2247,0.0,-0.447196,1.34159,0.0,-0.999961,-1.33625,-1.2247,4
1.2247,0.0,-0.447196,1.34159,0.0,-0.999961,-1.33625,0.0,4
1.2247,0.0,-0.447196,1.34159,0.0,-0.999961,-1.33625,1.2247,0
1.2247,0.0,-0.447196,1.34159,0.0,-0.999961,0.267251,-1.2247,4
1.2247,0.0,-0.447196,1.34159,0.0,-0.999961,0.267251,0.0,4
1.2247,0.0,-0.447196,1.34159,0.0,-0.999961,0.267251,1.2247,0
1.2247,0.0,-0.447196,1.34159,0.0,-0.999961,1.069,-1.2247,4
1.2247,0.0,-0.447196,1.34159,0.0,-0.999961,1.069,0.0,4
1.2247,0.0,-0.447196,1.34159,0.0,-0.999961,1.069,1.2247,0
1.2247,0.0,-0.447196,1.34159,0.0,0.999961,-1.33625,-1.2247,4
1.2247,0.0,-0.447196,1.34159,0.0,0.999961,-1.33625,0.0,4
1.2247,0.0,-0.447196,1.34159,0.0,0.999961,-1.33625,1.2247,0
1.2247,0.0,-0.447196,1.34159,0.0,0.999961,0.267251,-1.2247,4
1.2247,0.0,-0.447196,1.34159,0.0,0.999961,0.267251,0.0,4
1.2247,0.0,-0.447196,1.34159,0.0,0.999961,0.267251,1.2247,0
1.2247,0.0,-0.447196,1.34159,0.0,0.999961,1.069,-1.2247,4
1.2247,0.0,-0.447196,1.34159,0.0,0.999961,1.069,0.0,4
1.2247,0.0,-0.447196,1.34159,0.0,0.999961,1.069,1.2247,0
1.2247,0.0,-0.447196,1.34159,1.2247,-0.999961,-1.33625,-1.2247,4
1.2247,0.0,-0.447196,1.34159,1.2247,-0.999961,-1.33625,0.0,4
1.2247,0.0,-0.447196,1.34159,1.2247,-0.999961,-1.33625,1.2247,0
1.2247,0.0,-0.447196,1.34159,1.2247,-0.999961,0.267251,-1.2247,4
1.2247,0.0,-0.447196,1.34159,1.2247,-0.999961,0.267251,0.0,4
1.2247,0.0,-0.447196,1.34159,1.2247,-0.999961,0.267251,1.2247,0
1.2247,0.0,-0.447196,1.34159,1.2247,-0.999961,1.069,-1.2247,4
1.2247,0.0,-0.447196,1.34159,1.2247,-0.999961,1.069,0.0,4
1.2247,0.0,-0.447196,1.34159,1.2247,-0.999961,1.069,1.2247,0
1.2247,0.0,-0.447196,1.34159,1.2247,0.999961,-1.33625,-1.2247,4
1.2247,0.0,-0.447196,1.34159,1.2247,0.999961,-1.33625,0.0,4
1.2247,0.0,-0.447196,1.34159,1.2247,0.999961,-1.33625,1.2247,0
1.2247,0.0,-0.447196,1.34159,1.2247,0.999961,0.267251,-1.2247,4
1.2247,0.0,-0.447196,1.34159,1.2247,0.999961,0.267251,0.0,4
1.2247,0.0,-0.447196,1.34159,1.2247,0.999961,0.267251,1.2247,0
1.2247,0.0,-0.447196,1.34159,1.2247,0.999961,1.069,-1.2247,4
1.2247,0.0,-0.447196,1.34159,1.2247,0.999961,1.069,0.0,4
1.2247,0.0,-0.447196,1.34159,1.2247,0.999961,1.069,1.2247,0
1.2247,0.0,0.447196,-1.34159,-1.2247,-0.999961,-1.33625,-1.2247,3
1.2247,0.0,0.447196,-1.34159,-1.2247,-0.999961,-1.33625,0.0,4
1.2247,0.0,0.447196,-1.34159,-1.2247,-0.999961,-1.33625,1.2247,0
1.2247,0.0,0.447196,-1.34159,-1.2247,-0.999961,0.267251,-1.2247,3
1.2247,0.0,0.447196,-1.34159,-1.2247,-0.999961,0.267251,0.0,4
1.2247,0.0,0.447196,-1.34159,-1.2247,-0.999961,0.267251,1.2247,0
1.2247,0.0,0.447196,-1.34159,-1.2247,-0.999961,1.069,-1.2247,4
1.2247,0.0,0.447196,-1.34159,-1.2247,-0.999961,1.069,0.0,4
1.2247,0.0,0.447196,-1.34159,-1.2247,-0.999961,1.069,1.2247,0
1.2247,0.0,0.447196,-1.34159,-1.2247,0.999961,-1.33625,-1.2247,3
1.2247,0.0,0.447196,-1.34159,-1.2247,0.999961,-1.33625,0.0,4
1.2247,0.0,0.447196,-1.34159,-1.2247,0.999961,-1.33625,1.2247,0
1.2247,0.0,0.447196,-1.34159,-1.2247,0.999961,0.267251,-1.2247,3
1.2247,0.0,0.447196,-1.34159,-1.2247,0.999961,0.267251,0.0,4
1.2247,0.0,0.447196,-1.34159,-1.2247,0.999961,0.267251,1.2247,0
1.2247,0.0,0.447196,-1.34159,-1.2247,0.999961,1.069,-1.2247,4
1.2247,0.0,0.447196,-1.34159,-1.2247,0.999961,1.069,0.0,4
1.2247,0.0,0.447196,-1.34159,-1.2247,0.999961,1.069,1.2247,0
1.2247,0.0,0.447196,-1.34159,0.0,-0.999961,-1.33625,-1.2247,3
1.2247,0.0,0.447196,-1.34159,0.0,-0.999961,-1.33625,0.0,4
1.2247,0.0,0.447196,-1.34159,0.0,-0.999961,-1.33625,1.2247,0
1.2247,0.0,0.447196,-1.34159,0.0,-0.999961,0.267251,-1.2247,3
1.2247,0.0,0.447196,-1.34159,0.0,-0.999961,0.267251,0.0,4
1.2247,0.0,0.447196,-1.34159,0.0,-0.999961,0.267251,1.2247,0
1.2247,0.0,0.447196,-1.34159,0.0,-0.999961,1.069,-1.2247,4
1.2247,0.0,0.447196,-1.34159,0.0,-0.999961,1.069,0.0,4
1.2247,0.0,0.447196,-1.34159,0.0,-0.999961,1.069,1.2247,0
1.2247,0.0,0.447196,-1.34159,0.0,0.999961,-1.33625,-1.2247,3
1.2247,0.0,0.447196,-1.34159,0.0,0.999961,-1.33625,0.0,4
1.2247,0.0,0.447196,-1.34159,0.0,0.999961,-1.33625,1.2247,0
1.2247,0.0,0.447196,-1.34159,0.0,0.999961,0.267251,-1.2247,3
1.2247,0.0,0.447196,-1.34159,0.0,0.999961,0.267251,0.0,4
1.2247,0.0,0.447196,-1.34159,0.0,0.999961,0.267251,1.2247,0
1.2247,0.0,0.447196,-1.34159,0.0,0.999961,1.069,-1.2247,4
1.2247,0.0,0.447196,-1.34159,0.0,0.999961,1.069,0.0,4
1.2247,0.0,0.447196,-1.34159,0.0,0.999961,1.069,1.2247,0
1.2247,0.0,0.447196,-1.34159,1.2247,-0.999961,-1.33625,-1.2247,4
1.2247,0.0,0.447196,-1.34159,1.2247,-0.999961,-1.33625,0.0,4
1.2247,0.0,0.447196,-1.34159,1.2247,-0.999961,-1.33625,1.2247,0
1.2247,0.0,0.447196,-1.34159,1.2247,-0.999961,0.267251,-1.2247,4
1.2247,0.0,0.447196,-1.34159,1.2247,-0.999961,0.267251,0.0,4
1.2247,0.0,0.447196,-1.34159,1.2247,-0.999961,0.267251,1.2247,0
1.2247,0.0,0.447196,-1.34159,1.2247,-0.999961,1.069,-1.2247,4
1.2247,0.0,0.447196,-1.34159,1.2247,-0.999961,1.069,0.0,4
1.2247,0.0,0.447196,-1.34159,1.2247,-0.999961,1.069,1.2247,0
1.2247,0.0,0.447196,-1.34159,1.2247,0.999961,-1.33625,-1.2247,4
1.2247,0.0,0.447196,-1.34159,1.2247,0.999961,-1.33625,0.0,4
1.2247,0.0,0.447196,-1.34159,1.2247,0.999961,-1.33625,1.2247,0
1.2247,0.0,0.447196,-1.34159,1.2247,0.999961,0.267251,-1.2247,4
1.2247,0.0,0.447196,-1.34159,1.2247,0.999961,0.267251,0.0,4
1.2247,0.0,0.447196,-1.34159,1.2247,0.999961,0.267251,1.2247,0
1.2247,0.0,0.447196,-1.34159,1.2247,0.999961,1.069,-1.2247,4
1.2247,0.0,0.447196,-1.34159,1.2247,0.999961,1.069,0.0,4
1.2247,0.0,0.447196,-1.34159,1.2247,0.999961,1.069,1.2247,0
1.2247,0.0,0.447196,-0.447196,-1.2247,-0.999961,-1.33625,-1.2247,3
1.2247,0.0,0.447196,-0.447196,-1.2247,-0.999961,-1.33625,0.0,4
1.2247,0.0,0.447196,-0.447196,-1.2247,-0.999961,-1.33625,1.2247,0
1.2247,0.0,0.447196,-0.447196,-1.2247,-0.999961,0.267251,-1.2247,3
1.2247,0.0,0.447196,-0.447196,-1.2247,-0.999961,0.267251,0.0,4
1.2247,0.0,0.447196,-0.447196,-1.2247,-0.999961,0.267251,1.2247,0
1.2247,0.0,0.447196,-0.447196,-1.2247,-0.999961,1.069,-1.2247,4
1.2247,0.0,0.447196,-0.447196,-1.2247,-0.999961,1.069,0.0,4
1.2247,0.0,0.447196,-0.447196,-1.2247,-0.999961,1.069,1.2247,0
1.2247,0.0,0.447196,-0.447196,-1.2247,0.999961,-1.33625,-1.2247,4
1.2247,0.0,0.447196,-0.447196,-1.2247,0.999961,-1.33625,0.0,4
1.2247,0.0,0.447196,-0.447196,-1.2247,0.999961,-1.33625,1.2247,0
1.2247,0.0,0.447196,-0.447196,-1.2247,0.999961,0.267251,-1.2247,4
1.2247,0.0,0.447196,-0.447196,-1.2247,0.999961,0.267251,0.0,4
1.2247,0.0,0.447196,-0.447196,-1.2247,0.999961,0.267251,1.2247,0
1.2247,0.0,0.447196,-0.447196,-1.2247,0.999961,1.069,-1.2247,4
1.2247,0.0,0.447196,-0.447196,-1.2247,0.999961,1.069,0.0,4
1.2247,0.0,0.447196,-0.447196,-1.2247,0.999961,1.069,1.2247,0
1.2247,0.0,0.447196,-0.447196,0.0,-0.999961,-1.33625,-1.2247,4
1.2247,0.0,0.447196,-0.447196,0.0,-0.999961,-1.33625,0.0,4
1.2247,0.0,0.447196,-0.447196,0.0,-0.999961,-1.33625,1.2247,0
1.2247,0.0,0.447196,-0.447196,0.0,-0.999961,0.267251,-1.2247,4
1.2247,0.0,0.447196,-0.447196,0.0,-0.999961,0.267251,0.0,4
1.2247,0.0,0.447196,-0.447196,0.0,-0.999961,0.267251,1.2247,0
1.2247,0.0,0.447196,-0.447196,0.0,-0.999961,1.069,-1.2247,4
1.2247,0.0,0.447196,-0.447196,0.0,-0.999961,1.069,0.0,4
1.2247,0.0,0.447196,-0.447196,0.0,-0.999961,1.069,1.2247,0
1.2247,0.0,0.447196,-0.447196,0.0,0.999961,-1.33625,-1.2247,4
1.2247,0.0,0.447196,-0.447196,0.0,0.999961,-1.33625,0.0,4
1.2247,0.0,0.447196,-0.447196,0.0,0.999961,-1.33625,1.2247,0
1.2247,0.0,0.447196,-0.447196,0.0,0.999961,0.267251,-1.2247,4
1.2247,0.0,0.447196,-0.447196,0.0,0.999961,0.267251,0.0,4
1.2247,0.0,0.447196,-0.447196,0.0,0.999961,0.267251,1.2247,0
1.2247,0.0,0.447196,-0.447196,0.0,0.999961,1.069,-1.2247,4
1.2247,0.0,0.447196,-0.447196,0.0,0.999961,1.069,0.0,4
1.2247,0.0,0.447196,-0.447196,0.0,0.999961,1.069,1.2247,0
1.2247,0.0,0.447196,-0.447196,1.2247,-0.999961,-1.33625,-1.2247,4
1.2247,0.0,0.447196,-0.447196,1.2247,-0.999961,-1.33625,0.0,4
1.2247,0.0,0.447196,-0.447196,1.2247,-0.999961,-1.33625,1.2247,0
1.2247,0.0,0.447196,-0.447196,1.2247,-0.999961,0.267251,-1.2247,4
1.2247,0.0,0.447196,-0.447196,1.2247,-0.999961,0.267251,0.0,4
1.2247,0.0,0.447196,-0.447196,1.2247,-0.999961,0.267251,1.2247,0
1.2247,0.0,0.447196,-0.447196,1.2247,-0.999961,1.069,-1.2247,4
1.2247,0.0,0.447196,-0.447196,1.2247,-0.999961,1.069,0.0,4
1.2247,0.0,0.447196,-0.447196,1.2247,-0.999961,1.069,1.2247,0
1.2247,0.0,0.447196,-0.447196,1.2247,0.999961,-1.33625,-1.2247,4
1.2247,0.0,0.447196,-0.447196,1.2247,0.999961,-1.33625,0.0,4
1.2247,0.0,0.447196,-0.447196,1.2247,0.999961,-1.33625,1.2247,0
1.2247,0.0,0.447196,-0.447196,1.2247,0.999961,0.267251,-1.2247,4
1.2247,0.0,0.447196,-0.447196,1.2247,0.999961,0.267251,0.0,4
1.2247,0.0,0.447196,-0.447196,1.2247,0.999961,0.267251,1.2247,0
1.2247,0.0,0.447196,-0.447196,1.2247,0.999961,1.069,-1.2247,4
1.2247,0.0,0.447196,-0.447196,1.2247,0.999961,1.069,0.0,4
1.2247,0.0,0.447196,-0.447196,1.2247,0.999961,1.069,1.2247,0
1.2247,0.0,0.447196,0.447196,-1.2247,-0.999961,-1.33625,-1.2247,3
1.2247,0.0,0.447196,0.447196,-1.2247,-0.999961,-1.33625,0.0,4
1.2247,0.0,0.447196,0.447196,-1.2247,-0.999961,-1.33625,1.2247,0
1.2247,0.0,0.447196,0.447196,-1.2247,-0.999961,0.267251,-1.2247,3
1.2247,0.0,0.447196,0.447196,-1.2247,-0.999961,0.267251,0.0,4
1.2247,0.0,0.447196,0.447196,-1.2247,-0.999961,0.267251,1.2247,0
1.2247,0.0,0.447196,0.447196,-1.2247,-0.999961,1.069,-1.2247,4
1.2247,0.0,0.447196,0.447196,-1.2247,-0.999961,1.069,0.0,4
1.2247,0.0,0.447196,0.447196,-1.2247,-0.999961,1.069,1.2247,0
1.2247,0.0,0.447196,0.447196,-1.2247,0.999961,-1.33625,-1.2247,4
1.2247,0.0,0.447196,0.447196,-1.2247,0.999961,-1.33625,0.0,4
1.2247,0.0,0.447196,0.447196,-1.2247,0.999961,-1.33625,1.2247,0
1.2247,0.0,0.447196,0.447196,-1.2247,0.999961,0.267251,-1.2247,4
1.2247,0.0,0.447196,0.447196,-1.2247,0.999961,0.267251,0.0,4
1.2247,0.0,0.447196,0.447196,-1.2247,0.999961,0.267251,1.2247,0
1.2247,0.0,0.447196,0.447196,-1.2247,0.999961,1.069,-1.2247,4
1.2247,0.0,0.447196,0.447196,-1.2247,0.999961,1.069,0.0,4
1.2247,0.0,0.447196,0.447196,-1.2247,0.999961,1.069,1.2247,0
1.2247,0.0,0.447196,0.447196,0.0,-0.999961,-1.33625,-1.2247,4
1.2247,0.0,0.447196,0.447196,0.0,-0.999961,-1.33625,0.0,4
1.2247,0.0,0.447196,0.447196,0.0,-0.999961,-1.33625,1.2247,0
1.2247,0.0,0.447196,0.447196,0.0,-0.999961,0.267251,-1.2247,4
1.2247,0.0,0.447196,0.447196,0.0,-0.999961,0.267251,0.0,4
1.2247,0.0,0.447196,0.447196,0.0,-0.999961,0.267251,1.2247,0
1.2247,0.0,0.447196,0.447196,0.0,-0.999961,1.069,-1.2247,4
1.2247,0.0,0.447196,0.447196,0.0,-0.999961,1.069,0.0,4
1.2247,0.0,0.447196,0.447196,0.0,-0.999961,1.069,1.2247,0
1.2247,0.0,0.447196,0.447196,0.0,0.999961,-1.33625,-1.2247,4
1.2247,0.0,0.447196,0.447196,0.0,0.999961,-1.33625,0.0,4
1.2247,0.0,0.447196,0.447196,0.0,0.999961,-1.33625,1.2247,0
1.2247,0.0,0.447196,0.447196,0.0,0.999961,0.267251,-1.2247,4
1.2247,0.0,0.447196,0.447196,0.0,0.999961,0.267251,0.0,4
1.2247,0.0,0.447196,0.447196,0.0,0.999961,0.267251,1.2247,0
1.2247,0.0,0.447196,0.447196,0.0,0.999961,1.069,-1.2247,4
1.2247,0.0,0.447196,0.447196,0.0,0.999961,1.069,0.0,4
1.2247,0.0,0.447196,0.447196,0.0,0.999961,1.069,1.2247,0
1.2247,0.0,0.447196,0.447196,1.2247,-0.999961,-1.33625,-1.2247,4
1.2247,0.0,0.447196,0.447196,1.2247,-0.999961,-1.33625,0.0,4
1.2247,0.0,0.447196,0.447196,1.2247,-0.999961,-1.33625,1.2247,0
1.2247,0.0,0.447196,0.447196,1.2247,-0.999961,0.267251,-1.2247,4
1.2247,0.0,0.447196,0.447196,1.2247,-0.999961,0.267251,0.0,4
1.2247,0.0,0.447196,0.447196,1.2247,-0.999961,0.267251,1.2247,0
1.2247,0.0,0.447196,0.447196,1.2247,-0.999961,1.069,-1.2247,4
1.2247,0.0,0.447196,0.447196,1.2247,-0.999961,1.069,0.0,4
1.2247,0.0,0.447196,0.447196,1.2247,-0.999961,1.069,1.2247,0
1.2247,0.0,0.447196,0.447196,1.2247,0.999961,-1.33625,-1.2247,4
1.2247,0.0,0.447196,0.447196,1.2247,0.999961,-1.33625,0.0,4
1.2247,0.0,0.447196,0.447196,1.2247,0.999961,-1.33625,1.2247,0
1.2247,0.0,0.447196,0.447196,1.2247,0.999961,0.267251,-1.2247,4
1.2247,0.0,0.447196,0.447196,1.2247,0.999961,0.267251,0.0,4
1.2247,0.0,0.447196,0.447196,1.2247,0.999961,0.267251,1.2247,0
1.2247,0.0,0.447196,0.447196,1.2247,0.999961,1.069,-1.2247,4
1.2247,0.0,0.447196,0.447196,1.2247,0.999961,1.069,0.0,4
1.2247,0.0,0.447196,0.447196,1.2247,0.999961,1.069,1.2247,0
1.2247,0.0,0.447196,1.34159,-1.2247,-0.999961,-1.33625,-1.2247,3
1.2247,0.0,0.447196,1.34159,-1.2247,-0.999961,-1.33625,0.0,4
1.2247,0.0,0.447196,1.34159,-1.2247,-0.999961,-1.33625,1.2247,0
1.2247,0.0,0.447196,1.34159,-1.2247,-0.999961,0.267251,-1.2247,3
1.2247,0.0,0.447196,1.34159,-1.2247,-0.999961,0.267251,0.0,4
1.2247,0.0,0.447196,1.34159,-1.2247,-0.999961,0.267251,1.2247,0
1.2247,0.0,0.447196,1.34159,-1.2247,-0.999961,1.069,-1.2247,4
1.2247,0.0,0.447196,1.34159,-1.2247,-0.999961,1.069,0.0,4
1.2247,0.0,0.447196,1.34159,-1.2247,-0.999961,1.069,1.2247,0
1.2247,0.0,0.447196,1.34159,-1.2247,0.999961,-1.33625,-1.2247,4
1.2247,0.0,0.447196,1.34159,-1.2247,0.999961,-1.33625,0.0,4
1.2247,0.0,0.447196,1.34159,-1.2247,0.999961,-1.33625,1.2247,0
1.2247,0.0,0.447196,1.34159,-1.2247,0.999961,0.267251,-1.2247,4
1.2247,0.0,0.447196,1.34159,-1.2247,0.999961,0.267251,0.0,4
1.2247,0.0,0.447196,1.34159,-1.2247,0.999961,0.267251,1.2247,0
1.2247,0.0,0.447196,1.34159,-1.2247,0.999961,1.069,-1.2247,4
1.2247,0.0,0.447196,1.34159,-1.2247,0.999961,1.069,0.0,4
1.2247,0.0,0.447196,1.34159,-1.2247,0.999961,1.069,1.2247,0
1.2247,0.0,0.447196,1.34159,0.0,-0.999961,-1.33625,-1.2247,4
1.2247,0.0,0.447196,1.34159,0.0,-0.999961,-1.33625,0.0,4
1.2247,0.0,0.447196,1.34159,0.0,-0.999961,-1.33625,1.2247,0
1.2247,0.0,0.447196,1.34159,0.0,-0.999961,0.267251,-1.2247,4
1.2247,0.0,0.447196,1.34159,0.0,-0.999961,0.267251,0.0,4
1.2247,0.0,0.447196,1.34159,0.0,-0.999961,0.267251,1.2247,0
1.2247,0.0,0.447196,1.34159,0.0,-0.999961,1.069,-1.2247,4
1.2247,0.0,0.447196,1.34159,0.0,-0.999961,1.069,0.0,4
1.2247,0.0,0.447196,1.34159,0.0,-0.999961,1.069,1.2247,0
1.2247,0.0,0.447196,1.34159,0.0,0.999961,-1.33625,-1.2247,4
1.2247,0.0,0.447196,1.34159,0.0,0.999961,-1.33625,0.0,4
1.2247,0.0,0.447196,1.34159,0.0,0.999961,-1.33625,1.2247,0
1.2247,0.0,0.447196,1.34159,0.0,0.999961,0.267251,-1.2247,4
1.2247,0.0,0.447196,1.34159,0.0,0.999961,0.267251,0.0,4
1.2247,0.0,0.447196,1.34159,0.0,0.999961,0.267251,1.2247,0
1.2247,0.0,0.447196,1.34159,0.0,0.999961,1.069,-1.2247,4
1.2247,0.0,0.447196,1.34159,0.0,0.999961,1.069,0.0,4
1.2247,0.0,0.447196,1.34159,0.0,0.999961,1.069,1.2247,0
1.2247,0.0,0.447196,1.34159,1.2247,-0.999961,-1.33625,-1.2247,4
1.2247,0.0,0.447196,1.34159,1.2247,-0.999961,-1.33625,0.0,4
1.2247,0.0,0.447196,1.34159,1.2247,-0.999961,-1.33625,1.2247,0
1.2247,0.0,0.447196,1.34159,1.2247,-0.999961,0.267251,-1.2247,4
1.2247,0.0,0.447196,1.34159,1.2247,-0.999961,0.267251,0.0,4
1.2247,0.0,0.447196,1.34159,1.2247,-0.999961,0.267251,1.2247,0
1.2247,0.0,0.447196,1.34159,1.2247,-0.999961,1.069,-1.2247,4
1.2247,0.0,0.447196,1.34159,1.2247,-0.999961,1.069,0.0,4
1.2247,0.0,0.447196,1.34159,1.2247,-0.999961,1.069,1.2247,0
1.2247,0.0,0.447196,1.34159,1.2247,0.999961,-1.33625,-1.2247,4
1.2247,0.0,0.447196,1.34159,1.2247,0.999961,-1.33625,0.0,4
1.2247,0.0,0.447196,1.34159,1.2247,0.999961,-1.33625,1.2247,0
1.2247,0.0,0.447196,1.34159,1.2247,0.999961,0.267251,-1.2247,4
1.2247,0.0,0.447196,1.34159,1.2247,0.999961,0.267251,0.0,4
1.2247,0.0,0.447196,1.34159,1.2247,0.999961,0.267251,1.2247,0
1.2247,0.0,0.447196,1.34159,1.2247,0.999961,1.069,-1.2247,4
1.2247,0.0,0.447196,1.34159,1.2247,0.999961,1.069,0.0,4
1.2247,0.0,0.447196,1.34159,1.2247,0.999961,1.069,1.2247,0
1.2247,0.0,1.34159,-1.34159,-1.2247,-0.999961,-1.33625,-1.2247,3
1.2247,0.0,1.34159,-1.34159,-1.2247,-0.999961,-1.33625,0.0,4
1.2247,0.0,1.34159,-1.34159,-1.2247,-0.999961,-1.33625,1.2247,0
1.2247,0.0,1.34159,-1.34159,-1.2247,-0.999961,0.267251,-1.2247,3
1.2247,0.0,1.34159,-1.34159,-1.2247,-0.999961,0.267251,0.0,4
1.2247,0.0,1.34159,-1.34159,-1.2247,-0.999961,0.267251,1.2247,0
1.2247,0.0,1.34159,-1.34159,-1.2247,-0.999961,1.069,-1.2247,4
1.2247,0.0,1.34159,-1.34159,-1.2247,-0.999961,1.069,0.0,4
1.2247,0.0,1.34159,-1.34159,-1.2247,-0.999961,1.069,1.2247,0
1.2247,0.0,1.34159,-1.34159,-1.2247,0.999961,-1.33625,-1.2247,4
1.2247,0.0,1.34159,-1.34159,-1.2247,0.999961,-1.33625,0.0,4
1.2247,0.0,1.34159,-1.34159,-1.2247,0.999961,-1.33625,1.2247,0
1.2247,0.0,1.34159,-1.34159,-1.2247,0.999961,0.267251,-1.2247,4
1.2247,0.0,1.34159,-1.34159,-1.2247,0.999961,0.267251,0.0,4
1.2247,0.0,1.34159,-1.34159,-1.2247,0.999961,0.267251,1.2247,0
1.2247,0.0,1.34159,-1.34159,-1.2247,0.999961,1.069,-1.2247,4
1.2247,0.0,1.34159,-1.34159,-1.2247,0.999961,1.069,0.0,4
1.2247,0.0,1.34159,-1.34159,-1.2247,0.999961,1.069,1.2247,0
1.2247,0.0,1.34159,-1.34159,0.0,-0.999961,-1.33625,-1.2247,4
1.2247,0.0,1.34159,-1.34159,0.0,-0.999961,-1.33625,0.0,4
1.2247,0.0,1.34159,-1.34159,0.0,-0.999961,-1.33625,1.2247,0
1.2247,0.0,1.34159,-1.34159,0.0,-0.999961,0.267251,-1.2247,4
1.2247,0.0,1.34159,-1.34159,0.0,-0.999961,0.267251,0.0,4
1.2247,0.0,1.34159,-1.34159,0.0,-0.999961,0.267251,1.2247,0
1.2247,0.0,1.34159,-1.34159,0.0,-0.999961,1.069,-1.2247,4
1.2247,0.0,1.34159,-1.34159,0.0,-0.999961,1.069,0.0,4
1.2247,0.0,1.34159,-1.34159,0.0,-0.999961,1.069,1.2247,0
1.2247,0.0,1.34159,-1.34159,0.0,0.999961,-1.33625,-1.2247,4
1.2247,0.0,1.34159,-1.34159,0.0,0.999961,-1.33625,0.0,4
1.2247,0.0,1.34159,-1.34159,0.0,0.999961,-1.33625,1.2247,0
1.2247,0.0,1.34159,-1.34159,0.0,0.999961,0.267251,-1.2247,4
1.2247,0.0,1.34159,-1.34159,0.0,0.999961,0.267251,0.0,4
1.2247,0.0,1.34159,-1.34159,0.0,0.999961,0.267251,1.2247,0
1.2247,0.0,1.34159,-1.34159,0.0,0.999961,1.069,-1.2247,4
1.2247,0.0,1.34159,-1.34159,0.0,0.999961,1.069,0.0,4
1.2247,0.0,1.34159,-1.34159,0.0,0.999961,1.069,1.2247,0
1.2247,0.0,1.34159,-1.34159,1.2247,-0.999961,-1.33625,-1.2247,4
1.2247,0.0,1.34159,-1.34159,1.2247,-0.999961,-1.33625,0.0,4
1.2247,0.0,1.34159,-1.34159,1.2247,-0.999961,-1.33625,1.2247,0
1.2247,0.0,1.34159,-1.34159,1.2247,-0.999961,0.267251,-1.2247,4
1.2247,0.0,1.34159,-1.34159,1.2247,-0.999961,0.267251,0.0,4
1.2247,0.0,1.34159,-1.34159,1.2247,-0.999961,0.267251,1.2247,0
1.2247,0.0,1.34159,-1.34159,1.2247,-0.999961,1.069,-1.2247,4
1.2247,0.0,1.34159,-1.34159,1.2247,-0.999961,1.069,0.0,4
1.2247,0.0,1.34159,-1.34159,1.2247,-0.999961,1.069,1.2247,0
1.2247,0.0,1.34159,-1.34159,1.2247,0.999961,-1.33625,-1.2247,4
1.2247,0.0,1.34159,-1.34159,1.2247,0.999961,-1.33625,0.0,4
1.2247,0.0,1.34159,-1.34159,1.2247,0.999961,-1.33625,1.2247,0
1.2247,0.0,1.34159,-1.34159,1.2247,0.999961,0.267251,-1.2247,4
1.2247,0.0,1.34159,-1.34159,1.2247,0.999961,0.267251,0.0,4
1.2247,0.0,1.34159,-1.34159,1.2247,0.999961,0.267251,1.2247,0
1.2247,0.0,1.34159,-1.34159,1.2247,0.999961,1.069,-1.2247,4
1.2247,0.0,1.34159,-1.34159,1.2247,0.999961,1.069,0.0,4
1.2247,0.0,1.34159,-1.34159,1.2247,0.999961,1.069,1.2247,0
1.2247,0.0,1.34159,-0.447196,-1.2247,-0.999961,-1.33625,-1.2247,3
1.2247,0.0,1.34159,-0.447196,-1.2247,-0.999961,-1.33625,0.0,4
1.2247,0.0,1.34159,-0.447196,-1.2247,-0.999961,-1.33625,1.2247,0
1.2247,0.0,1.34159,-0.447196,-1.2247,-0.999961,0.267251,-1.2247,3
1.2247,0.0,1.34159,-0.447196,-1.2247,-0.999961,0.267251,0.0,4
1.2247,0.0,1.34159,-0.447196,-1.2247,-0.999961,0.267251,1.2247,0
1.2247,0.0,1.34159,-0.447196,-1.2247,-0.999961,1.069,-1.2247,4
1.2247,0.0,1.34159,-0.447196,-1.2247,-0.999961,1.069,0.0,4
1.2247,0.0,1.34159,-0.447196,-1.2247,-0.999961,1.069,1.2247,0
1.2247,0.0,1.34159,-0.447196,-1.2247,0.999961,-1.33625,-1.2247,4
1.2247,0.0,1.34159,-0.447196,-1.2247,0.999961,-1.33625,0.0,4
1.2247,0.0,1.34159,-0.447196,-1.2247,0.999961,-1.33625,1.2247,0
1.2247,0.0,1.34159,-0.447196,-1.2247,0.999961,0.267251,-1.2247,4
1.2247,0.0,1.34159,-0.447196,-1.2247,0.999961,0.267251,0.0,4
1.2247,0.0,1.34159,-0.447196,-1.2247,0.999961,0.267251,1.2247,0
1.2247,0.0,1.34159,-0.447196,-1.2247,0.999961,1.069,-1.2247,4
1.2247,0.0,1.34159,-0.447196,-1.2247,0.999961,1.069,0.0,4
1.2247,0.0,1.34159,-0.447196,-1.2247,0.999961,1.069,1.2247,0
1.2247,0.0,1.34159,-0.447196,0.0,-0.999961,-1.33625,-1.2247,4
1.2247,0.0,1.34159,-0.447196,0.0,-0.999961,-1.33625,0.0,4
1.2247,0.0,1.34159,-0.447196,0.0,-0.999961,-1.33625,1.2247,0
1.2247,0.0,1.34159,-0.447196,0.0,-0.999961,0.267251,-1.2247,4
1.2247,0.0,1.34159,-0.447196,0.0,-0.999961,0.267251,0.0,4
1.2247,0.0,1.34159,-0.447196,0.0,-0.999961,0.267251,1.2247,0
1.2247,0.0,1.34159,-0.447196,0.0,-0.999961,1.069,-1.2247,4
1.2247,0.0,1.34159,-0.447196,0.0,-0.999961,1.069,0.0,4
1.2247,0.0,1.34159,-0.447196,0.0,-0.999961,1.069,1.2247,0
1.2247,0.0,1.34159,-0.447196,0.0,0.999961,-1.33625,-1.2247,4
1.2247,0.0,1.34159,-0.447196,0.0,0.999961,-1.33625,0.0,4
1.2247,0.0,1.34159,-0.447196,0.0,0.999961,-1.33625,1.2247,0
1.2247,0.0,1.34159,-0.447196,0.0,0.999961,0.267251,-1.2247,4
1.2247,0.0,1.34159,-0.447196,0.0,0.999961,0.267251,0.0,4
1.2247,0.0,1.34159,-0.447196,0.0,0.999961,0.267251,1.2247,0
1.2247,0.0,1.34159,-0.447196,0.0,0.999961,1.069,-1.2247,4
1.2247,0.0,1.34159,-0.447196,0.0,0.999961,1.069,0.0,4
1.2247,0.0,1.34159,-0.447196,0.0,0.999961,1.069,1.2247,0
1.2247,0.0,1.34159,-0.447196,1.2247,-0.999961,-1.33625,-1.2247,4
1.2247,0.0,1.34159,-0.447196,1.2247,-0.999961,-1.33625,0.0,4
1.2247,0.0,1.34159,-0.447196,1.2247,-0.999961,-1.33625,1.2247,0
1.2247,0.0,1.34159,-0.447196,1.2247,-0.999961,0.267251,-1.2247,4
1.2247,0.0,1.34159,-0.447196,1.2247,-0.999961,0.267251,0.0,4
1.2247,0.0,1.34159,-0.447196,1.2247,-0.999961,0.267251,1.2247,0
1.2247,0.0,1.34159,-0.447196,1.2247,-0.999961,1.069,-1.2247,4
1.2247,0.0,1.34159,-0.447196,1.2247,-0.999961,1.069,0.0,4
1.2247,0.0,1.34159,-0.447196,1.2247,-0.999961,1.069,1.2247,0
1.2247,0.0,1.34159,-0.447196,1.2247,0.999961,-1.33625,-1.2247,4
1.2247,0.0,1.34159,-0.447196,1.2247,0.999961,-1.33625,0.0,4
1.2247,0.0,1.34159,-0.447196,1.2247,0.999961,-1.33625,1.2247,0
1.2247,0.0,1.34159,-0.447196,1.2247,0.999961,0.267251,-1.2247,4
1.2247,0.0,1.34159,-0.447196,1.2247,0.999961,0.267251,0.0,4
1.2247,0.0,1.34159,-0.447196,1.2247,0.999961,0.267251,1.2247,0
1.2247,0.0,1.34159,-0.447196,1.2247,0.999961,1.069,-1.2247,4
1.2247,0.0,1.34159,-0.447196,1.2247,0.999961,1.069,0.0,4
1.2247,0.0,1.34159,-0.447196,1.2247,0.999961,1.069,1.2247,0
1.2247,0.0,1.34159,0.447196,-1.2247,-0.999961,-1.33625,-1.2247,3
1.2247,0.0,1.34159,0.447196,-1.2247,-0.999961,-1.33625,0.0,4
1.2247,0.0,1.34159,0.447196,-1.2247,-0.999961,-1.33625,1.2247,0
1.2247,0.0,1.34159,0.447196,-1.2247,-0.999961,0.267251,-1.2247,3
1.2247,0.0,1.34159,0.447196,-1.2247,-0.999961,0.267251,0.0,4
1.2247,0.0,1.34159,0.447196,-1.2247,-0.999961,0.267251,1.2247,0
1.2247,0.0,1.34159,0.447196,-1.2247,-0.999961,1.069,-1.2247,4
1.2247,0.0,1.34159,0.447196,-1.2247,-0.999961,1.069,0.0,4
1.2247,0.0,1.34159,0.447196,-1.2247,-0.999961,1.069,1.2247,0
1.2247,0.0,1.34159,0.447196,-1.2247,0.999961,-1.33625,-1.2247,4
1.2247,0.0,1.34159,0.447196,-1.2247,0.999961,-1.33625,0.0,4
1.2247,0.0,1.34159,0.447196,-1.2247,0.999961,-1.33625,1.2247,0
1.2247,0.0,1.34159,0.447196,-1.2247,0.999961,0.267251,-1.2247,4
1.2247,0.0,1.34159,0.447196,-1.2247,0.999961,0.267251,0.0,4
1.2247,0.0,1.34159,0.447196,-1.2247,0.999961,0.267251,1.2247,0
1.2247,0.0,1.34159,0.447196,-1.2247,0.999961,1.069,-1.2247,4
1.2247,0.0,1.34159,0.447196,-1.2247,0.999961,1.069,0.0,4
1.2247,0.0,1.34159,0.447196,-1.2247,0.999961,1.069,1.2247,0
1.2247,0.0,1.34159,0.447196,0.0,-0.999961,-1.33625,-1.2247,4
1.2247,0.0,1.34159,0.447196,0.0,-0.999961,-1.33625,0.0,4
1.2247,0.0,1.34159,0.447196,0.0,-0.999961,-1.33625,1.2247,0
1.2247,0.0,1.34159,0.447196,0.0,-0.999961,0.267251,-1.2247,4
1.2247,0.0,1.34159,0.447196,0.0,-0.999961,0.267251,0.0,4
1.2247,0.0,1.34159,0.447196,0.0,-0.999961,0.267251,1.2247,0
1.2247,0.0,1.34159,0.447196,0.0,-0.999961,1.069,-1.2247,4
1.2247,0.0,1.34159,0.447196,0.0,-0.999961,1.069,0.0,4
1.2247,0.0,1.34159,0.447196,0.0,-0.999961,1.069,1.2247,0
1.2247,0.0,1.34159,0.447196,0.0,0.999961,-1.33625,-1.2247,4
1.2247,0.0,1.34159,0.447196,0.0,0.999961,-1.33625,0.0,4
1.2247,0.0,1.34159,0.447196,0.0,0.999961,-1.33625,1.2247,0
1.2247,0.0,1.34159,0.447196,0.0,0.999961,0.267251,-1.2247,4
1.2247,0.0,1.34159,0.447196,0.0,0.999961,0.267251,0.0,4
1.2247,0.0,1.34159,0.447196,0.0,0.999961,0.267251,1.2247,0
1.2247,0.0,1.34159,0.447196,0.0,0.999961,1.069,-1.2247,4
1.2247,0.0,1.34159,0.447196,0.0,0.999961,1.069,0.0,4
1.2247,0.0,1.34159,0.447196,0.0,0.999961,1.069,1.2247,0
1.2247,0.0,1.34159,0.447196,1.2247,-0.999961,-1.33625,-1.2247,4
1.2247,0.0,1.34159,0.447196,1.2247,-0.999961,-1.33625,0.0,4
1.2247,0.0,1.34159,0.447196,1.2247,-0.999961,-1.33625,1.2247,0
1.2247,0.0,1.34159,0.447196,1.2247,-0.999961,0.267251,-1.2247,4
1.2247,0.0,1.34159,0.447196,1.2247,-0.999961,0.267251,0.0,4
1.2247,0.0,1.34159,0.447196,1.2247,-0.999961,0.267251,1.2247,0
1.2247,0.0,1.34159,0.447196,1.2247,-0.999961,1.069,-1.2247,4
1.2247,0.0,1.34159,0.447196,1.2247,-0.999961,1.069,0.0,4
1.2247,0.0,1.34159,0.447196,1.2247,-0.999961,1.069,1.2247,0
1.2247,0.0,1.34159,0.447196,1.2247,0.999961,-1.33625,-1.2247,4
1.2247,0.0,1.34159,0.447196,1.2247,0.999961,-1.33625,0.0,4
1.2247,0.0,1.34159,0.447196,1.2247,0.999961,-1.33625,1.2247,0
1.2247,0.0,1.34159,0.447196,1.2247,0.999961,0.267251,-1.2247,4
1.2247,0.0,1.34159,0.447196,1.2247,0.999961,0.267251,0.0,4
1.2247,0.0,1.34159,0.447196,1.2247,0.999961,0.267251,1.2247,0
1.2247,0.0,1.34159,0.447196,1.2247,0.999961,1.069,-1.2247,4
1.2247,0.0,1.34159,0.447196,1.2247,0.999961,1.069,0.0,4
1.2247,0.0,1.34159,0.447196,1.2247,0.999961,1.069,1.2247,0
1.2247,0.0,1.34159,1.34159,-1.2247,-0.999961,-1.33625,-1.2247,3
1.2247,0.0,1.34159,1.34159,-1.2247,-0.999961,-1.33625,0.0,4
1.2247,0.0,1.34159,1.34159,-1.2247,-0.999961,-1.33625,1.2247,0
1.2247,0.0,1.34159,1.34159,-1.2247,-0.999961,0.267251,-1.2247,3
1.2247,0.0,1.34159,1.34159,-1.2247,-0.999961,0.267251,0.0,4
1.2247,0.0,1.34159,1.34159,-1.2247,-0.999961,0.267251,1.2247,0
1.2247,0.0,1.34159,1.34159,-1.2247,-0.999961,1.069,-1.2247,4
1.2247,0.0,1.34159,1.34159,-1.2247,-0.999961,1.069,0.0,4
1.2247,0.0,1.34159,1.34159,-1.2247,-0.999961,1.069,1.2247,0
1.2247,0.0,1.34159,1.34159,-1.2247,0.999961,-1.33625,-1.2247,4
1.2247,0.0,1.34159,1.34159,-1.2247,0.999961,-1.33625,0.0,4
1.2247,0.0,1.34159,1.34159,-1.2247,0.999961,-1.33625,1.2247,0
1.2247,0.0,1.34159,1.34159,-1.2247,0.999961,0.267251,-1.2247,4
1.2247,0.0,1.34159,1.34159,-1.2247,0.999961,0.267251,0.0,4
1.2247,0.0,1.34159,1.34159,-1.2247,0.999961,0.267251,1.2247,0
1.2247,0.0,1.34159,1.34159,-1.2247,0.999961,1.069,-1.2247,4
1.2247,0.0,1.34159,1.34159,-1.2247,0.999961,1.069,0.0,4
1.2247,0.0,1.34159,1.34159,-1.2247,0.999961,1.069,1.2247,0
1.2247,0.0,1.34159,1.34159,0.0,-0.999961,-1.33625,-1.2247,4
1.2247,0.0,1.34159,1.34159,0.0,-0.999961,-1.33625,0.0,4
1.2247,0.0,1.34159,1.34159,0.0,-0.999961,-1.33625,1.2247,0
1.2247,0.0,1.34159,1.34159,0.0,-0.999961,0.267251,-1.2247,4
1.2247,0.0,1.34159,1.34159,0.0,-0.999961,0.267251,0.0,4
1.2247,0.0,1.34159,1.34159,0.0,-0.999961,0.267251,1.2247,0
1.2247,0.0,1.34159,1.34159,0.0,-0.999961,1.069,-1.2247,4
1.2247,0.0,1.34159,1.34159,0.0,-0.999961,1.069,0.0,4
1.2247,0.0,1.34159,1.34159,0.0,-0.999961,1.069,1.2247,0
1.2247,0.0,1.34159,1.34159,0.0,0.999961,-1.33625,-1.2247,4
1.2247,0.0,1.34159,1.34159,0.0,0.999961,-1.33625,0.0,4
1.2247,0.0,1.34159,1.34159,0.0,0.999961,-1.33625,1.2247,0
1.2247,0.0,1.34159,1.34159,0.0,0.999961,0.267251,-1.2247,4
1.2247,0.0,1.34159,1.34159,0.0,0.999961,0.267251,0.0,4
1.2247,0.0,1.34159,1.34159,0.0,0.999961,0.267251,1.2247,0
1.2247,0.0,1.34159,1.34159,0.0,0.999961,1.069,-1.2247,4
1.2247,0.0,1.34159,1.34159,0.0,0.999961,1.069,0.0,4
1.2247,0.0,1.34159,1.34159,0.0,0.999961,1.069,1.2247,0
1.2247,0.0,1.34159,1.34159,1.2247,-0.999961,-1.33625,-1.2247,4
1.2247,0.0,1.34159,1.34159,1.2247,-0.999961,-1.33625,0.0,4
1.2247,0.0,1.34159,1.34159,1.2247,-0.999961,-1.33625,1.2247,0
1.2247,0.0,1.34159,1.34159,1.2247,-0.999961,0.267251,-1.2247,4
1.2247,0.0,1.34159,1.34159,1.2247,-0.999961,0.267251,0.0,4
1.2247,0.0,1.34159,1.34159,1.2247,-0.999961,0.267251,1.2247,0
1.2247,0.0,1.34159,1.34159,1.2247,-0.999961,1.069,-1.2247,4
1.2247,0.0,1.34159,1.34159,1.2247,-0.999961,1.069,0.0,4
1.2247,0.0,1.34159,1.34159,1.2247,-0.999961,1.069,1.2247,0
1.2247,0.0,1.34159,1.34159,1.2247,0.999961,-1.33625,-1.2247,4
1.2247,0.0,1.34159,1.34159,1.2247,0.999961,-1.33625,0.0,4
1.2247,0.0,1.34159,1.34159,1.2247,0.999961,-1.33625,1.2247,0
1.2247,0.0,1.34159,1.34159,1.2247,0.999961,0.267251,-1.2247,4
1.2247,0.0,1.34159,1.34159,1.2247,0.999961,0.267251,0.0,4
1.2247,0.0,1.34159,1.34159,1.2247,0.999961,0.267251,1.2247,0
1.2247,0.0,1.34159,1.34159,1.2247,0.999961,1.069,-1.2247,4
1.2247,0.0,1.34159,1.34159,1.2247,0.999961,1.069,0.0,4
1.2247,0.0,1.34159,1.34159,1.2247,0.999961,1.069,1.2247,0
1.2247,0.70708,-1.34159,-1.34159,-1.2247,-0.999961,-1.33625,-1.2247,3
1.2247,0.70708,-1.34159,-1.34159,-1.2247,-0.999961,-1.33625,0.0,3
1.2247,0.70708,-1.34159,-1.34159,-1.2247,-0.999961,-1.33625,1.2247,0
1.2247,0.70708,-1.34159,-1.34159,-1.2247,-0.999961,0.267251,-1.2247,3
1.2247,0.70708,-1.34159,-1.34159,-1.2247,-0.999961,0.267251,0.0,3
1.2247,0.70708,-1.34159,-1.34159,-1.2247,-0.999961,0.267251,1.2247,0
1.2247,0.70708,-1.34159,-1.34159,-1.2247,-0.999961,1.069,-1.2247,3
1.2247,0.70708,-1.34159,-1.34159,-1.2247,-0.999961,1.069,0.0,3
1.2247,0.70708,-1.34159,-1.34159,-1.2247,-0.999961,1.069,1.2247,0
1.2247,0.70708,-1.34159,-1.34159,-1.2247,0.999961,-1.33625,-1.2247,3
1.2247,0.70708,-1.34159,-1.34159,-1.2247,0.999961,-1.33625,0.0,4
1.2247,0.70708,-1.34159,-1.34159,-1.2247,0.999961,-1.33625,1.2247,0
1.2247,0.70708,-1.34159,-1.34159,-1.2247,0.999961,0.267251,-1.2247,3
1.2247,0.70708,-1.34159,-1.34159,-1.2247,0.999961,0.267251,0.0,4
1.2247,0.70708,-1.34159,-1.34159,-1.2247,0.999961,0.267251,1.2247,0
1.2247,0.70708,-1.34159,-1.34159,-1.2247,0.999961,1.069,-1.2247,4
1.2247,0.70708,-1.34159,-1.34159,-1.2247,0.999961,1.069,0.0,4
1.2247,0.70708,-1.34159,-1.34159,-1.2247,0.999961,1.069,1.2247,0
1.2247,0.70708,-1.34159,-1.34159,0.0,-0.999961,-1.33625,-1.2247,3
1.2247,0.70708,-1.34159,-1.34159,0.0,-0.999961,-1.33625,0.0,4
1.2247,0.70708,-1.34159,-1.34159,0.0,-0.999961,-1.33625,1.2247,0
1.2247,0.70708,-1.34159,-1.34159,0.0,-0.999961,0.267251,-1.2247,3
1.2247,0.70708,-1.34159,-1.34159,0.0,-0.999961,0.267251,0.0,4
1.2247,0.70708,-1.34159,-1.34159,0.0,-0.999961,0.267251,1.2247,0
1.2247,0.70708,-1.34159,-1.34159,0.0,-0.999961,1.069,-1.2247,4
1.2247,0.70708,-1.34159,-1.34159,0.0,-0.999961,1.069,0.0,4
1.2247,0.70708,-1.34159,-1.34159,0.0,-0.999961,1.069,1.2247,0
1.2247,0.70708,-1.34159,-1.34159,0.0,0.999961,-1.33625,-1.2247,3
1.2247,0.70708,-1.34159,-1.34159,0.0,0.999961,-1.33625,0.0,4
1.2247,0.70708,-1.34159,-1.34159,0.0,0.999961,-1.33625,1.2247,0
1.2247,0.70708,-1.34159,-1.34159,0.0,0.999961,0.267251,-1.2247,3
1.2247,0.70708,-1.34159,-1.34159,0.0,0.999961,0.267251,0.0,4
1.2247,0.70708,-1.34159,-1.34159,0.0,0.999961,0.267251,1.2247,0
1.2247,0.70708,-1.34159,-1.34159,0.0,0.999961,1.069,-1.2247,4
1.2247,0.70708,-1.34159,-1.34159,0.0,0.999961,1.069,0.0,4
1.2247,0.70708,-1.34159,-1.34159,0.0,0.999961,1.069,1.2247,0
1.2247,0.70708,-1.34159,-1.34159,1.2247,-0.999961,-1.33625,-1.2247,3
1.2247,0.70708,-1.34159,-1.34159,1.2247,-0.999961,-1.33625,0.0,4
1.2247,0.70708,-1.34159,-1.34159,1.2247,-0.999961,-1.33625,1.2247,0
1.2247,0.70708,-1.34159,-1.34159,1.2247,-0.999961,0.267251,-1.2247,3
1.2247,0.70708,-1.34159,-1.34159,1.2247,-0.999961,0.267251,0.0,4
1.2247,0.70708,-1.34159,-1.34159,1.2247,-0.999961,0.267251,1.2247,0
1.2247,0.70708,-1.34159,-1.34159,1.2247,-0.999961,1.069,-1.2247,4
1.2247,0.70708,-1.34159,-1.34159,1.2247,-0.999961,1.069,0.0,4
1.2247,0.70708,-1.34159,-1.34159,1.2247,-0.999961,1.069,1.2247,0
1.2247,0.70708,-1.34159,-1.34159,1.2247,0.999961,-1.33625,-1.2247,3
1.2247,0.70708,-1.34159,-1.34159,1.2247,0.999961,-1.33625,0.0,4
1.2247,0.70708,-1.34159,-1.34159,1.2247,0.999961,-1.33625,1.2247,0
1.2247,0.70708,-1.34159,-1.34159,1.2247,0.999961,0.267251,-1.2247,3
1.2247,0.70708,-1.34159,-1.34159,1.2247,0.999961,0.267251,0.0,4
1.2247,0.70708,-1.34159,-1.34159,1.2247,0.999961,0.267251,1.2247,0
1.2247,0.70708,-1.34159,-1.34159,1.2247,0.999961,1.069,-1.2247,4
1.2247,0.70708,-1.34159,-1.34159,1.2247,0.999961,1.069,0.0,4
1.2247,0.70708,-1.34159,-1.34159,1.2247,0.999961,1.069,1.2247,0
1.2247,0.70708,-1.34159,-0.447196,-1.2247,-0.999961,-1.33625,-1.2247,3
1.2247,0.70708,-1.34159,-0.447196,-1.2247,-0.999961,-1.33625,0.0,4
1.2247,0.70708,-1.34159,-0.447196,-1.2247,-0.999961,-1.33625,1.2247,0
1.2247,0.70708,-1.34159,-0.447196,-1.2247,-0.999961,0.267251,-1.2247,3
1.2247,0.70708,-1.34159,-0.447196,-1.2247,-0.999961,0.267251,0.0,4
1.2247,0.70708,-1.34159,-0.447196,-1.2247,-0.999961,0.267251,1.2247,0
1.2247,0.70708,-1.34159,-0.447196,-1.2247,-0.999961,1.069,-1.2247,4
1.2247,0.70708,-1.34159,-0.447196,-1.2247,-0.999961,1.069,0.0,4
1.2247,0.70708,-1.34159,-0.447196,-1.2247,-0.999961,1.069,1.2247,0
1.2247,0.70708,-1.34159,-0.447196,-1.2247,0.999961,-1.33625,-1.2247,3
1.2247,0.70708,-1.34159,-0.447196,-1.2247,0.999961,-1.33625,0.0,4
1.2247,0.70708,-1.34159,-0.447196,-1.2247,0.999961,-1.33625,1.2247,0
1.2247,0.70708,-1.34159,-0.447196,-1.2247,0.999961,0.267251,-1.2247,3
1.2247,0.70708,-1.34159,-0.447196,-1.2247,0.999961,0.267251,0.0,4
1.2247,0.70708,-1.34159,-0.447196,-1.2247,0.999961,0.267251,1.2247,0
1.2247,0.70708,-1.34159,-0.447196,-1.2247,0.999961,1.069,-1.2247,4
1.2247,0.70708,-1.34159,-0.447196,-1.2247,0.999961,1.069,0.0,4
1.2247,0.70708,-1.34159,-0.447196,-1.2247,0.999961,1.069,1.2247,0
1.2247,0.70708,-1.34159,-0.447196,0.0,-0.999961,-1.33625,-1.2247,3
1.2247,0.70708,-1.34159,-0.447196,0.0,-0.999961,-1.33625,0.0,4
1.2247,0.70708,-1.34159,-0.447196,0.0,-0.999961,-1.33625,1.2247,0
1.2247,0.70708,-1.34159,-0.447196,0.0,-0.999961,0.267251,-1.2247,3
1.2247,0.70708,-1.34159,-0.447196,0.0,-0.999961,0.267251,0.0,4
1.2247,0.70708,-1.34159,-0.447196,0.0,-0.999961,0.267251,1.2247,0
1.2247,0.70708,-1.34159,-0.447196,0.0,-0.999961,1.069,-1.2247,4
1.2247,0.70708,-1.34159,-0.447196,0.0,-0.999961,1.069,0.0,4
1.2247,0.70708,-1.34159,-0.447196,0.0,-0.999961,1.069,1.2247,0
1.2247,0.70708,-1.34159,-0.447196,0.0,0.999961,-1.33625,-1.2247,3
1.2247,0.70708,-1.34159,-0.447196,0.0,0.999961,-1.33625,0.0,4
1.2247,0.70708,-1.34159,-0.447196,0.0,0.999961,-1.33625,1.2247,0
1.2247,0.70708,-1.34159,-0.447196,0.0,0.999961,0.267251,-1.2247,3
1.2247,0.70708,-1.34159,-0.447196,0.0,0.999961,0.267251,0.0,4
1.2247,0.70708,-1.34159,-0.447196,0.0,0.999961,0.267251,1.2247,0
1.2247,0.70708,-1.34159,-0.447196,0.0,0.999961,1.069,-1.2247,4
1.2247,0.70708,-1.34159,-0.447196,0.0,0.999961,1.069,0.0,4
1.2247,0.70708,-1.34159,-0.447196,0.0,0.999961,1.069,1.2247,0
1.2247,0.70708,-1.34159,-0.447196,1.2247,-0.999961,-1.33625,-1.2247,4
1.2247,0.70708,-1.34159,-0.447196,1.2247,-0.999961,-1.33625,0.0,4
1.2247,0.70708,-1.34159,-0.447196,1.2247,-0.999961,-1.33625,1.2247,0
1.2247,0.70708,-1.34159,-0.447196,1.2247,-0.999961,0.267251,-1.2247,4
1.2247,0.70708,-1.34159,-0.447196,1.2247,-0.999961,0.267251,0.0,4
1.2247,0.70708,-1.34159,-0.447196,1.2247,-0.999961,0.267251,1.2247,0
1.2247,0.70708,-1.34159,-0.447196,1.2247,-0.999961,1.069,-1.2247,4
1.2247,0.70708,-1.34159,-0.447196,1.2247,-0.999961,1.069,0.0,4
1.2247,0.70708,-1.34159,-0.447196,1.2247,-0.999961,1.069,1.2247,0
1.2247,0.70708,-1.34159,-0.447196,1.2247,0.999961,-1.33625,-1.2247,4
1.2247,0.70708,-1.34159,-0.447196,1.2247,0.999961,-1.33625,0.0,4
1.2247,0.70708,-1.34159,-0.447196,1.2247,0.999961,-1.33625,1.2247,0
1.2247,0.70708,-1.34159,-0.447196,1.2247,0.999961,0.267251,-1.2247,4
1.2247,0.70708,-1.34159,-0.447196,1.2247,0.999961,0.267251,0.0,4
1.2247,0.70708,-1.34159,-0.447196,1.2247,0.999961,0.267251,1.2247,0
1.2247,0.70708,-1.34159,-0.447196,1.2247,0.999961,1.069,-1.2247,4
1.2247,0.70708,-1.34159,-0.447196,1.2247,0.999961,1.069,0.0,4
1.2247,0.70708,-1.34159,-0.447196,1.2247,0.999961,1.069,1.2247,0
1.2247,0.70708,-1.34159,0.447196,-1.2247,-0.999961,-1.33625,-1.2247,3
1.2247,0.70708,-1.34159,0.447196,-1.2247,-0.999961,-1.33625,0.0,4
1.2247,0.70708,-1.34159,0.447196,-1.2247,-0.999961,-1.33625,1.2247,0
1.2247,0.70708,-1.34159,0.447196,-1.2247,-0.999961,0.267251,-1.2247,3
1.2247,0.70708,-1.34159,0.447196,-1.2247,-0.999961,0.267251,0.0,4
1.2247,0.70708,-1.34159,0.447196,-1.2247,-0.999961,0.267251,1.2247,0
1.2247,0.70708,-1.34159,0.447196,-1.2247,-0.999961,1.069,-1.2247,4
1.2247,0.70708,-1.34159,0.447196,-1.2247,-0.999961,1.069,0.0,4
1.2247,0.70708,-1.34159,0.447196,-1.2247,-0.999961,1.069,1.2247,0
1.2247,0.70708,-1.34159,0.447196,-1.2247,0.999961,-1.33625,-1.2247,4
1.2247,0.70708,-1.34159,0.447196,-1.2247,0.999961,-1.33625,0.0,4
1.2247,0.70708,-1.34159,0.447196,-1.2247,0.999961,-1.33625,1.2247,0
1.2247,0.70708,-1.34159,0.447196,-1.2247,0.999961,0.267251,-1.2247,4
1.2247,0.70708,-1.34159,0.447196,-1.2247,0.999961,0.267251,0.0,4
1.2247,0.70708,-1.34159,0.447196,-1.2247,0.999961,0.267251,1.2247,0
1.2247,0.70708,-1.34159,0.447196,-1.2247,0.999961,1.069,-1.2247,4
1.2247,0.70708,-1.34159,0.447196,-1.2247,0.999961,1.069,0.0,4
1.2247,0.70708,-1.34159,0.447196,-1.2247,0.999961,1.069,1.2247,0
1.2247,0.70708,-1.34159,0.447196,0.0,-0.999961,-1.33625,-1.2247,4
1.2247,0.70708,-1.34159,0.447196,0.0,-0.999961,-1.33625,0.0,4
1.2247,0.70708,-1.34159,0.447196,0.0,-0.999961,-1.33625,1.2247,0
1.2247,0.70708,-1.34159,0.447196,0.0,-0.999961,0.267251,-1.2247,4
1.2247,0.70708,-1.34159,0.447196,0.0,-0.999961,0.267251,0.0,4
1.2247,0.70708,-1.34159,0.447196,0.0,-0.999961,0.267251,1.2247,0
1.2247,0.70708,-1.34159,0.447196,0.0,-0.999961,1.069,-1.2247,4
1.2247,0.70708,-1.34159,0.447196,0.0,-0.999961,1.069,0.0,4
1.2247,0.70708,-1.34159,0.447196,0.0,-0.999961,1.069,1.2247,0
1.2247,0.70708,-1.34159,0.447196,0.0,0.999961,-1.33625,-1.2247,4
1.2247,0.70708,-1.34159,0.447196,0.0,0.999961,-1.33625,0.0,4
1.2247,0.70708,-1.34159,0.447196,0.0,0.999961,-1.33625,1.2247,0
1.2247,0.70708,-1.34159,0.447196,0.0,0.999961,0.267251,-1.2247,4
1.2247,0.70708,-1.34159,0.447196,0.0,0.999961,0.267251,0.0,4
1.2247,0.70708,-1.34159,0.447196,0.0,0.999961,0.267251,1.2247,0
1.2247,0.70708,-1.34159,0.447196,0.0,0.999961,1.069,-1.2247,4
1.2247,0.70708,-1.34159,0.447196,0.0,0.999961,1.069,0.0,4
1.2247,0.70708,-1.34159,0.447196,0.0,0.999961,1.069,1.2247,0
1.2247,0.70708,-1.34159,0.447196,1.2247,-0.999961,-1.33625,-1.2247,4
1.2247,0.70708,-1.34159,0.447196,1.2247,-0.999961,-1.33625,0.0,4
1.2247,0.70708,-1.34159,0.447196,1.2247,-0.999961,-1.33625,1.2247,0
1.2247,0.70708,-1.34159,0.447196,1.2247,-0.999961,0.267251,-1.2247,4
1.2247,0.70708,-1.34159,0.447196,1.2247,-0.999961,0.267251,0.0,4
1.2247,0.70708,-1.34159,0.447196,1.2247,-0.999961,0.267251,1.2247,0
1.2247,0.70708,-1.34159,0.447196,1.2247,-0.999961,1.069,-1.2247,4
1.2247,0.70708,-1.34159,0.447196,1.2247,-0.999961,1.069,0.0,4
1.2247,0.70708,-1.34159,0.447196,1.2247,-0.999961,1.069,1.2247,0
1.2247,0.70708,-1.34159,0.447196,1.2247,0.999961,-1.33625,-1.2247,4
1.2247,0.70708,-1.34159,0.447196,1.2247,0.999961,-1.33625,0.0,4
1.2247,0.70708,-1.34159,0.447196,1.2247,0.999961,-1.33625,1.2247,0
1.2247,0.70708,-1.34159,0.447196,1.2247,0.999961,0.267251,-1.2247,4
1.2247,0.70708,-1.34159,0.447196,1.2247,0.999961,0.267251,0.0,4
1.2247,0.70708,-1.34159,0.447196,1.2247,0.999961,0.267251,1.2247,0
1.2247,0.70708,-1.34159,0.447196,1.2247,0.999961,1.069,-1.2247,4
1.2247,0.70708,-1.34159,0.447196,1.2247,0.999961,1.069,0.0,4
1.2247,0.70708,-1.34159,0.447196,1.2247,0.999961,1.069,1.2247,0
1.2247,0.70708,-1.34159,1.34159,-1.2247,-0.999961,-1.33625,-1.2247,3
1.2247,0.70708,-1.34159,1.34159,-1.2247,-0.999961,-1.33625,0.0,4
1.2247,0.70708,-1.34159,1.34159,-1.2247,-0.999961,-1.33625,1.2247,0
1.2247,0.70708,-1.34159,1.34159,-1.2247,-0.999961,0.267251,-1.2247,3
1.2247,0.70708,-1.34159,1.34159,-1.2247,-0.999961,0.267251,0.0,4
1.2247,0.70708,-1.34159,1.34159,-1.2247,-0.999961,0.267251,1.2247,0
1.2247,0.70708,-1.34159,1.34159,-1.2247,-0.999961,1.069,-1.2247,4
1.2247,0.70708,-1.34159,1.34159,-1.2247,-0.999961,1.069,0.0,4
1.2247,0.70708,-1.34159,1.34159,-1.2247,-0.999961,1.069,1.2247,0
1.2247,0.70708,-1.34159,1.34159,-1.2247,0.999961,-1.33625,-1.2247,4
1.2247,0.70708,-1.34159,1.34159,-1.2247,0.999961,-1.33625,0.0,4
1.2247,0.70708,-1.34159,1.34159,-1.2247,0.999961,-1.33625,1.2247,0
1.2247,0.70708,-1.34159,1.34159,-1.2247,0.999961,0.267251,-1.2247,4
1.2247,0.70708,-1.34159,1.34159,-1.2247,0.999961,0.267251,0.0,4
1.2247,0.70708,-1.34159,1.34159,-1.2247,0.999961,0.267251,1.2247,0
1.2247,0.70708,-1.34159,1.34159,-1.2247,0.999961,1.069,-1.2247,4
1.2247,0.70708,-1.34159,1.34159,-1.2247,0.999961,1.069,0.0,4
1.2247,0.70708,-1.34159,1.34159,-1.2247,0.999961,1.069,1.2247,0
1.2247,0.70708,-1.34159,1.34159,0.0,-0.999961,-1.33625,-1.2247,4
1.2247,0.70708,-1.34159,1.34159,0.0,-0.999961,-1.33625,0.0,4
1.2247,0.70708,-1.34159,1.34159,0.0,-0.999961,-1.33625,1.2247,0
1.2247,0.70708,-1.34159,1.34159,0.0,-0.999961,0.267251,-1.2247,4
1.2247,0.70708,-1.34159,1.34159,0.0,-0.999961,0.267251,0.0,4
1.2247,0.70708,-1.34159,1.34159,0.0,-0.999961,0.267251,1.2247,0
1.2247,0.70708,-1.34159,1.34159,0.0,-0.999961,1.069,-1.2247,4
1.2247,0.70708,-1.34159,1.34159,0.0,-0.999961,1.069,0.0,4
1.2247,0.70708,-1.34159,1.34159,0.0,-0.999961,1.069,1.2247,0
1.2247,0.70708,-1.34159,1.34159,0.0,0.999961,-1.33625,-1.2247,4
1.2247,0.70708,-1.34159,1.34159,0.0,0.999961,-1.33625,0.0,4
1.2247,0.70708,-1.34159,1.34159,0.0,0.999961,-1.33625,1.2247,0
1.2247,0.70708,-1.34159,1.34159,0.0,0.999961,0.267251,-1.2247,4
1.2247,0.70708,-1.34159,1.34159,0.0,0.999961,0.267251,0.0,4
1.2247,0.70708,-1.34159,1.34159,0.0,0.999961,0.267251,1.2247,0
1.2247,0.70708,-1.34159,1.34159,0.0,0.999961,1.069,-1.2247,4
1.2247,0.70708,-1.34159,1.34159,0.0,0.999961,1.069,0.0,4
1.2247,0.70708,-1.34159,1.34159,0.0,0.999961,1.069,1.2247,0
1.2247,0.70708,-1.34159,1.34159,1.2247,-0.999961,-1.33625,-1.2247,4
1.2247,0.70708,-1.34159,1.34159,1.2247,-0.999961,-1.33625,0.0,4
1.2247,0.70708,-1.34159,1.34159,1.2247,-0.999961,-1.33625,1.2247,0
1.2247,0.70708,-1.34159,1.34159,1.2247,-0.999961,0.267251,-1.2247,4
1.2247,0.70708,-1.34159,1.34159,1.2247,-0.999961,0.267251,0.0,4
1.2247,0.70708,-1.34159,1.34159,1.2247,-0.999961,0.267251,1.2247,0
1.2247,0.70708,-1.34159,1.34159,1.2247,-0.999961,1.069,-1.2247,4
1.2247,0.70708,-1.34159,1.34159,1.2247,-0.999961,1.069,0.0,4
1.2247,0.70708,-1.34159,1.34159,1.2247,-0.999961,1.069,1.2247,0
1.2247,0.70708,-1.34159,1.34159,1.2247,0.999961,-1.33625,-1.2247,4
1.2247,0.70708,-1.34159,1.34159,1.2247,0.999961,-1.33625,0.0,4
1.2247,0.70708,-1.34159,1.34159,1.2247,0.999961,-1.33625,1.2247,0
1.2247,0.70708,-1.34159,1.34159,1.2247,0.999961,0.267251,-1.2247,4
1.2247,0.70708,-1.34159,1.34159,1.2247,0.999961,0.267251,0.0,4
1.2247,0.70708,-1.34159,1.34159,1.2247,0.999961,0.267251,1.2247,0
1.2247,0.70708,-1.34159,1.34159,1.2247,0.999961,1.069,-1.2247,4
1.2247,0.70708,-1.34159,1.34159,1.2247,0.999961,1.069,0.0,4
1.2247,0.70708,-1.34159,1.34159,1.2247,0.999961,1.069,1.2247,0
1.2247,0.70708,-0.447196,-1.34159,-1.2247,-0.999961,-1.33625,-1.2247,3
1.2247,0.70708,-0.447196,-1.34159,-1.2247,-0.999961,-1.33625,0.0,4
1.2247,0.70708,-0.447196,-1.34159,-1.2247,-0.999961,-1.33625,1.2247,0
1.2247,0.70708,-0.447196,-1.34159,-1.2247,-0.999961,0.267251,-1.2247,3
1.2247,0.70708,-0.447196,-1.34159,-1.2247,-0.999961,0.267251,0.0,4
1.2247,0.70708,-0.447196,-1.34159,-1.2247,-0.999961,0.267251,1.2247,0
1.2247,0.70708,-0.447196,-1.34159,-1.2247,-0.999961,1.069,-1.2247,4
1.2247,0.70708,-0.447196,-1.34159,-1.2247,-0.999961,1.069,0.0,4
1.2247,0.70708,-0.447196,-1.34159,-1.2247,-0.999961,1.069,1.2247,0
1.2247,0.70708,-0.447196,-1.34159,-1.2247,0.999961,-1.33625,-1.2247,3
1.2247,0.70708,-0.447196,-1.34159,-1.2247,0.999961,-1.33625,0.0,4
1.2247,0.70708,-0.447196,-1.34159,-1.2247,0.999961,-1.33625,1.2247,0
1.2247,0.70708,-0.447196,-1.34159,-1.2247,0.999961,0.267251,-1.2247,3
1.2247,0.70708,-0.447196,-1.34159,-1.2247,0.999961,0.267251,0.0,4
1.2247,0.70708,-0.447196,-1.34159,-1.2247,0.999961,0.267251,1.2247,0
1.2247,0.70708,-0.447196,-1.34159,-1.2247,0.999961,1.069,-1.2247,4
1.2247,0.70708,-0.447196,-1.34159,-1.2247,0.999961,1.069,0.0,4
1.2247,0.70708,-0.447196,-1.34159,-1.2247,0.999961,1.069,1.2247,0
1.2247,0.70708,-0.447196,-1.34159,0.0,-0.999961,-1.33625,-1.2247,3
1.2247,0.70708,-0.447196,-1.34159,0.0,-0.999961,-1.33625,0.0,4
1.2247,0.70708,-0.447196,-1.34159,0.0,-0.999961,-1.33625,1.2247,0
1.2247,0.70708,-0.447196,-1.34159,0.0,-0.999961,0.267251,-1.2247,3
1.2247,0.70708,-0.447196,-1.34159,0.0,-0.999961,0.267251,0.0,4
1.2247,0.70708,-0.447196,-1.34159,0.0,-0.999961,0.267251,1.2247,0
1.2247,0.70708,-0.447196,-1.34159,0.0,-0.999961,1.069,-1.2247,4
1.2247,0.70708,-0.447196,-1.34159,0.0,-0.999961,1.069,0.0,4
1.2247,0.70708,-0.447196,-1.34159,0.0,-0.999961,1.069,1.2247,0
1.2247,0.70708,-0.447196,-1.34159,0.0,0.999961,-1.33625,-1.2247,3
1.2247,0.70708,-0.447196,-1.34159,0.0,0.999961,-1.33625,0.0,4
1.2247,0.70708,-0.447196,-1.34159,0.0,0.999961,-1.33625,1.2247,0
1.2247,0.70708,-0.447196,-1.34159,0.0,0.999961,0.267251,-1.2247,3
1.2247,0.70708,-0.447196,-1.34159,0.0,0.999961,0.267251,0.0,4
1.2247,0.70708,-0.447196,-1.34159,0.0,0.999961,0.267251,1.2247,0
1.2247,0.70708,-0.447196,-1.34159,0.0,0.999961,1.069,-1.2247,4
1.2247,0.70708,-0.447196,-1.34159,0.0,0.999961,1.069,0.0,4
1.2247,0.70708,-0.447196,-1.34159,0.0,0.999961,1.069,1.2247,0
1.2247,0.70708,-0.447196,-1.34159,1.2247,-0.999961,-1.33625,-1.2247,4
1.2247,0.70708,-0.447196,-1.34159,1.2247,-0.999961,-1.33625,0.0,4
1.2247,0.70708,-0.447196,-1.34159,1.2247,-0.999961,-1.33625,1.2247,0
1.2247,0.70708,-0.447196,-1.34159,1.2247,-0.999961,0.267251,-1.2247,4
1.2247,0.70708,-0.447196,-1.34159,1.2247,-0.999961,0.267251,0.0,4
1.2247,0.70708,-0.447196,-1.34159,1.2247,-0.999961,0.267251,1.2247,0
1.2247,0.70708,-0.447196,-1.34159,1.2247,-0.999961,1.069,-1.2247,4
1.2247,0.70708,-0.447196,-1.34159,1.2247,-0.999961,1.069,0.0,4
1.2247,0.70708,-0.447196,-1.34159,1.2247,-0.999961,1.069,1.2247,0
1.2247,0.70708,-0.447196,-1.34159,1.2247,0.999961,-1.33625,-1.2247,4
1.2247,0.70708,-0.447196,-1.34159,1.2247,0.999961,-1.33625,0.0,4
1.2247,0.70708,-0.447196,-1.34159,1.2247,0.999961,-1.33625,1.2247,0
1.2247,0.70708,-0.447196,-1.34159,1.2247,0.999961,0.267251,-1.2247,4
1.2247,0.70708,-0.447196,-1.34159,1.2247,0.999961,0.267251,0.0,4
1.2247,0.70708,-0.447196,-1.34159,1.2247,0.999961,0.267251,1.2247,0
1.2247,0.70708,-0.447196,-1.34159,1.2247,0.999961,1.069,-1.2247,4
1.2247,0.70708,-0.447196,-1.34159,1.2247,0.999961,1.069,0.0,4
1.2247,0.70708,-0.447196,-1.34159,1.2247,0.999961,1.069,1.2247,0
1.2247,0.70708,-0.447196,-0.447196,-1.2247,-0.999961,-1.33625,-1.2247,3
1.2247,0.70708,-0.447196,-0.447196,-1.2247,-0.999961,-1.33625,0.0,4
1.2247,0.70708,-0.447196,-0.447196,-1.2247,-0.999961,-1.33625,1.2247,0
1.2247,0.70708,-0.447196,-0.447196,-1.2247,-0.999961,0.267251,-1.2247,3
1.2247,0.70708,-0.447196,-0.447196,-1.2247,-0.999961,0.267251,0.0,4
1.2247,0.70708,-0.447196,-0.447196,-1.2247,-0.999961,0.267251,1.2247,0
1.2247,0.70708,-0.447196,-0.447196,-1.2247,-0.999961,1.069,-1.2247,4
1.2247,0.70708,-0.447196,-0.447196,-1.2247,-0.999961,1.069,0.0,4
1.2247,0.70708,-0.447196,-0.447196,-1.2247,-0.999961,1.069,1.2247,0
1.2247,0.70708,-0.447196,-0.447196,-1.2247,0.999961,-1.33625,-1.2247,3
1.2247,0.70708,-0.447196,-0.447196,-1.2247,0.999961,-1.33625,0.0,4
1.2247,0.70708,-0.447196,-0.447196,-1.2247,0.999961,-1.33625,1.2247,0
1.2247,0.70708,-0.447196,-0.447196,-1.2247,0.999961,0.267251,-1.2247,3
1.2247,0.70708,-0.447196,-0.447196,-1.2247,0.999961,0.267251,0.0,4
1.2247,0.70708,-0.447196,-0.447196,-1.2247,0.999961,0.267251,1.2247,0
1.2247,0.70708,-0.447196,-0.447196,-1.2247,0.999961,1.069,-1.2247,4
1.2247,0.70708,-0.447196,-0.447196,-1.2247,0.999961,1.069,0.0,4
1.2247,0.70708,-0.447196,-0.447196,-1.2247,0.999961,1.069,1.2247,0
1.2247,0.70708,-0.447196,-0.447196,0.0,-0.999961,-1.33625,-1.2247,3
1.2247,0.70708,-0.447196,-0.447196,0.0,-0.999961,-1.33625,0.0,4
1.2247,0.70708,-0.447196,-0.447196,0.0,-0.999961,-1.33625,1.2247,0
1.2247,0.70708,-0.447196,-0.447196,0.0,-0.999961,0.267251,-1.2247,3
1.2247,0.70708,-0.447196,-0.447196,0.0,-0.999961,0.267251,0.0,4
1.2247,0.70708,-0.447196,-0.447196,0.0,-0.999961,0.267251,1.2247,0
1.2247,0.70708,-0.447196,-0.447196,0.0,-0.999961,1.069,-1.2247,4
1.2247,0.70708,-0.447196,-0.447196,0.0,-0.999961,1.069,0.0,4
1.2247,0.70708,-0.447196,-0.447196,0.0,-0.999961,1.069,1.2247,0
1.2247,0.70708,-0.447196,-0.447196,0.0,0.999961,-1.33625,-1.2247,3
1.2247,0.70708,-0.447196,-0.447196,0.0,0.999961,-1.33625,0.0,4
1.2247,0.70708,-0.447196,-0.447196,0.0,0.999961,-1.33625,1.2247,0
1.2247,0.70708,-0.447196,-0.447196,0.0,0.999961,0.267251,-1.2247,3
1.2247,0.70708,-0.447196,-0.447196,0.0,0.999961,0.267251,0.0,4
1.2247,0.70708,-0.447196,-0.447196,0.0,0.999961,0.267251,1.2247,0
1.2247,0.70708,-0.447196,-0.447196,0.0,0.999961,1.069,-1.2247,4
1.2247,0.70708,-0.447196,-0.447196,0.0,0.999961,1.069,0.0,4
1.2247,0.70708,-0.447196,-0.447196,0.0,0.999961,1.069,1.2247,0
1.2247,0.70708,-0.447196,-0.447196,1.2247,-0.999961,-1.33625,-1.2247,4
1.2247,0.70708,-0.447196,-0.447196,1.2247,-0.999961,-1.33625,0.0,4
1.2247,0.70708,-0.447196,-0.447196,1.2247,-0.999961,-1.33625,1.2247,0
1.2247,0.70708,-0.447196,-0.447196,1.2247,-0.999961,0.267251,-1.2247,4
1.2247,0.70708,-0.447196,-0.447196,1.2247,-0.999961,0.267251,0.0,4
1.2247,0.70708,-0.447196,-0.447196,1.2247,-0.999961,0.267251,1.2247,0
1.2247,0.70708,-0.447196,-0.447196,1.2247,-0.999961,1.069,-1.2247,4
1.2247,0.70708,-0.447196,-0.447196,1.2247,-0.999961,1.069,0.0,4
1.2247,0.70708,-0.447196,-0.447196,1.2247,-0.999961,1.069,1.2247,0
1.2247,0.70708,-0.447196,-0.447196,1.2247,0.999961,-1.33625,-1.2247,4
1.2247,0.70708,-0.447196,-0.447196,1.2247,0.999961,-1.33625,0.0,4
1.2247,0.70708,-0.447196,-0.447196,1.2247,0.999961,-1.33625,1.2247,0
1.2247,0.70708,-0.447196,-0.447196,1.2247,0.999961,0.267251,-1.2247,4
1.2247,0.70708,-0.447196,-0.447196,1.2247,0.999961,0.267251,0.0,4
1.2247,0.70708,-0.447196,-0.447196,1.2247,0.999961,0.267251,1.2247,0
1.2247,0.70708,-0.447196,-0.447196,1.2247,0.999961,1.069,-1.2247,4
1.2247,0.70708,-0.447196,-0.447196,1.2247,0.999961,1.069,0.0,4
1.2247,0.70708,-0.447196,-0.447196,1.2247,0.999961,1.069,1.2247,0
1.2247,0.70708,-0.447196,0.447196,-1.2247,-0.999961,-1.33625,-1.2247,3
1.2247,0.70708,-0.447196,0.447196,-1.2247,-0.999961,-1.33625,0.0,4
1.2247,0.70708,-0.447196,0.447196,-1.2247,-0.999961,-1.33625,1.2247,0
1.2247,0.70708,-0.447196,0.447196,-1.2247,-0.999961,0.267251,-1.2247,3
1.2247,0.70708,-0.447196,0.447196,-1.2247,-0.999961,0.267251,0.0,4
1.2247,0.70708,-0.447196,0.447196,-1.2247,-0.999961,0.267251,1.2247,0
1.2247,0.70708,-0.447196,0.447196,-1.2247,-0.999961,1.069,-1.2247,4
1.2247,0.70708,-0.447196,0.447196,-1.2247,-0.999961,1.069,0.0,4
1.2247,0.70708,-0.447196,0.447196,-1.2247,-0.999961,1.069,1.2247,0
1.2247,0.70708,-0.447196,0.447196,-1.2247,0.999961,-1.33625,-1.2247,4
1.2247,0.70708,-0.447196,0.447196,-1.2247,0.999961,-1.33625,0.0,4
1.2247,0.70708,-0.447196,0.447196,-1.2247,0.999961,-1.33625,1.2247,0
1.2247,0.70708,-0.447196,0.447196,-1.2247,0.999961,0.267251,-1.2247,4
1.2247,0.70708,-0.447196,0.447196,-1.2247,0.999961,0.267251,0.0,4
1.2247,0.70708,-0.447196,0.447196,-1.2247,0.999961,0.267251,1.2247,0
1.2247,0.70708,-0.447196,0.447196,-1.2247,0.999961,1.069,-1.2247,4
1.2247,0.70708,-0.447196,0.447196,-1.2247,0.999961,1.069,0.0,4
1.2247,0.70708,-0.447196,0.447196,-1.2247,0.999961,1.069,1.2247,0
1.2247,0.70708,-0.447196,0.447196,0.0,-0.999961,-1.33625,-1.2247,4
1.2247,0.70708,-0.447196,0.447196,0.0,-0.999961,-1.33625,0.0,4
1.2247,0.70708,-0.447196,0.447196,0.0,-0.999961,-1.33625,1.2247,0
1.2247,0.70708,-0.447196,0.447196,0.0,-0.999961,0.267251,-1.2247,4
1.2247,0.70708,-0.447196,0.447196,0.0,-0.999961,0.267251,0.0,4
1.2247,0.70708,-0.447196,0.447196,0.0,-0.999961,0.267251,1.2247,0
1.2247,0.70708,-0.447196,0.447196,0.0,-0.999961,1.069,-1.2247,4
1.2247,0.70708,-0.447196,0.447196,0.0,-0.999961,1.069,0.0,4
1.2247,0.70708,-0.447196,0.447196,0.0,-0.999961,1.069,1.2247,0
1.2247,0.70708,-0.447196,0.447196,0.0,0.999961,-1.33625,-1.2247,4
1.2247,0.70708,-0.447196,0.447196,0.0,0.999961,-1.33625,0.0,4
1.2247,0.70708,-0.447196,0.447196,0.0,0.999961,-1.33625,1.2247,0
1.2247,0.70708,-0.447196,0.447196,0.0,0.999961,0.267251,-1.2247,4
1.2247,0.70708,-0.447196,0.447196,0.0,0.999961,0.267251,0.0,4
1.2247,0.70708,-0.447196,0.447196,0.0,0.999961,0.267251,1.2247,0
1.2247,0.70708,-0.447196,0.447196,0.0,0.999961,1.069,-1.2247,4
1.2247,0.70708,-0.447196,0.447196,0.0,0.999961,1.069,0.0,4
1.2247,0.70708,-0.447196,0.447196,0.0,0.999961,1.069,1.2247,0
1.2247,0.70708,-0.447196,0.447196,1.2247,-0.999961,-1.33625,-1.2247,4
1.2247,0.70708,-0.447196,0.447196,1.2247,-0.999961,-1.33625,0.0,4
1.2247,0.70708,-0.447196,0.447196,1.2247,-0.999961,-1.33625,1.2247,0
1.2247,0.70708,-0.447196,0.447196,1.2247,-0.999961,0.267251,-1.2247,4
1.2247,0.70708,-0.447196,0.447196,1.2247,-0.999961,0.267251,0.0,4
1.2247,0.70708,-0.447196,0.447196,1.2247,-0.999961,0.267251,1.2247,0
1.2247,0.70708,-0.447196,0.447196,1.2247,-0.999961,1.069,-1.2247,4
1.2247,0.70708,-0.447196,0.447196,1.2247,-0.999961,1.069,0.0,4
1.2247,0.70708,-0.447196,0.447196,1.2247,-0.999961,1.069,1.2247,0
1.2247,0.70708,-0.447196,0.447196,1.2247,0.999961,-1.33625,-1.2247,4
1.2247,0.70708,-0.447196,0.447196,1.2247,0.999961,-1.33625,0.0,4
1.2247,0.70708,-0.447196,0.447196,1.2247,0.999961,-1.33625,1.2247,0
1.2247,0.70708,-0.447196,0.447196,1.2247,0.999961,0.267251,-1.2247,4
1.2247,0.70708,-0.447196,0.447196,1.2247,0.999961,0.267251,0.0,4
1.2247,0.70708,-0.447196,0.447196,1.2247,0.999961,0.267251,1.2247,0
1.2247,0.70708,-0.447196,0.447196,1.2247,0.999961,1.069,-1.2247,4
1.2247,0.70708,-0.447196,0.447196,1.2247,0.999961,1.069,0.0,4
1.2247,0.70708,-0.447196,0.447196,1.2247,0.999961,1.069,1.2247,0
1.2247,0.70708,-0.447196,1.34159,-1.2247,-0.999961,-1.33625,-1.2247,3
1.2247,0.70708,-0.447196,1.34159,-1.2247,-0.999961,-1.33625,0.0,4
1.2247,0.70708,-0.447196,1.34159,-1.2247,-0.999961,-1.33625,1.2247,0
1.2247,0.70708,-0.447196,1.34159,-1.2247,-0.999961,0.267251,-1.2247,3
1.2247,0.70708,-0.447196,1.34159,-1.2247,-0.999961,0.267251,0.0,4
1.2247,0.70708,-0.447196,1.34159,-1.2247,-0.999961,0.267251,1.2247,0
1.2247,0.70708,-0.447196,1.34159,-1.2247,-0.999961,1.069,-1.2247,4
1.2247,0.70708,-0.447196,1.34159,-1.2247,-0.999961,1.069,0.0,4
1.2247,0.70708,-0.447196,1.34159,-1.2247,-0.999961,1.069,1.2247,0
1.2247,0.70708,-0.447196,1.34159,-1.2247,0.999961,-1.33625,-1.2247,4
1.2247,0.70708,-0.447196,1.34159,-1.2247,0.999961,-1.33625,0.0,4
1.2247,0.70708,-0.447196,1.34159,-1.2247,0.999961,-1.33625,1.2247,0
1.2247,0.70708,-0.447196,1.34159,-1.2247,0.999961,0.267251,-1.2247,4
1.2247,0.70708,-0.447196,1.34159,-1.2247,0.999961,0.267251,0.0,4
1.2247,0.70708,-0.447196,1.34159,-1.2247,0.999961,0.267251,1.2247,0
1.2247,0.70708,-0.447196,1.34159,-1.2247,0.999961,1.069,-1.2247,4
1.2247,0.70708,-0.447196,1.34159,-1.2247,0.999961,1.069,0.0,4
1.2247,0.70708,-0.447196,1.34159,-1.2247,0.999961,1.069,1.2247,0
1.2247,0.70708,-0.447196,1.34159,0.0,-0.999961,-1.33625,-1.2247,4
1.2247,0.70708,-0.447196,1.34159,0.0,-0.999961,-1.33625,0.0,4
1.2247,0.70708,-0.447196,1.34159,0.0,-0.999961,-1.33625,1.2247,0
1.2247,0.70708,-0.447196,1.34159,0.0,-0.999961,0.267251,-1.2247,4
1.2247,0.70708,-0.447196,1.34159,0.0,-0.999961,0.267251,0.0,4
1.2247,0.70708,-0.447196,1.34159,0.0,-0.999961,0.267251,1.2247,0
1.2247,0.70708,-0.447196,1.34159,0.0,-0.999961,1.069,-1.2247,4
1.2247,0.70708,-0.447196,1.34159,0.0,-0.999961,1.069,0.0,4
1.2247,0.70708,-0.447196,1.34159,0.0,-0.999961,1.069,1.2247,0
1.2247,0.70708,-0.447196,1.34159,0.0,0.999961,-1.33625,-1.2247,4
1.2247,0.70708,-0.447196,1.34159,0.0,0.999961,-1.33625,0.0,4
1.2247,0.70708,-0.447196,1.34159,0.0,0.999961,-1.33625,1.2247,0
1.2247,0.70708,-0.447196,1.34159,0.0,0.999961,0.267251,-1.2247,4
1.2247,0.70708,-0.447196,1.34159,0.0,0.999961,0.267251,0.0,4
1.2247,0.70708,-0.447196,1.34159,0.0,0.999961,0.267251,1.2247,0
1.2247,0.70708,-0.447196,1.34159,0.0,0.999961,1.069,-1.2247,4
1.2247,0.70708,-0.447196,1.34159,0.0,0.999961,1.069,0.0,4
1.2247,0.70708,-0.447196,1.34159,0.0,0.999961,1.069,1.2247,0
1.2247,0.70708,-0.447196,1.34159,1.2247,-0.999961,-1.33625,-1.2247,4
1.2247,0.70708,-0.447196,1.34159,1.2247,-0.999961,-1.33625,0.0,4
1.2247,0.70708,-0.447196,1.34159,1.2247,-0.999961,-1.33625,1.2247,0
1.2247,0.70708,-0.447196,1.34159,1.2247,-0.999961,0.267251,-1.2247,4
1.2247,0.70708,-0.447196,1.34159,1.2247,-0.999961,0.267251,0.0,4
1.2247,0.70708,-0.447196,1.34159,1.2247,-0.999961,0.267251,1.2247,0
1.2247,0.70708,-0.447196,1.34159,1.2247,-0.999961,1.069,-1.2247,4
1.2247,0.70708,-0.447196,1.34159,1.2247,-0.999961,1.069,0.0,4
1.2247,0.70708,-0.447196,1.34159,1.2247,-0.999961,1.069,1.2247,0
1.2247,0.70708,-0.447196,1.34159,1.2247,0.999961,-1.33625,-1.2247,4
1.2247,0.70708,-0.447196,1.34159,1.2247,0.999961,-1.33625,0.0,4
1.2247,0.70708,-0.447196,1.34159,1.2247,0.999961,-1.33625,1.2247,0
1.2247,0.70708,-0.447196,1.34159,1.2247,0.999961,0.267251,-1.2247,4
1.2247,0.70708,-0.447196,1.34159,1.2247,0.999961,0.267251,0.0,4
1.2247,0.70708,-0.447196,1.34159,1.2247,0.999961,0.267251,1.2247,0
1.2247,0.70708,-0.447196,1.34159,1.2247,0.999961,1.069,-1.2247,4
1.2247,0.70708,-0.447196,1.34159,1.2247,0.999961,1.069,0.0,4
1.2247,0.70708,-0.447196,1.34159,1.2247,0.999961,1.069,1.2247,0
1.2247,0.70708,0.447196,-1.34159,-1.2247,-0.999961,-1.33625,-1.2247,3
1.2247,0.70708,0.447196,-1.34159,-1.2247,-0.999961,-1.33625,0.0,4
1.2247,0.70708,0.447196,-1.34159,-1.2247,-0.999961,-1.33625,1.2247,0
1.2247,0.70708,0.447196,-1.34159,-1.2247,-0.999961,0.267251,-1.2247,3
1.2247,0.70708,0.447196,-1.34159,-1.2247,-0.999961,0.267251,0.0,4
1.2247,0.70708,0.447196,-1.34159,-1.2247,-0.999961,0.267251,1.2247,0
1.2247,0.70708,0.447196,-1.34159,-1.2247,-0.999961,1.069,-1.2247,4
1.2247,0.70708,0.447196,-1.34159,-1.2247,-0.999961,1.069,0.0,4
1.2247,0.70708,0.447196,-1.34159,-1.2247,-0.999961,1.069,1.2247,0
1.2247,0.70708,0.447196,-1.34159,-1.2247,0.999961,-1.33625,-1.2247,3
1.2247,0.70708,0.447196,-1.34159,-1.2247,0.999961,-1.33625,0.0,4
1.2247,0.70708,0.447196,-1.34159,-1.2247,0.999961,-1.33625,1.2247,0
1.2247,0.70708,0.447196,-1.34159,-1.2247,0.999961,0.267251,-1.2247,3
1.2247,0.70708,0.447196,-1.34159,-1.2247,0.999961,0.267251,0.0,4
1.2247,0.70708,0.447196,-1.34159,-1.2247,0.999961,0.267251,1.2247,0
1.2247,0.70708,0.447196,-1.34159,-1.2247,0.999961,1.069,-1.2247,4
1.2247,0.70708,0.447196,-1.34159,-1.2247,0.999961,1.069,0.0,4
1.2247,0.70708,0.447196,-1.34159,-1.2247,0.999961,1.069,1.2247,0
1.2247,0.70708,0.447196,-1.34159,0.0,-0.999961,-1.33625,-1.2247,3
1.2247,0.70708,0.447196,-1.34159,0.0,-0.999961,-1.33625,0.0,4
1.2247,0.70708,0.447196,-1.34159,0.0,-0.999961,-1.33625,1.2247,0
1.2247,0.70708,0.447196,-1.34159,0.0,-0.999961,0.267251,-1.2247,3
1.2247,0.70708,0.447196,-1.34159,0.0,-0.999961,0.267251,0.0,4
1.2247,0.70708,0.447196,-1.34159,0.0,-0.999961,0.267251,1.2247,0
1.2247,0.70708,0.447196,-1.34159,0.0,-0.999961,1.069,-1.2247,4
1.2247,0.70708,0.447196,-1.34159,0.0,-0.999961,1.069,0.0,4
1.2247,0.70708,0.447196,-1.34159,0.0,-0.999961,1.069,1.2247,0
1.2247,0.70708,0.447196,-1.34159,0.0,0.999961,-1.33625,-1.2247,3
1.2247,0.70708,0.447196,-1.34159,0.0,0.999961,-1.33625,0.0,4
1.2247,0.70708,0.447196,-1.34159,0.0,0.999961,-1.33625,1.2247,0
1.2247,0.70708,0.447196,-1.34159,0.0,0.999961,0.267251,-1.2247,3
1.2247,0.70708,0.447196,-1.34159,0.0,0.999961,0.267251,0.0,4
1.2247,0.70708,0.447196,-1.34159,0.0,0.999961,0.267251,1.2247,0
1.2247,0.70708,0.447196,-1.34159,0.0,0.999961,1.069,-1.2247,4
1.2247,0.70708,0.447196,-1.34159,0.0,0.999961,1.069,0.0,4
1.2247,0.70708,0.447196,-1.34159,0.0,0.999961,1.069,1.2247,0
1.2247,0.70708,0.447196,-1.34159,1.2247,-0.999961,-1.33625,-1.2247,4
1.2247,0.70708,0.447196,-1.34159,1.2247,-0.999961,-1.33625,0.0,4
1.2247,0.70708,0.447196,-1.34159,1.2247,-0.999961,-1.33625,1.2247,0
1.2247,0.70708,0.447196,-1.34159,1.2247,-0.999961,0.267251,-1.2247,4
1.2247,0.70708,0.447196,-1.34159,1.2247,-0.999961,0.267251,0.0,4
1.2247,0.70708,0.447196,-1.34159,1.2247,-0.999961,0.267251,1.2247,0
1.2247,0.70708,0.447196,-1.34159,1.2247,-0.999961,1.069,-1.2247,4
1.2247,0.70708,0.447196,-1.34159,1.2247,-0.999961,1.069,0.0,4
1.2247,0.70708,0.447196,-1.34159,1.2247,-0.999961,1.069,1.2247,0
1.2247,0.70708,0.447196,-1.34159,1.2247,0.999961,-1.33625,-1.2247,4
1.2247,0.70708,0.447196,-1.34159,1.2247,0.999961,-1.33625,0.0,4
1.2247,0.70708,0.447196,-1.34159,1.2247,0.999961,-1.33625,1.2247,0
1.2247,0.70708,0.447196,-1.34159,1.2247,0.999961,0.267251,-1.2247,4
1.2247,0.70708,0.447196,-1.34159,1.2247,0.999961,0.267251,0.0,4
1.2247,0.70708,0.447196,-1.34159,1.2247,0.999961,0.267251,1.2247,0
1.2247,0.70708,0.447196,-1.34159,1.2247,0.999961,1.069,-1.2247,4
1.2247,0.70708,0.447196,-1.34159,1.2247,0.999961,1.069,0.0,4
1.2247,0.70708,0.447196,-1.34159,1.2247,0.999961,1.069,1.2247,0
1.2247,0.70708,0.447196,-0.447196,-1.2247,-0.999961,-1.33625,-1.2247,3
1.2247,0.70708,0.447196,-0.447196,-1.2247,-0.999961,-1.33625,0.0,4
1.2247,0.70708,0.447196,-0.447196,-1.2247,-0.999961,-1.33625,1.2247,0
1.2247,0.70708,0.447196,-0.447196,-1.2247,-0.999961,0.267251,-1.2247,3
1.2247,0.70708,0.447196,-0.447196,-1.2247,-0.999961,0.267251,0.0,4
1.2247,0.70708,0.447196,-0.447196,-1.2247,-0.999961,0.267251,1.2247,0
1.2247,0.70708,0.447196,-0.447196,-1.2247,-0.999961,1.069,-1.2247,4
1.2247,0.70708,0.447196,-0.447196,-1.2247,-0.999961,1.069,0.0,4
1.2247,0.70708,0.447196,-0.447196,-1.2247,-0.999961,1.069,1.2247,0
1.2247,0.70708,0.447196,-0.447196,-1.2247,0.999961,-1.33625,-1.2247,4
1.2247,0.70708,0.447196,-0.447196,-1.2247,0.999961,-1.33625,0.0,4
1.2247,0.70708,0.447196,-0.447196,-1.2247,0.999961,-1.33625,1.2247,0
1.2247,0.70708,0.447196,-0.447196,-1.2247,0.999961,0.267251,-1.2247,4
1.2247,0.70708,0.447196,-0.447196,-1.2247,0.999961,0.267251,0.0,4
1.2247,0.70708,0.447196,-0.447196,-1.2247,0.999961,0.267251,1.2247,0
1.2247,0.70708,0.447196,-0.447196,-1.2247,0.999961,1.069,-1.2247,4
1.2247,0.70708,0.447196,-0.447196,-1.2247,0.999961,1.069,0.0,4
1.2247,0.70708,0.447196,-0.447196,-1.2247,0.999961,1.069,1.2247,0
1.2247,0.70708,0.447196,-0.447196,0.0,-0.999961,-1.33625,-1.2247,4
1.2247,0.70708,0.447196,-0.447196,0.0,-0.999961,-1.33625,0.0,4
1.2247,0.70708,0.447196,-0.447196,0.0,-0.999961,-1.33625,1.2247,0
1.2247,0.70708,0.447196,-0.447196,0.0,-0.999961,0.267251,-1.2247,4
1.2247,0.70708,0.447196,-0.447196,0.0,-0.999961,0.267251,0.0,4
1.2247,0.70708,0.447196,-0.447196,0.0,-0.999961,0.267251,1.2247,0
1.2247,0.70708,0.447196,-0.447196,0.0,-0.999961,1.069,-1.2247,4
1.2247,0.70708,0.447196,-0.447196,0.0,-0.999961,1.069,0.0,4
1.2247,0.70708,0.447196,-0.447196,0.0,-0.999961,1.069,1.2247,0
1.2247,0.70708,0.447196,-0.447196,0.0,0.999961,-1.33625,-1.2247,4
1.2247,0.70708,0.447196,-0.447196,0.0,0.999961,-1.33625,0.0,4
1.2247,0.70708,0.447196,-0.447196,0.0,0.999961,-1.33625,1.2247,0
1.2247,0.70708,0.447196,-0.447196,0.0,0.999961,0.267251,-1.2247,4
1.2247,0.70708,0.447196,-0.447196,0.0,0.999961,0.267251,0.0,4
1.2247,0.70708,0.447196,-0.447196,0.0,0.999961,0.267251,1.2247,0
1.2247,0.70708,0.447196,-0.447196,0.0,0.999961,1.069,-1.2247,4
1.2247,0.70708,0.447196,-0.447196,0.0,0.999961,1.069,0.0,4
1.2247,0.70708,0.447196,-0.447196,0.0,0.999961,1.069,1.2247,0
1.2247,0.70708,0.447196,-0.447196,1.2247,-0.999961,-1.33625,-1.2247,4
1.2247,0.70708,0.447196,-0.447196,1.2247,-0.999961,-1.33625,0.0,4
1.2247,0.70708,0.447196,-0.447196,1.2247,-0.999961,-1.33625,1.2247,0
1.2247,0.70708,0.447196,-0.447196,1.2247,-0.999961,0.267251,-1.2247,4
1.2247,0.70708,0.447196,-0.447196,1.2247,-0.999961,0.267251,0.0,4
1.2247,0.70708,0.447196,-0.447196,1.2247,-0.999961,0.267251,1.2247,0
1.2247,0.70708,0.447196,-0.447196,1.2247,-0.999961,1.069,-1.2247,4
1.2247,0.70708,0.447196,-0.447196,1.2247,-0.999961,1.069,0.0,4
1.2247,0.70708,0.447196,-0.447196,1.2247,-0.999961,1.069,1.2247,0
1.2247,0.70708,0.447196,-0.447196,1.2247,0.999961,-1.33625,-1.2247,4
1.2247,0.70708,0.447196,-0.447196,1.2247,0.999961,-1.33625,0.0,4
1.2247,0.70708,0.447196,-0.447196,1.2247,0.999961,-1.33625,1.2247,0
1.2247,0.70708,0.447196,-0.447196,1.2247,0.999961,0.267251,-1.2247,4
1.2247,0.70708,0.447196,-0.447196,1.2247,0.999961,0.267251,0.0,4
1.2247,0.70708,0.447196,-0.447196,1.2247,0.999961,0.267251,1.2247,0
1.2247,0.70708,0.447196,-0.447196,1.2247,0.999961,1.069,-1.2247,4
1.2247,0.70708,0.447196,-0.447196,1.2247,0.999961,1.069,0.0,4
1.2247,0.70708,0.447196,-0.447196,1.2247,0.999961,1.069,1.2247,0
1.2247,0.70708,0.447196,0.447196,-1.2247,-0.999961,-1.33625,-1.2247,3
1.2247,0.70708,0.447196,0.447196,-1.2247,-0.999961,-1.33625,0.0,4
1.2247,0.70708,0.447196,0.447196,-1.2247,-0.999961,-1.33625,1.2247,0
1.2247,0.70708,0.447196,0.447196,-1.2247,-0.999961,0.267251,-1.2247,3
1.2247,0.70708,0.447196,0.447196,-1.2247,-0.999961,0.267251,0.0,4
1.2247,0.70708,0.447196,0.447196,-1.2247,-0.999961,0.267251,1.2247,0
1.2247,0.70708,0.447196,0.447196,-1.2247,-0.999961,1.069,-1.2247,4
1.2247,0.70708,0.447196,0.447196,-1.2247,-0.999961,1.069,0.0,4
1.2247,0.70708,0.447196,0.447196,-1.2247,-0.999961,1.069,1.2247,0
1.2247,0.70708,0.447196,0.447196,-1.2247,0.999961,-1.33625,-1.2247,4
1.2247,0.70708,0.447196,0.447196,-1.2247,0.999961,-1.33625,0.0,4
1.2247,0.70708,0.447196,0.447196,-1.2247,0.999961,-1.33625,1.2247,0
1.2247,0.70708,0.447196,0.447196,-1.2247,0.999961,0.267251,-1.2247,4
1.2247,0.70708,0.447196,0.447196,-1.2247,0.999961,0.267251,0.0,4
1.2247,0.70708,0.447196,0.447196,-1.2247,0.999961,0.267251,1.2247,0
1.2247,0.70708,0.447196,0.447196,-1.2247,0.999961,1.069,-1.2247,4
1.2247,0.70708,0.447196,0.447196,-1.2247,0.999961,1.069,0.0,4
1.2247,0.70708,0.447196,0.447196,-1.2247,0.999961,1.069,1.2247,0
1.2247,0.70708,0.447196,0.447196,0.0,-0.999961,-1.33625,-1.2247,4
1.2247,0.70708,0.447196,0.447196,0.0,-0.999961,-1.33625,0.0,4
1.2247,0.70708,0.447196,0.447196,0.0,-0.999961,-1.33625,1.2247,0
1.2247,0.70708,0.447196,0.447196,0.0,-0.999961,0.267251,-1.2247,4
1.2247,0.70708,0.447196,0.447196,0.0,-0.999961,0.267251,0.0,4
1.2247,0.70708,0.447196,0.447196,0.0,-0.999961,0.267251,1.2247,0
1.2247,0.70708,0.447196,0.447196,0.0,-0.999961,1.069,-1.2247,4
1.2247,0.70708,0.447196,0.447196,0.0,-0.999961,1.069,0.0,4
1.2247,0.70708,0.447196,0.447196,0.0,-0.999961,1.069,1.2247,0
1.2247,0.70708,0.447196,0.447196,0.0,0.999961,-1.33625,-1.2247,4
1.2247,0.70708,0.447196,0.447196,0.0,0.999961,-1.33625,0.0,4
1.2247,0.70708,0.447196,0.447196,0.0,0.999961,-1.33625,1.2247,0
1.2247,0.70708,0.447196,0.447196,0.0,0.999961,0.267251,-1.2247,4
1.2247,0.70708,0.447196,0.447196,0.0,0.999961,0.267251,0.0,4
1.2247,0.70708,0.447196,0.447196,0.0,0.999961,0.267251,1.2247,0
1.2247,0.70708,0.447196,0.447196,0.0,0.999961,1.069,-1.2247,4
1.2247,0.70708,0.447196,0.447196,0.0,0.999961,1.069,0.0,4
1.2247,0.70708,0.447196,0.447196,0.0,0.999961,1.069,1.2247,0
1.2247,0.70708,0.447196,0.447196,1.2247,-0.999961,-1.33625,-1.2247,4
1.2247,0.70708,0.447196,0.447196,1.2247,-0.999961,-1.33625,0.0,4
1.2247,0.70708,0.447196,0.447196,1.2247,-0.999961,-1.33625,1.2247,0
1.2247,0.70708,0.447196,0.447196,1.2247,-0.999961,0.267251,-1.2247,4
1.2247,0.70708,0.447196,0.447196,1.2247,-0.999961,0.267251,0.0,4
1.2247,0.70708,0.447196,0.447196,1.2247,-0.999961,0.267251,1.2247,0
1.2247,0.70708,0.447196,0.447196,1.2247,-0.999961,1.069,-1.2247,4
1.2247,0.70708,0.447196,0.447196,1.2247,-0.999961,1.069,0.0,4
1.2247,0.70708,0.447196,0.447196,1.2247,-0.999961,1.069,1.2247,0
1.2247,0.70708,0.447196,0.447196,1.2247,0.999961,-1.33625,-1.2247,4
1.2247,0.70708,0.447196,0.447196,1.2247,0.999961,-1.33625,0.0,4
1.2247,0.70708,0.447196,0.447196,1.2247,0.999961,-1.33625,1.2247,0
1.2247,0.70708,0.447196,0.447196,1.2247,0.999961,0.267251,-1.2247,4
1.2247,0.70708,0.447196,0.447196,1.2247,0.999961,0.267251,0.0,4
1.2247,0.70708,0.447196,0.447196,1.2247,0.999961,0.267251,1.2247,0
1.2247,0.70708,0.447196,0.447196,1.2247,0.999961,1.069,-1.2247,4
1.2247,0.70708,0.447196,0.447196,1.2247,0.999961,1.069,0.0,4
1.2247,0.70708,0.447196,0.447196,1.2247,0.999961,1.069,1.2247,0
1.2247,0.70708,0.447196,1.34159,-1.2247,-0.999961,-1.33625,-1.2247,3
1.2247,0.70708,0.447196,1.34159,-1.2247,-0.999961,-1.33625,0.0,4
1.2247,0.70708,0.447196,1.34159,-1.2247,-0.999961,-1.33625,1.2247,0
1.2247,0.70708,0.447196,1.34159,-1.2247,-0.999961,0.267251,-1.2247,3
1.2247,0.70708,0.447196,1.34159,-1.2247,-0.999961,0.267251,0.0,4
1.2247,0.70708,0.447196,1.34159,-1.2247,-0.999961,0.267251,1.2247,0
1.2247,0.70708,0.447196,1.34159,-1.2247,-0.999961,1.069,-1.2247,4
1.2247,0.70708,0.447196,1.34159,-1.2247,-0.999961,1.069,0.0,4
1.2247,0.70708,0.447196,1.34159,-1.2247,-0.999961,1.069,1.2247,0
1.2247,0.70708,0.447196,1.34159,-1.2247,0.999961,-1.33625,-1.2247,4
1.2247,0.70708,0.447196,1.34159,-1.2247,0.999961,-1.33625,0.0,4
1.2247,0.70708,0.447196,1.34159,-1.2247,0.999961,-1.33625,1.2247,0
1.2247,0.70708,0.447196,1.34159,-1.2247,0.999961,0.267251,-1.2247,4
1.2247,0.70708,0.447196,1.34159,-1.2247,0.999961,0.267251,0.0,4
1.2247,0.70708,0.447196,1.34159,-1.2247,0.999961,0.267251,1.2247,0
1.2247,0.70708,0.447196,1.34159,-1.2247,0.999961,1.069,-1.2247,4
1.2247,0.70708,0.447196,1.34159,-1.2247,0.999961,1.069,0.0,4
1.2247,0.70708,0.447196,1.34159,-1.2247,0.999961,1.069,1.2247,0
1.2247,0.70708,0.447196,1.34159,0.0,-0.999961,-1.33625,-1.2247,4
1.2247,0.70708,0.447196,1.34159,0.0,-0.999961,-1.33625,0.0,4
1.2247,0.70708,0.447196,1.34159,0.0,-0.999961,-1.33625,1.2247,0
1.2247,0.70708,0.447196,1.34159,0.0,-0.999961,0.267251,-1.2247,4
1.2247,0.70708,0.447196,1.34159,0.0,-0.999961,0.267251,0.0,4
1.2247,0.70708,0.447196,1.34159,0.0,-0.999961,0.267251,1.2247,0
1.2247,0.70708,0.447196,1.34159,0.0,-0.999961,1.069,-1.2247,4
1.2247,0.70708,0.447196,1.34159,0.0,-0.999961,1.069,0.0,4
1.2247,0.70708,0.447196,1.34159,0.0,-0.999961,1.069,1.2247,0
1.2247,0.70708,0.447196,1.34159,0.0,0.999961,-1.33625,-1.2247,4
1.2247,0.70708,0.447196,1.34159,0.0,0.999961,-1.33625,0.0,4
1.2247,0.70708,0.447196,1.34159,0.0,0.999961,-1.33625,1.2247,0
1.2247,0.70708,0.447196,1.34159,0.0,0.999961,0.267251,-1.2247,4
1.2247,0.70708,0.447196,1.34159,0.0,0.999961,0.267251,0.0,4
1.2247,0.70708,0.447196,1.34159,0.0,0.999961,0.267251,1.2247,0
1.2247,0.70708,0.447196,1.34159,0.0,0.999961,1.069,-1.2247,4
1.2247,0.70708,0.447196,1.34159,0.0,0.999961,1.069,0.0,4
1.2247,0.70708,0.447196,1.34159,0.0,0.999961,1.069,1.2247,0
1.2247,0.70708,0.447196,1.34159,1.2247,-0.999961,-1.33625,-1.2247,4
1.2247,0.70708,0.447196,1.34159,1.2247,-0.999961,-1.33625,0.0,4
1.2247,0.70708,0.447196,1.34159,1.2247,-0.999961,-1.33625,1.2247,0
1.2247,0.70708,0.447196,1.34159,1.2247,-0.999961,0.267251,-1.2247,4
1.2247,0.70708,0.447196,1.34159,1.2247,-0.999961,0.267251,0.0,4
1.2247,0.70708,0.447196,1.34159,1.2247,-0.999961,0.267251,1.2247,0
1.2247,0.70708,0.447196,1.34159,1.2247,-0.999961,1.069,-1.2247,4
1.2247,0.70708,0.447196,1.34159,1.2247,-0.999961,1.069,0.0,4
1.2247,0.70708,0.447196,1.34159,1.2247,-0.999961,1.069,1.2247,0
1.2247,0.70708,0.447196,1.34159,1.2247,0.999961,-1.33625,-1.2247,4
1.2247,0.70708,0.447196,1.34159,1.2247,0.999961,-1.33625,0.0,4
1.2247,0.70708,0.447196,1.34159,1.2247,0.999961,-1.33625,1.2247,0
1.2247,0.70708,0.447196,1.34159,1.2247,0.999961,0.267251,-1.2247,4
1.2247,0.70708,0.447196,1.34159,1.2247,0.999961,0.267251,0.0,4
1.2247,0.70708,0.447196,1.34159,1.2247,0.999961,0.267251,1.2247,0
1.2247,0.70708,0.447196,1.34159,1.2247,0.999961,1.069,-1.2247,4
1.2247,0.70708,0.447196,1.34159,1.2247,0.999961,1.069,0.0,4
1.2247,0.70708,0.447196,1.34159,1.2247,0.999961,1.069,1.2247,0
1.2247,0.70708,1.34159,-1.34159,-1.2247,-0.999961,-1.33625,-1.2247,3
1.2247,0.70708,1.34159,-1.34159,-1.2247,-0.999961,-1.33625,0.0,4
1.2247,0.70708,1.34159,-1.34159,-1.2247,-0.999961,-1.33625,1.2247,0
1.2247,0.70708,1.34159,-1.34159,-1.2247,-0.999961,0.267251,-1.2247,3
1.2247,0.70708,1.34159,-1.34159,-1.2247,-0.999961,0.267251,0.0,4
1.2247,0.70708,1.34159,-1.34159,-1.2247,-0.999961,0.267251,1.2247,0
1.2247,0.70708,1.34159,-1.34159,-1.2247,-0.999961,1.069,-1.2247,4
1.2247,0.70708,1.34159,-1.34159,-1.2247,-0.999961,1.069,0.0,4
1.2247,0.70708,1.34159,-1.34159,-1.2247,-0.999961,1.069,1.2247,0
1.2247,0.70708,1.34159,-1.34159,-1.2247,0.999961,-1.33625,-1.2247,4
1.2247,0.70708,1.34159,-1.34159,-1.2247,0.999961,-1.33625,0.0,4
1.2247,0.70708,1.34159,-1.34159,-1.2247,0.999961,-1.33625,1.2247,0
1.2247,0.70708,1.34159,-1.34159,-1.2247,0.999961,0.267251,-1.2247,4
1.2247,0.70708,1.34159,-1.34159,-1.2247,0.999961,0.267251,0.0,4
1.2247,0.70708,1.34159,-1.34159,-1.2247,0.999961,0.267251,1.2247,0
1.2247,0.70708,1.34159,-1.34159,-1.2247,0.999961,1.069,-1.2247,4
1.2247,0.70708,1.34159,-1.34159,-1.2247,0.999961,1.069,0.0,4
1.2247,0.70708,1.34159,-1.34159,-1.2247,0.999961,1.069,1.2247,0
1.2247,0.70708,1.34159,-1.34159,0.0,-0.999961,-1.33625,-1.2247,4
1.2247,0.70708,1.34159,-1.34159,0.0,-0.999961,-1.33625,0.0,4
1.2247,0.70708,1.34159,-1.34159,0.0,-0.999961,-1.33625,1.2247,0
1.2247,0.70708,1.34159,-1.34159,0.0,-0.999961,0.267251,-1.2247,4
1.2247,0.70708,1.34159,-1.34159,0.0,-0.999961,0.267251,0.0,4
1.2247,0.70708,1.34159,-1.34159,0.0,-0.999961,0.267251,1.2247,0
1.2247,0.70708,1.34159,-1.34159,0.0,-0.999961,1.069,-1.2247,4
1.2247,0.70708,1.34159,-1.34159,0.0,-0.999961,1.069,0.0,4
1.2247,0.70708,1.34159,-1.34159,0.0,-0.999961,1.069,1.2247,0
1.2247,0.70708,1.34159,-1.34159,0.0,0.999961,-1.33625,-1.2247,4
1.2247,0.70708,1.34159,-1.34159,0.0,0.999961,-1.33625,0.0,4
1.2247,0.70708,1.34159,-1.34159,0.0,0.999961,-1.33625,1.2247,0
1.2247,0.70708,1.34159,-1.34159,0.0,0.999961,0.267251,-1.2247,4
1.2247,0.70708,1.34159,-1.34159,0.0,0.999961,0.267251,0.0,4
1.2247,0.70708,1.34159,-1.34159,0.0,0.999961,0.267251,1.2247,0
1.2247,0.70708,1.34159,-1.34159,0.0,0.999961,1.069,-1.2247,4
1.2247,0.70708,1.34159,-1.34159,0.0,0.999961,1.069,0.0,4
1.2247,0.70708,1.34159,-1.34159,0.0,0.999961,1.069,1.2247,0
1.2247,0.70708,1.34159,-1.34159,1.2247,-0.999961,-1.33625,-1.2247,4
1.2247,0.70708,1.34159,-1.34159,1.2247,-0.999961,-1.33625,0.0,4
1.2247,0.70708,1.34159,-1.34159,1.2247,-0.999961,-1.33625,1.2247,0
1.2247,0.70708,1.34159,-1.34159,1.2247,-0.999961,0.267251,-1.2247,4
1.2247,0.70708,1.34159,-1.34159,1.2247,-0.999961,0.267251,0.0,4
1.2247,0.70708,1.34159,-1.34159,1.2247,-0.999961,0.267251,1.2247,0
1.2247,0.70708,1.34159,-1.34159,1.2247,-0.999961,1.069,-1.2247,4
1.2247,0.70708,1.34159,-1.34159,1.2247,-0.999961,1.069,0.0,4
1.2247,0.70708,1.34159,-1.34159,1.2247,-0.999961,1.069,1.2247,0
1.2247,0.70708,1.34159,-1.34159,1.2247,0.999961,-1.33625,-1.2247,4
1.2247,0.70708,1.34159,-1.34159,1.2247,0.999961,-1.33625,0.0,4
1.2247,0.70708,1.34159,-1.34159,1.2247,0.999961,-1.33625,1.2247,0
1.2247,0.70708,1.34159,-1.34159,1.2247,0.999961,0.267251,-1.2247,4
1.2247,0.70708,1.34159,-1.34159,1.2247,0.999961,0.267251,0.0,4
1.2247,0.70708,1.34159,-1.34159,1.2247,0.999961,0.267251,1.2247,0
1.2247,0.70708,1.34159,-1.34159,1.2247,0.999961,1.069,-1.2247,4
1.2247,0.70708,1.34159,-1.34159,1.2247,0.999961,1.069,0.0,4
1.2247,0.70708,1.34159,-1.34159,1.2247,0.999961,1.069,1.2247,0
1.2247,0.70708,1.34159,-0.447196,-1.2247,-0.999961,-1.33625,-1.2247,3
1.2247,0.70708,1.34159,-0.447196,-1.2247,-0.999961,-1.33625,0.0,4
1.2247,0.70708,1.34159,-0.447196,-1.2247,-0.999961,-1.33625,1.2247,0
1.2247,0.70708,1.34159,-0.447196,-1.2247,-0.999961,0.267251,-1.2247,3
1.2247,0.70708,1.34159,-0.447196,-1.2247,-0.999961,0.267251,0.0,4
1.2247,0.70708,1.34159,-0.447196,-1.2247,-0.999961,0.267251,1.2247,0
1.2247,0.70708,1.34159,-0.447196,-1.2247,-0.999961,1.069,-1.2247,4
1.2247,0.70708,1.34159,-0.447196,-1.2247,-0.999961,1.069,0.0,4
1.2247,0.70708,1.34159,-0.447196,-1.2247,-0.999961,1.069,1.2247,0
1.2247,0.70708,1.34159,-0.447196,-1.2247,0.999961,-1.33625,-1.2247,4
1.2247,0.70708,1.34159,-0.447196,-1.2247,0.999961,-1.33625,0.0,4
1.2247,0.70708,1.34159,-0.447196,-1.2247,0.999961,-1.33625,1.2247,0
1.2247,0.70708,1.34159,-0.447196,-1.2247,0.999961,0.267251,-1.2247,4
1.2247,0.70708,1.34159,-0.447196,-1.2247,0.999961,0.267251,0.0,4
1.2247,0.70708,1.34159,-0.447196,-1.2247,0.999961,0.267251,1.2247,0
1.2247,0.70708,1.34159,-0.447196,-1.2247,0.999961,1.069,-1.2247,4
1.2247,0.70708,1.34159,-0.447196,-1.2247,0.999961,1.069,0.0,4
1.2247,0.70708,1.34159,-0.447196,-1.2247,0.999961,1.069,1.2247,0
1.2247,0.70708,1.34159,-0.447196,0.0,-0.999961,-1.33625,-1.2247,4
1.2247,0.70708,1.34159,-0.447196,0.0,-0.999961,-1.33625,0.0,4
1.2247,0.70708,1.34159,-0.447196,0.0,-0.999961,-1.33625,1.2247,0
1.2247,0.70708,1.34159,-0.447196,0.0,-0.999961,0.267251,-1.2247,4
1.2247,0.70708,1.34159,-0.447196,0.0,-0.999961,0.267251,0.0,4
1.2247,0.70708,1.34159,-0.447196,0.0,-0.999961,0.267251,1.2247,0
1.2247,0.70708,1.34159,-0.447196,0.0,-0.999961,1.069,-1.2247,4
1.2247,0.70708,1.34159,-0.447196,0.0,-0.999961,1.069,0.0,4
1.2247,0.70708,1.34159,-0.447196,0.0,-0.999961,1.069,1.2247,0
1.2247,0.70708,1.34159,-0.447196,0.0,0.999961,-1.33625,-1.2247,4
1.2247,0.70708,1.34159,-0.447196,0.0,0.999961,-1.33625,0.0,4
1.2247,0.70708,1.34159,-0.447196,0.0,0.999961,-1.33625,1.2247,0
1.2247,0.70708,1.34159,-0.447196,0.0,0.999961,0.267251,-1.2247,4
1.2247,0.70708,1.34159,-0.447196,0.0,0.999961,0.267251,0.0,4
1.2247,0.70708,1.34159,-0.447196,0.0,0.999961,0.267251,1.2247,0
1.2247,0.70708,1.34159,-0.447196,0.0,0.999961,1.069,-1.2247,4
1.2247,0.70708,1.34159,-0.447196,0.0,0.999961,1.069,0.0,4
1.2247,0.70708,1.34159,-0.447196,0.0,0.999961,1.069,1.2247,0
1.2247,0.70708,1.34159,-0.447196,1.2247,-0.999961,-1.33625,-1.2247,4
1.2247,0.70708,1.34159,-0.447196,1.2247,-0.999961,-1.33625,0.0,4
1.2247,0.70708,1.34159,-0.447196,1.2247,-0.999961,-1.33625,1.2247,0
1.2247,0.70708,1.34159,-0.447196,1.2247,-0.999961,0.267251,-1.2247,4
1.2247,0.70708,1.34159,-0.447196,1.2247,-0.999961,0.267251,0.0,4
1.2247,0.70708,1.34159,-0.447196,1.2247,-0.999961,0.267251,1.2247,0
1.2247,0.70708,1.34159,-0.447196,1.2247,-0.999961,1.069,-1.2247,4
1.2247,0.70708,1.34159,-0.447196,1.2247,-0.999961,1.069,0.0,4
1.2247,0.70708,1.34159,-0.447196,1.2247,-0.999961,1.069,1.2247,0
1.2247,0.70708,1.34159,-0.447196,1.2247,0.999961,-1.33625,-1.2247,4
1.2247,0.70708,1.34159,-0.447196,1.2247,0.999961,-1.33625,0.0,4
1.2247,0.70708,1.34159,-0.447196,1.2247,0.999961,-1.33625,1.2247,0
1.2247,0.70708,1.34159,-0.447196,1.2247,0.999961,0.267251,-1.2247,4
1.2247,0.70708,1.34159,-0.447196,1.2247,0.999961,0.267251,0.0,4
1.2247,0.70708,1.34159,-0.447196,1.2247,0.999961,0.267251,1.2247,0
1.2247,0.70708,1.34159,-0.447196,1.2247,0.999961,1.069,-1.2247,4
1.2247,0.70708,1.34159,-0.447196,1.2247,0.999961,1.069,0.0,4
1.2247,0.70708,1.34159,-0.447196,1.2247,0.999961,1.069,1.2247,0
1.2247,0.70708,1.34159,0.447196,-1.2247,-0.999961,-1.33625,-1.2247,3
1.2247,0.70708,1.34159,0.447196,-1.2247,-0.999961,-1.33625,0.0,4
1.2247,0.70708,1.34159,0.447196,-1.2247,-0.999961,-1.33625,1.2247,0
1.2247,0.70708,1.34159,0.447196,-1.2247,-0.999961,0.267251,-1.2247,3
1.2247,0.70708,1.34159,0.447196,-1.2247,-0.999961,0.267251,0.0,4
1.2247,0.70708,1.34159,0.447196,-1.2247,-0.999961,0.267251,1.2247,0
1.2247,0.70708,1.34159,0.447196,-1.2247,-0.999961,1.069,-1.2247,4
1.2247,0.70708,1.34159,0.447196,-1.2247,-0.999961,1.069,0.0,4
1.2247,0.70708,1.34159,0.447196,-1.2247,-0.999961,1.069,1.2247,0
1.2247,0.70708,1.34159,0.447196,-1.2247,0.999961,-1.33625,-1.2247,4
1.2247,0.70708,1.34159,0.447196,-1.2247,0.999961,-1.33625,0.0,4
1.2247,0.70708,1.34159,0.447196,-1.2247,0.999961,-1.33625,1.2247,0
1.2247,0.70708,1.34159,0.447196,-1.2247,0.999961,0.267251,-1.2247,4
1.2247,0.70708,1.34159,0.447196,-1.2247,0.999961,0.267251,0.0,4
1.2247,0.70708,1.34159,0.447196,-1.2247,0.999961,0.267251,1.2247,0
1.2247,0.70708,1.34159,0.447196,-1.2247,0.999961,1.069,-1.2247,4
1.2247,0.70708,1.34159,0.447196,-1.2247,0.999961,1.069,0.0,4
1.2247,0.70708,1.34159,0.447196,-1.2247,0.999961,1.069,1.2247,0
1.2247,0.70708,1.34159,0.447196,0.0,-0.999961,-1.33625,-1.2247,4
1.2247,0.70708,1.34159,0.447196,0.0,-0.999961,-1.33625,0.0,4
1.2247,0.70708,1.34159,0.447196,0.0,-0.999961,-1.33625,1.2247,0
1.2247,0.70708,1.34159,0.447196,0.0,-0.999961,0.267251,-1.2247,4
1.2247,0.70708,1.34159,0.447196,0.0,-0.999961,0.267251,0.0,4
1.2247,0.70708,1.34159,0.447196,0.0,-0.999961,0.267251,1.2247,0
1.2247,0.70708,1.34159,0.447196,0.0,-0.999961,1.069,-1.2247,4
1.2247,0.70708,1.34159,0.447196,0.0,-0.999961,1.069,0.0,4
1.2247,0.70708,1.34159,0.447196,0.0,-0.999961,1.069,1.2247,0
1.2247,0.70708,1.34159,0.447196,0.0,0.999961,-1.33625,-1.2247,4
1.2247,0.70708,1.34159,0.447196,0.0,0.999961,-1.33625,0.0,4
1.2247,0.70708,1.34159,0.447196,0.0,0.999961,-1.33625,1.2247,0
1.2247,0.70708,1.34159,0.447196,0.0,0.999961,0.267251,-1.2247,4
1.2247,0.70708,1.34159,0.447196,0.0,0.999961,0.267251,0.0,4
1.2247,0.70708,1.34159,0.447196,0.0,0.999961,0.267251,1.2247,0
1.2247,0.70708,1.34159,0.447196,0.0,0.999961,1.069,-1.2247,4
1.2247,0.70708,1.34159,0.447196,0.0,0.999961,1.069,0.0,4
1.2247,0.70708,1.34159,0.447196,0.0,0.999961,1.069,1.2247,0
1.2247,0.70708,1.34159,0.447196,1.2247,-0.999961,-1.33625,-1.2247,4
1.2247,0.70708,1.34159,0.447196,1.2247,-0.999961,-1.33625,0.0,4
1.2247,0.70708,1.34159,0.447196,1.2247,-0.999961,-1.33625,1.2247,0
1.2247,0.70708,1.34159,0.447196,1.2247,-0.999961,0.267251,-1.2247,4
1.2247,0.70708,1.34159,0.447196,1.2247,-0.999961,0.267251,0.0,4
1.2247,0.70708,1.34159,0.447196,1.2247,-0.999961,0.267251,1.2247,0
1.2247,0.70708,1.34159,0.447196,1.2247,-0.999961,1.069,-1.2247,4
1.2247,0.70708,1.34159,0.447196,1.2247,-0.999961,1.069,0.0,4
1.2247,0.70708,1.34159,0.447196,1.2247,-0.999961,1.069,1.2247,0
1.2247,0.70708,1.34159,0.447196,1.2247,0.999961,-1.33625,-1.2247,4
1.2247,0.70708,1.34159,0.447196,1.2247,0.999961,-1.33625,0.0,4
1.2247,0.70708,1.34159,0.447196,1.2247,0.999961,-1.33625,1.2247,0
1.2247,0.70708,1.34159,0.447196,1.2247,0.999961,0.267251,-1.2247,4
1.2247,0.70708,1.34159,0.447196,1.2247,0.999961,0.267251,0.0,4
1.2247,0.70708,1.34159,0.447196,1.2247,0.999961,0.267251,1.2247,0
1.2247,0.70708,1.34159,0.447196,1.2247,0.999961,1.069,-1.2247,4
1.2247,0.70708,1.34159,0.447196,1.2247,0.999961,1.069,0.0,4
1.2247,0.70708,1.34159,0.447196,1.2247,0.999961,1.069,1.2247,0
1.2247,0.70708,1.34159,1.34159,-1.2247,-0.999961,-1.33625,-1.2247,3
1.2247,0.70708,1.34159,1.34159,-1.2247,-0.999961,-1.33625,0.0,4
1.2247,0.70708,1.34159,1.34159,-1.2247,-0.999961,-1.33625,1.2247,0
1.2247,0.70708,1.34159,1.34159,-1.2247,-0.999961,0.267251,-1.2247,3
1.2247,0.70708,1.34159,1.34159,-1.2247,-0.999961,0.267251,0.0,4
1.2247,0.70708,1.34159,1.34159,-1.2247,-0.999961,0.267251,1.2247,0
1.2247,0.70708,1.34159,1.34159,-1.2247,-0.999961,1.069,-1.2247,4
1.2247,0.70708,1.34159,1.34159,-1.2247,-0.999961,1.069,0.0,4
1.2247,0.70708,1.34159,1.34159,-1.2247,-0.999961,1.069,1.2247,0
1.2247,0.70708,1.34159,1.34159,-1.2247,0.999961,-1.33625,-1.2247,4
1.2247,0.70708,1.34159,1.34159,-1.2247,0.999961,-1.33625,0.0,4
1.2247,0.70708,1.34159,1.34159,-1.2247,0.999961,-1.33625,1.2247,0
1.2247,0.70708,1.34159,1.34159,-1.2247,0.999961,0.267251,-1.2247,4
1.2247,0.70708,1.34159,1.34159,-1.2247,0.999961,0.267251,0.0,4
1.2247,0.70708,1.34159,1.34159,-1.2247,0.999961,0.267251,1.2247,0
1.2247,0.70708,1.34159,1.34159,-1.2247,0.999961,1.069,-1.2247,4
1.2247,0.70708,1.34159,1.34159,-1.2247,0.999961,1.069,0.0,4
1.2247,0.70708,1.34159,1.34159,-1.2247,0.999961,1.069,1.2247,0
1.2247,0.70708,1.34159,1.34159,0.0,-0.999961,-1.33625,-1.2247,4
1.2247,0.70708,1.34159,1.34159,0.0,-0.999961,-1.33625,0.0,4
1.2247,0.70708,1.34159,1.34159,0.0,-0.999961,-1.33625,1.2247,0
1.2247,0.70708,1.34159,1.34159,0.0,-0.999961,0.267251,-1.2247,4
1.2247,0.70708,1.34159,1.34159,0.0,-0.999961,0.267251,0.0,4
1.2247,0.70708,1.34159,1.34159,0.0,-0.999961,0.267251,1.2247,0
1.2247,0.70708,1.34159,1.34159,0.0,-0.999961,1.069,-1.2247,4
1.2247,0.70708,1.34159,1.34159,0.0,-0.999961,1.069,0.0,4
1.2247,0.70708,1.34159,1.34159,0.0,-0.999961,1.069,1.2247,0
1.2247,0.70708,1.34159,1.34159,0.0,0.999961,-1.33625,-1.2247,4
1.2247,0.70708,1.34159,1.34159,0.0,0.999961,-1.33625,0.0,4
1.2247,0.70708,1.34159,1.34159,0.0,0.999961,-1.33625,1.2247,0
1.2247,0.70708,1.34159,1.34159,0.0,0.999961,0.267251,-1.2247,4
1.2247,0.70708,1.34159,1.34159,0.0,0.999961,0.267251,0.0,4
1.2247,0.70708,1.34159,1.34159,0.0,0.999961,0.267251,1.2247,0
1.2247,0.70708,1.34159,1.34159,0.0,0.999961,1.069,-1.2247,4
1.2247,0.70708,1.34159,1.34159,0.0,0.999961,1.069,0.0,4
1.2247,0.70708,1.34159,1.34159,0.0,0.999961,1.069,1.2247,0
1.2247,0.70708,1.34159,1.34159,1.2247,-0.999961,-1.33625,-1.2247,4
1.2247,0.70708,1.34159,1.34159,1.2247,-0.999961,-1.33625,0.0,4
1.2247,0.70708,1.34159,1.34159,1.2247,-0.999961,-1.33625,1.2247,0
1.2247,0.70708,1.34159,1.34159,1.2247,-0.999961,0.267251,-1.2247,4
1.2247,0.70708,1.34159,1.34159,1.2247,-0.999961,0.267251,0.0,4
1.2247,0.70708,1.34159,1.34159,1.2247,-0.999961,0.267251,1.2247,0
1.2247,0.70708,1.34159,1.34159,1.2247,-0.999961,1.069,-1.2247,4
1.2247,0.70708,1.34159,1.34159,1.2247,-0.999961,1.069,0.0,4
1.2247,0.70708,1.34159,1.34159,1.2247,-0.999961,1.069,1.2247,0
1.2247,0.70708,1.34159,1.34159,1.2247,0.999961,-1.33625,-1.2247,4
1.2247,0.70708,1.34159,1.34159,1.2247,0.999961,-1.33625,0.0,4
1.2247,0.70708,1.34159,1.34159,1.2247,0.999961,-1.33625,1.2247,0
1.2247,0.70708,1.34159,1.34159,1.2247,0.999961,0.267251,-1.2247,4
1.2247,0.70708,1.34159,1.34159,1.2247,0.999961,0.267251,0.0,4
1.2247,0.70708,1.34159,1.34159,1.2247,0.999961,0.267251,1.2247,0
1.2247,0.70708,1.34159,1.34159,1.2247,0.999961,1.069,-1.2247,4
1.2247,0.70708,1.34159,1.34159,1.2247,0.999961,1.069,0.0,4
1.2247,0.70708,1.34159,1.34159,1.2247,0.999961,1.069,1.2247,0
1.2247,1.41416,-1.34159,-1.34159,-1.2247,-0.999961,-1.33625,-1.2247,3
1.2247,1.41416,-1.34159,-1.34159,-1.2247,-0.999961,-1.33625,0.0,3
1.2247,1.41416,-1.34159,-1.34159,-1.2247,-0.999961,-1.33625,1.2247,0
1.2247,1.41416,-1.34159,-1.34159,-1.2247,-0.999961,0.267251,-1.2247,3
1.2247,1.41416,-1.34159,-1.34159,-1.2247,-0.999961,0.267251,0.0,3
1.2247,1.41416,-1.34159,-1.34159,-1.2247,-0.999961,0.267251,1.2247,0
1.2247,1.41416,-1.34159,-1.34159,-1.2247,-0.999961,1.069,-1.2247,3
1.2247,1.41416,-1.34159,-1.34159,-1.2247,-0.999961,1.069,0.0,3
1.2247,1.41416,-1.34159,-1.34159,-1.2247,-0.999961,1.069,1.2247,0
1.2247,1.41416,-1.34159,-1.34159,-1.2247,0.999961,-1.33625,-1.2247,3
1.2247,1.41416,-1.34159,-1.34159,-1.2247,0.999961,-1.33625,0.0,4
1.2247,1.41416,-1.34159,-1.34159,-1.2247,0.999961,-1.33625,1.2247,0
1.2247,1.41416,-1.34159,-1.34159,-1.2247,0.999961,0.267251,-1.2247,3
1.2247,1.41416,-1.34159,-1.34159,-1.2247,0.999961,0.267251,0.0,4
1.2247,1.41416,-1.34159,-1.34159,-1.2247,0.999961,0.267251,1.2247,0
1.2247,1.41416,-1.34159,-1.34159,-1.2247,0.999961,1.069,-1.2247,4
1.2247,1.41416,-1.34159,-1.34159,-1.2247,0.999961,1.069,0.0,4
1.2247,1.41416,-1.34159,-1.34159,-1.2247,0.999961,1.069,1.2247,0
1.2247,1.41416,-1.34159,-1.34159,0.0,-0.999961,-1.33625,-1.2247,3
1.2247,1.41416,-1.34159,-1.34159,0.0,-0.999961,-1.33625,0.0,4
1.2247,1.41416,-1.34159,-1.34159,0.0,-0.999961,-1.33625,1.2247,0
1.2247,1.41416,-1.34159,-1.34159,0.0,-0.999961,0.267251,-1.2247,3
1.2247,1.41416,-1.34159,-1.34159,0.0,-0.999961,0.267251,0.0,4
1.2247,1.41416,-1.34159,-1.34159,0.0,-0.999961,0.267251,1.2247,0
1.2247,1.41416,-1.34159,-1.34159,0.0,-0.999961,1.069,-1.2247,4
1.2247,1.41416,-1.34159,-1.34159,0.0,-0.999961,1.069,0.0,4
1.2247,1.41416,-1.34159,-1.34159,0.0,-0.999961,1.069,1.2247,0
1.2247,1.41416,-1.34159,-1.34159,0.0,0.999961,-1.33625,-1.2247,3
1.2247,1.41416,-1.34159,-1.34159,0.0,0.999961,-1.33625,0.0,4
1.2247,1.41416,-1.34159,-1.34159,0.0,0.999961,-1.33625,1.2247,0
1.2247,1.41416,-1.34159,-1.34159,0.0,0.999961,0.267251,-1.2247,3
1.2247,1.41416,-1.34159,-1.34159,0.0,0.999961,0.267251,0.0,4
1.2247,1.41416,-1.34159,-1.34159,0.0,0.999961,0.267251,1.2247,0
1.2247,1.41416,-1.34159,-1.34159,0.0,0.999961,1.069,-1.2247,4
1.2247,1.41416,-1.34159,-1.34159,0.0,0.999961,1.069,0.0,4
1.2247,1.41416,-1.34159,-1.34159,0.0,0.999961,1.069,1.2247,0
1.2247,1.41416,-1.34159,-1.34159,1.2247,-0.999961,-1.33625,-1.2247,3
1.2247,1.41416,-1.34159,-1.34159,1.2247,-0.999961,-1.33625,0.0,4
1.2247,1.41416,-1.34159,-1.34159,1.2247,-0.999961,-1.33625,1.2247,0
1.2247,1.41416,-1.34159,-1.34159,1.2247,-0.999961,0.267251,-1.2247,3
1.2247,1.41416,-1.34159,-1.34159,1.2247,-0.999961,0.267251,0.0,4
1.2247,1.41416,-1.34159,-1.34159,1.2247,-0.999961,0.267251,1.2247,0
1.2247,1.41416,-1.34159,-1.34159,1.2247,-0.999961,1.069,-1.2247,4
1.2247,1.41416,-1.34159,-1.34159,1.2247,-0.999961,1.069,0.0,4
1.2247,1.41416,-1.34159,-1.34159,1.2247,-0.999961,1.069,1.2247,0
1.2247,1.41416,-1.34159,-1.34159,1.2247,0.999961,-1.33625,-1.2247,3
1.2247,1.41416,-1.34159,-1.34159,1.2247,0.999961,-1.33625,0.0,4
1.2247,1.41416,-1.34159,-1.34159,1.2247,0.999961,-1.33625,1.2247,0
1.2247,1.41416,-1.34159,-1.34159,1.2247,0.999961,0.267251,-1.2247,3
1.2247,1.41416,-1.34159,-1.34159,1.2247,0.999961,0.267251,0.0,4
1.2247,1.41416,-1.34159,-1.34159,1.2247,0.999961,0.267251,1.2247,0
1.2247,1.41416,-1.34159,-1.34159,1.2247,0.999961,1.069,-1.2247,4
1.2247,1.41416,-1.34159,-1.34159,1.2247,0.999961,1.069,0.0,4
1.2247,1.41416,-1.34159,-1.34159,1.2247,0.999961,1.069,1.2247,0
1.2247,1.41416,-1.34159,-0.447196,-1.2247,-0.999961,-1.33625,-1.2247,3
1.2247,1.41416,-1.34159,-0.447196,-1.2247,-0.999961,-1.33625,0.0,4
1.2247,1.41416,-1.34159,-0.447196,-1.2247,-0.999961,-1.33625,1.2247,0
1.2247,1.41416,-1.34159,-0.447196,-1.2247,-0.999961,0.267251,-1.2247,3
1.2247,1.41416,-1.34159,-0.447196,-1.2247,-0.999961,0.267251,0.0,4
1.2247,1.41416,-1.34159,-0.447196,-1.2247,-0.999961,0.267251,1.2247,0
1.2247,1.41416,-1.34159,-0.447196,-1.2247,-0.999961,1.069,-1.2247,4
1.2247,1.41416,-1.34159,-0.447196,-1.2247,-0.999961,1.069,0.0,4
1.2247,1.41416,-1.34159,-0.447196,-1.2247,-0.999961,1.069,1.2247,0
1.2247,1.41416,-1.34159,-0.447196,-1.2247,0.999961,-1.33625,-1.2247,3
1.2247,1.41416,-1.34159,-0.447196,-1.2247,0.999961,-1.33625,0.0,4
1.2247,1.41416,-1.34159,-0.447196,-1.2247,0.999961,-1.33625,1.2247,0
1.2247,1.41416,-1.34159,-0.447196,-1.2247,0.999961,0.267251,-1.2247,3
1.2247,1.41416,-1.34159,-0.447196,-1.2247,0.999961,0.267251,0.0,4
1.2247,1.41416,-1.34159,-0.447196,-1.2247,0.999961,0.267251,1.2247,0
1.2247,1.41416,-1.34159,-0.447196,-1.2247,0.999961,1.069,-1.2247,4
1.2247,1.41416,-1.34159,-0.447196,-1.2247,0.999961,1.069,0.0,4
1.2247,1.41416,-1.34159,-0.447196,-1.2247,0.999961,1.069,1.2247,0
1.2247,1.41416,-1.34159,-0.447196,0.0,-0.999961,-1.33625,-1.2247,3
1.2247,1.41416,-1.34159,-0.447196,0.0,-0.999961,-1.33625,0.0,4
1.2247,1.41416,-1.34159,-0.447196,0.0,-0.999961,-1.33625,1.2247,0
1.2247,1.41416,-1.34159,-0.447196,0.0,-0.999961,0.267251,-1.2247,3
1.2247,1.41416,-1.34159,-0.447196,0.0,-0.999961,0.267251,0.0,4
1.2247,1.41416,-1.34159,-0.447196,0.0,-0.999961,0.267251,1.2247,0
1.2247,1.41416,-1.34159,-0.447196,0.0,-0.999961,1.069,-1.2247,4
1.2247,1.41416,-1.34159,-0.447196,0.0,-0.999961,1.069,0.0,4
1.2247,1.41416,-1.34159,-0.447196,0.0,-0.999961,1.069,1.2247,0
1.2247,1.41416,-1.34159,-0.447196,0.0,0.999961,-1.33625,-1.2247,3
1.2247,1.41416,-1.34159,-0.447196,0.0,0.999961,-1.33625,0.0,4
1.2247,1.41416,-1.34159,-0.447196,0.0,0.999961,-1.33625,1.2247,0
1.2247,1.41416,-1.34159,-0.447196,0.0,0.999961,0.267251,-1.2247,3
1.2247,1.41416,-1.34159,-0.447196,0.0,0.999961,0.267251,0.0,4
1.2247,1.41416,-1.34159,-0.447196,0.0,0.999961,0.267251,1.2247,0
1.2247,1.41416,-1.34159,-0.447196,0.0,0.999961,1.069,-1.2247,4
1.2247,1.41416,-1.34159,-0.447196,0.0,0.999961,1.069,0.0,4
1.2247,1.41416,-1.34159,-0.447196,0.0,0.999961,1.069,1.2247,0
1.2247,1.41416,-1.34159,-0.447196,1.2247,-0.999961,-1.33625,-1.2247,4
1.2247,1.41416,-1.34159,-0.447196,1.2247,-0.999961,-1.33625,0.0,4
1.2247,1.41416,-1.34159,-0.447196,1.2247,-0.999961,-1.33625,1.2247,0
1.2247,1.41416,-1.34159,-0.447196,1.2247,-0.999961,0.267251,-1.2247,4
1.2247,1.41416,-1.34159,-0.447196,1.2247,-0.999961,0.267251,0.0,4
1.2247,1.41416,-1.34159,-0.447196,1.2247,-0.999961,0.267251,1.2247,0
1.2247,1.41416,-1.34159,-0.447196,1.2247,-0.999961,1.069,-1.2247,4
1.2247,1.41416,-1.34159,-0.447196,1.2247,-0.999961,1.069,0.0,4
1.2247,1.41416,-1.34159,-0.447196,1.2247,-0.999961,1.069,1.2247,0
1.2247,1.41416,-1.34159,-0.447196,1.2247,0.999961,-1.33625,-1.2247,4
1.2247,1.41416,-1.34159,-0.447196,1.2247,0.999961,-1.33625,0.0,4
1.2247,1.41416,-1.34159,-0.447196,1.2247,0.999961,-1.33625,1.2247,0
1.2247,1.41416,-1.34159,-0.447196,1.2247,0.999961,0.267251,-1.2247,4
1.2247,1.41416,-1.34159,-0.447196,1.2247,0.999961,0.267251,0.0,4
1.2247,1.41416,-1.34159,-0.447196,1.2247,0.999961,0.267251,1.2247,0
1.2247,1.41416,-1.34159,-0.447196,1.2247,0.999961,1.069,-1.2247,4
1.2247,1.41416,-1.34159,-0.447196,1.2247,0.999961,1.069,0.0,4
1.2247,1.41416,-1.34159,-0.447196,1.2247,0.999961,1.069,1.2247,0
1.2247,1.41416,-1.34159,0.447196,-1.2247,-0.999961,-1.33625,-1.2247,3
1.2247,1.41416,-1.34159,0.447196,-1.2247,-0.999961,-1.33625,0.0,4
1.2247,1.41416,-1.34159,0.447196,-1.2247,-0.999961,-1.33625,1.2247,0
1.2247,1.41416,-1.34159,0.447196,-1.2247,-0.999961,0.267251,-1.2247,3
1.2247,1.41416,-1.34159,0.447196,-1.2247,-0.999961,0.267251,0.0,4
1.2247,1.41416,-1.34159,0.447196,-1.2247,-0.999961,0.267251,1.2247,0
1.2247,1.41416,-1.34159,0.447196,-1.2247,-0.999961,1.069,-1.2247,4
1.2247,1.41416,-1.34159,0.447196,-1.2247,-0.999961,1.069,0.0,4
1.2247,1.41416,-1.34159,0.447196,-1.2247,-0.999961,1.069,1.2247,0
1.2247,1.41416,-1.34159,0.447196,-1.2247,0.999961,-1.33625,-1.2247,4
1.2247,1.41416,-1.34159,0.447196,-1.2247,0.999961,-1.33625,0.0,4
1.2247,1.41416,-1.34159,0.447196,-1.2247,0.999961,-1.33625,1.2247,0
1.2247,1.41416,-1.34159,0.447196,-1.2247,0.999961,0.267251,-1.2247,4
1.2247,1.41416,-1.34159,0.447196,-1.2247,0.999961,0.267251,0.0,4
1.2247,1.41416,-1.34159,0.447196,-1.2247,0.999961,0.267251,1.2247,0
1.2247,1.41416,-1.34159,0.447196,-1.2247,0.999961,1.069,-1.2247,4
1.2247,1.41416,-1.34159,0.447196,-1.2247,0.999961,1.069,0.0,4
1.2247,1.41416,-1.34159,0.447196,-1.2247,0.999961,1.069,1.2247,0
1.2247,1.41416,-1.34159,0.447196,0.0,-0.999961,-1.33625,-1.2247,4
1.2247,1.41416,-1.34159,0.447196,0.0,-0.999961,-1.33625,0.0,4
1.2247,1.41416,-1.34159,0.447196,0.0,-0.999961,-1.33625,1.2247,0
1.2247,1.41416,-1.34159,0.447196,0.0,-0.999961,0.267251,-1.2247,4
1.2247,1.41416,-1.34159,0.447196,0.0,-0.999961,0.267251,0.0,4
1.2247,1.41416,-1.34159,0.447196,0.0,-0.999961,0.267251,1.2247,0
1.2247,1.41416,-1.34159,0.447196,0.0,-0.999961,1.069,-1.2247,4
1.2247,1.41416,-1.34159,0.447196,0.0,-0.999961,1.069,0.0,4
1.2247,1.41416,-1.34159,0.447196,0.0,-0.999961,1.069,1.2247,0
1.2247,1.41416,-1.34159,0.447196,0.0,0.999961,-1.33625,-1.2247,4
1.2247,1.41416,-1.34159,0.447196,0.0,0.999961,-1.33625,0.0,4
1.2247,1.41416,-1.34159,0.447196,0.0,0.999961,-1.33625,1.2247,0
1.2247,1.41416,-1.34159,0.447196,0.0,0.999961,0.267251,-1.2247,4
1.2247,1.41416,-1.34159,0.447196,0.0,0.999961,0.267251,0.0,4
1.2247,1.41416,-1.34159,0.447196,0.0,0.999961,0.267251,1.2247,0
1.2247,1.41416,-1.34159,0.447196,0.0,0.999961,1.069,-1.2247,4
1.2247,1.41416,-1.34159,0.447196,0.0,0.999961,1.069,0.0,4
1.2247,1.41416,-1.34159,0.447196,0.0,0.999961,1.069,1.2247,0
1.2247,1.41416,-1.34159,0.447196,1.2247,-0.999961,-1.33625,-1.2247,4
1.2247,1.41416,-1.34159,0.447196,1.2247,-0.999961,-1.33625,0.0,4
1.2247,1.41416,-1.34159,0.447196,1.2247,-0.999961,-1.33625,1.2247,0
1.2247,1.41416,-1.34159,0.447196,1.2247,-0.999961,0.267251,-1.2247,4
1.2247,1.41416,-1.34159,0.447196,1.2247,-0.999961,0.267251,0.0,4
1.2247,1.41416,-1.34159,0.447196,1.2247,-0.999961,0.267251,1.2247,0
1.2247,1.41416,-1.34159,0.447196,1.2247,-0.999961,1.069,-1.2247,4
1.2247,1.41416,-1.34159,0.447196,1.2247,-0.999961,1.069,0.0,4
1.2247,1.41416,-1.34159,0.447196,1.2247,-0.999961,1.069,1.2247,0
1.2247,1.41416,-1.34159,0.447196,1.2247,0.999961,-1.33625,-1.2247,4
1.2247,1.41416,-1.34159,0.447196,1.2247,0.999961,-1.33625,0.0,4
1.2247,1.41416,-1.34159,0.447196,1.2247,0.999961,-1.33625,1.2247,0
1.2247,1.41416,-1.34159,0.447196,1.2247,0.999961,0.267251,-1.2247,4
1.2247,1.41416,-1.34159,0.447196,1.2247,0.999961,0.267251,0.0,4
1.2247,1.41416,-1.34159,0.447196,1.2247,0.999961,0.267251,1.2247,0
1.2247,1.41416,-1.34159,0.447196,1.2247,0.999961,1.069,-1.2247,4
1.2247,1.41416,-1.34159,0.447196,1.2247,0.999961,1.069,0.0,4
1.2247,1.41416,-1.34159,0.447196,1.2247,0.999961,1.069,1.2247,0
1.2247,1.41416,-1.34159,1.34159,-1.2247,-0.999961,-1.33625,-1.2247,3
1.2247,1.41416,-1.34159,1.34159,-1.2247,-0.999961,-1.33625,0.0,4
1.2247,1.41416,-1.34159,1.34159,-1.2247,-0.999961,-1.33625,1.2247,0
1.2247,1.41416,-1.34159,1.34159,-1.2247,-0.999961,0.267251,-1.2247,3
1.2247,1.41416,-1.34159,1.34159,-1.2247,-0.999961,0.267251,0.0,4
1.2247,1.41416,-1.34159,1.34159,-1.2247,-0.999961,0.267251,1.2247,0
1.2247,1.41416,-1.34159,1.34159,-1.2247,-0.999961,1.069,-1.2247,4
1.2247,1.41416,-1.34159,1.34159,-1.2247,-0.999961,1.069,0.0,4
1.2247,1.41416,-1.34159,1.34159,-1.2247,-0.999961,1.069,1.2247,0
1.2247,1.41416,-1.34159,1.34159,-1.2247,0.999961,-1.33625,-1.2247,4
1.2247,1.41416,-1.34159,1.34159,-1.2247,0.999961,-1.33625,0.0,4
1.2247,1.41416,-1.34159,1.34159,-1.2247,0.999961,-1.33625,1.2247,0
1.2247,1.41416,-1.34159,1.34159,-1.2247,0.999961,0.267251,-1.2247,4
1.2247,1.41416,-1.34159,1.34159,-1.2247,0.999961,0.267251,0.0,4
1.2247,1.41416,-1.34159,1.34159,-1.2247,0.999961,0.267251,1.2247,0
1.2247,1.41416,-1.34159,1.34159,-1.2247,0.999961,1.069,-1.2247,4
1.2247,1.41416,-1.34159,1.34159,-1.2247,0.999961,1.069,0.0,4
1.2247,1.41416,-1.34159,1.34159,-1.2247,0.999961,1.069,1.2247,0
1.2247,1.41416,-1.34159,1.34159,0.0,-0.999961,-1.33625,-1.2247,4
1.2247,1.41416,-1.34159,1.34159,0.0,-0.999961,-1.33625,0.0,4
1.2247,1.41416,-1.34159,1.34159,0.0,-0.999961,-1.33625,1.2247,0
1.2247,1.41416,-1.34159,1.34159,0.0,-0.999961,0.267251,-1.2247,4
1.2247,1.41416,-1.34159,1.34159,0.0,-0.999961,0.267251,0.0,4
1.2247,1.41416,-1.34159,1.34159,0.0,-0.999961,0.267251,1.2247,0
1.2247,1.41416,-1.34159,1.34159,0.0,-0.999961,1.069,-1.2247,4
1.2247,1.41416,-1.34159,1.34159,0.0,-0.999961,1.069,0.0,4
1.2247,1.41416,-1.34159,1.34159,0.0,-0.999961,1.069,1.2247,0
1.2247,1.41416,-1.34159,1.34159,0.0,0.999961,-1.33625,-1.2247,4
1.2247,1.41416,-1.34159,1.34159,0.0,0.999961,-1.33625,0.0,4
1.2247,1.41416,-1.34159,1.34159,0.0,0.999961,-1.33625,1.2247,0
1.2247,1.41416,-1.34159,1.34159,0.0,0.999961,0.267251,-1.2247,4
1.2247,1.41416,-1.34159,1.34159,0.0,0.999961,0.267251,0.0,4
1.2247,1.41416,-1.34159,1.34159,0.0,0.999961,0.267251,1.2247,0
1.2247,1.41416,-1.34159,1.34159,0.0,0.999961,1.069,-1.2247,4
1.2247,1.41416,-1.34159,1.34159,0.0,0.999961,1.069,0.0,4
1.2247,1.41416,-1.34159,1.34159,0.0,0.999961,1.069,1.2247,0
1.2247,1.41416,-1.34159,1.34159,1.2247,-0.999961,-1.33625,-1.2247,4
1.2247,1.41416,-1.34159,1.34159,1.2247,-0.999961,-1.33625,0.0,4
1.2247,1.41416,-1.34159,1.34159,1.2247,-0.999961,-1.33625,1.2247,0
1.2247,1.41416,-1.34159,1.34159,1.2247,-0.999961,0.267251,-1.2247,4
1.2247,1.41416,-1.34159,1.34159,1.2247,-0.999961,0.267251,0.0,4
1.2247,1.41416,-1.34159,1.34159,1.2247,-0.999961,0.267251,1.2247,0
1.2247,1.41416,-1.34159,1.34159,1.2247,-0.999961,1.069,-1.2247,4
1.2247,1.41416,-1.34159,1.34159,1.2247,-0.999961,1.069,0.0,4
1.2247,1.41416,-1.34159,1.34159,1.2247,-0.999961,1.069,1.2247,0
1.2247,1.41416,-1.34159,1.34159,1.2247,0.999961,-1.33625,-1.2247,4
1.2247,1.41416,-1.34159,1.34159,1.2247,0.999961,-1.33625,0.0,4
1.2247,1.41416,-1.34159,1.34159,1.2247,0.999961,-1.33625,1.2247,0
1.2247,1.41416,-1.34159,1.34159,1.2247,0.999961,0.267251,-1.2247,4
1.2247,1.41416,-1.34159,1.34159,1.2247,0.999961,0.267251,0.0,4
1.2247,1.41416,-1.34159,1.34159,1.2247,0.999961,0.267251,1.2247,0
1.2247,1.41416,-1.34159,1.34159,1.2247,0.999961,1.069,-1.2247,4
1.2247,1.41416,-1.34159,1.34159,1.2247,0.999961,1.069,0.0,4
1.2247,1.41416,-1.34159,1.34159,1.2247,0.999961,1.069,1.2247,0
1.2247,1.41416,-0.447196,-1.34159,-1.2247,-0.999961,-1.33625,-1.2247,3
1.2247,1.41416,-0.447196,-1.34159,-1.2247,-0.999961,-1.33625,0.0,4
1.2247,1.41416,-0.447196,-1.34159,-1.2247,-0.999961,-1.33625,1.2247,0
1.2247,1.41416,-0.447196,-1.34159,-1.2247,-0.999961,0.267251,-1.2247,3
1.2247,1.41416,-0.447196,-1.34159,-1.2247,-0.999961,0.267251,0.0,4
1.2247,1.41416,-0.447196,-1.34159,-1.2247,-0.999961,0.267251,1.2247,0
1.2247,1.41416,-0.447196,-1.34159,-1.2247,-0.999961,1.069,-1.2247,4
1.2247,1.41416,-0.447196,-1.34159,-1.2247,-0.999961,1.069,0.0,4
1.2247,1.41416,-0.447196,-1.34159,-1.2247,-0.999961,1.069,1.2247,0
1.2247,1.41416,-0.447196,-1.34159,-1.2247,0.999961,-1.33625,-1.2247,3
1.2247,1.41416,-0.447196,-1.34159,-1.2247,0.999961,-1.33625,0.0,4
1.2247,1.41416,-0.447196,-1.34159,-1.2247,0.999961,-1.33625,1.2247,0
1.2247,1.41416,-0.447196,-1.34159,-1.2247,0.999961,0.267251,-1.2247,3
1.2247,1.41416,-0.447196,-1.34159,-1.2247,0.999961,0.267251,0.0,4
1.2247,1.41416,-0.447196,-1.34159,-1.2247,0.999961,0.267251,1.2247,0
1.2247,1.41416,-0.447196,-1.34159,-1.2247,0.999961,1.069,-1.2247,4
1.2247,1.41416,-0.447196,-1.34159,-1.2247,0.999961,1.069,0.0,4
1.2247,1.41416,-0.447196,-1.34159,-1.2247,0.999961,1.069,1.2247,0
1.2247,1.41416,-0.447196,-1.34159,0.0,-0.999961,-1.33625,-1.2247,3
1.2247,1.41416,-0.447196,-1.34159,0.0,-0.999961,-1.33625,0.0,4
1.2247,1.41416,-0.447196,-1.34159,0.0,-0.999961,-1.33625,1.2247,0
1.2247,1.41416,-0.447196,-1.34159,0.0,-0.999961,0.267251,-1.2247,3
1.2247,1.41416,-0.447196,-1.34159,0.0,-0.999961,0.267251,0.0,4
1.2247,1.41416,-0.447196,-1.34159,0.0,-0.999961,0.267251,1.2247,0
1.2247,1.41416,-0.447196,-1.34159,0.0,-0.999961,1.069,-1.2247,4
1.2247,1.41416,-0.447196,-1.34159,0.0,-0.999961,1.069,0.0,4
1.2247,1.41416,-0.447196,-1.34159,0.0,-0.999961,1.069,1.2247,0
1.2247,1.41416,-0.447196,-1.34159,0.0,0.999961,-1.33625,-1.2247,3
1.2247,1.41416,-0.447196,-1.34159,0.0,0.999961,-1.33625,0.0,4
1.2247,1.41416,-0.447196,-1.34159,0.0,0.999961,-1.33625,1.2247,0
1.2247,1.41416,-0.447196,-1.34159,0.0,0.999961,0.267251,-1.2247,3
1.2247,1.41416,-0.447196,-1.34159,0.0,0.999961,0.267251,0.0,4
1.2247,1.41416,-0.447196,-1.34159,0.0,0.999961,0.267251,1.2247,0
1.2247,1.41416,-0.447196,-1.34159,0.0,0.999961,1.069,-1.2247,4
1.2247,1.41416,-0.447196,-1.34159,0.0,0.999961,1.069,0.0,4
1.2247,1.41416,-0.447196,-1.34159,0.0,0.999961,1.069,1.2247,0
1.2247,1.41416,-0.447196,-1.34159,1.2247,-0.999961,-1.33625,-1.2247,4
1.2247,1.41416,-0.447196,-1.34159,1.2247,-0.999961,-1.33625,0.0,4
1.2247,1.41416,-0.447196,-1.34159,1.2247,-0.999961,-1.33625,1.2247,0
1.2247,1.41416,-0.447196,-1.34159,1.2247,-0.999961,0.267251,-1.2247,4
1.2247,1.41416,-0.447196,-1.34159,1.2247,-0.999961,0.267251,0.0,4
1.2247,1.41416,-0.447196,-1.34159,1.2247,-0.999961,0.267251,1.2247,0
1.2247,1.41416,-0.447196,-1.34159,1.2247,-0.999961,1.069,-1.2247,4
1.2247,1.41416,-0.447196,-1.34159,1.2247,-0.999961,1.069,0.0,4
1.2247,1.41416,-0.447196,-1.34159,1.2247,-0.999961,1.069,1.2247,0
1.2247,1.41416,-0.447196,-1.34159,1.2247,0.999961,-1.33625,-1.2247,4
1.2247,1.41416,-0.447196,-1.34159,1.2247,0.999961,-1.33625,0.0,4
1.2247,1.41416,-0.447196,-1.34159,1.2247,0.999961,-1.33625,1.2247,0
1.2247,1.41416,-0.447196,-1.34159,1.2247,0.999961,0.267251,-1.2247,4
1.2247,1.41416,-0.447196,-1.34159,1.2247,0.999961,0.267251,0.0,4
1.2247,1.41416,-0.447196,-1.34159,1.2247,0.999961,0.267251,1.2247,0
1.2247,1.41416,-0.447196,-1.34159,1.2247,0.999961,1.069,-1.2247,4
1.2247,1.41416,-0.447196,-1.34159,1.2247,0.999961,1.069,0.0,4
1.2247,1.41416,-0.447196,-1.34159,1.2247,0.999961,1.069,1.2247,0
1.2247,1.41416,-0.447196,-0.447196,-1.2247,-0.999961,-1.33625,-1.2247,3
1.2247,1.41416,-0.447196,-0.447196,-1.2247,-0.999961,-1.33625,0.0,4
1.2247,1.41416,-0.447196,-0.447196,-1.2247,-0.999961,-1.33625,1.2247,0
1.2247,1.41416,-0.447196,-0.447196,-1.2247,-0.999961,0.267251,-1.2247,3
1.2247,1.41416,-0.447196,-0.447196,-1.2247,-0.999961,0.267251,0.0,4
1.2247,1.41416,-0.447196,-0.447196,-1.2247,-0.999961,0.267251,1.2247,0
1.2247,1.41416,-0.447196,-0.447196,-1.2247,-0.999961,1.069,-1.2247,4
1.2247,1.41416,-0.447196,-0.447196,-1.2247,-0.999961,1.069,0.0,4
1.2247,1.41416,-0.447196,-0.447196,-1.2247,-0.999961,1.069,1.2247,0
1.2247,1.41416,-0.447196,-0.447196,-1.2247,0.999961,-1.33625,-1.2247,3
1.2247,1.41416,-0.447196,-0.447196,-1.2247,0.999961,-1.33625,0.0,4
1.2247,1.41416,-0.447196,-0.447196,-1.2247,0.999961,-1.33625,1.2247,0
1.2247,1.41416,-0.447196,-0.447196,-1.2247,0.999961,0.267251,-1.2247,3
1.2247,1.41416,-0.447196,-0.447196,-1.2247,0.999961,0.267251,0.0,4
1.2247,1.41416,-0.447196,-0.447196,-1.2247,0.999961,0.267251,1.2247,0
1.2247,1.41416,-0.447196,-0.447196,-1.2247,0.999961,1.069,-1.2247,4
1.2247,1.41416,-0.447196,-0.447196,-1.2247,0.999961,1.069,0.0,4
1.2247,1.41416,-0.447196,-0.447196,-1.2247,0.999961,1.069,1.2247,0
1.2247,1.41416,-0.447196,-0.447196,0.0,-0.999961,-1.33625,-1.2247,3
1.2247,1.41416,-0.447196,-0.447196,0.0,-0.999961,-1.33625,0.0,4
1.2247,1.41416,-0.447196,-0.447196,0.0,-0.999961,-1.33625,1.2247,0
1.2247,1.41416,-0.447196,-0.447196,0.0,-0.999961,0.267251,-1.2247,3
1.2247,1.41416,-0.447196,-0.447196,0.0,-0.999961,0.267251,0.0,4
1.2247,1.41416,-0.447196,-0.447196,0.0,-0.999961,0.267251,1.2247,0
1.2247,1.41416,-0.447196,-0.447196,0.0,-0.999961,1.069,-1.2247,4
1.2247,1.41416,-0.447196,-0.447196,0.0,-0.999961,1.069,0.0,4
1.2247,1.41416,-0.447196,-0.447196,0.0,-0.999961,1.069,1.2247,0
1.2247,1.41416,-0.447196,-0.447196,0.0,0.999961,-1.33625,-1.2247,3
1.2247,1.41416,-0.447196,-0.447196,0.0,0.999961,-1.33625,0.0,4
1.2247,1.41416,-0.447196,-0.447196,0.0,0.999961,-1.33625,1.2247,0
1.2247,1.41416,-0.447196,-0.447196,0.0,0.999961,0.267251,-1.2247,3
1.2247,1.41416,-0.447196,-0.447196,0.0,0.999961,0.267251,0.0,4
1.2247,1.41416,-0.447196,-0.447196,0.0,0.999961,0.267251,1.2247,0
1.2247,1.41416,-0.447196,-0.447196,0.0,0.999961,1.069,-1.2247,4
1.2247,1.41416,-0.447196,-0.447196,0.0,0.999961,1.069,0.0,4
1.2247,1.41416,-0.447196,-0.447196,0.0,0.999961,1.069,1.2247,0
1.2247,1.41416,-0.447196,-0.447196,1.2247,-0.999961,-1.33625,-1.2247,4
1.2247,1.41416,-0.447196,-0.447196,1.2247,-0.999961,-1.33625,0.0,4
1.2247,1.41416,-0.447196,-0.447196,1.2247,-0.999961,-1.33625,1.2247,0
1.2247,1.41416,-0.447196,-0.447196,1.2247,-0.999961,0.267251,-1.2247,4
1.2247,1.41416,-0.447196,-0.447196,1.2247,-0.999961,0.267251,0.0,4
1.2247,1.41416,-0.447196,-0.447196,1.2247,-0.999961,0.267251,1.2247,0
1.2247,1.41416,-0.447196,-0.447196,1.2247,-0.999961,1.069,-1.2247,4
1.2247,1.41416,-0.447196,-0.447196,1.2247,-0.999961,1.069,0.0,4
1.2247,1.41416,-0.447196,-0.447196,1.2247,-0.999961,1.069,1.2247,0
1.2247,1.41416,-0.447196,-0.447196,1.2247,0.999961,-1.33625,-1.2247,4
1.2247,1.41416,-0.447196,-0.447196,1.2247,0.999961,-1.33625,0.0,4
1.2247,1.41416,-0.447196,-0.447196,1.2247,0.999961,-1.33625,1.2247,0
1.2247,1.41416,-0.447196,-0.447196,1.2247,0.999961,0.267251,-1.2247,4
1.2247,1.41416,-0.447196,-0.447196,1.2247,0.999961,0.267251,0.0,4
1.2247,1.41416,-0.447196,-0.447196,1.2247,0.999961,0.267251,1.2247,0
1.2247,1.41416,-0.447196,-0.447196,1.2247,0.999961,1.069,-1.2247,4
1.2247,1.41416,-0.447196,-0.447196,1.2247,0.999961,1.069,0.0,4
1.2247,1.41416,-0.447196,-0.447196,1.2247,0.999961,1.069,1.2247,0
1.2247,1.41416,-0.447196,0.447196,-1.2247,-0.999961,-1.33625,-1.2247,3
1.2247,1.41416,-0.447196,0.447196,-1.2247,-0.999961,-1.33625,0.0,4
1.2247,1.41416,-0.447196,0.447196,-1.2247,-0.999961,-1.33625,1.2247,0
1.2247,1.41416,-0.447196,0.447196,-1.2247,-0.999961,0.267251,-1.2247,3
1.2247,1.41416,-0.447196,0.447196,-1.2247,-0.999961,0.267251,0.0,4
1.2247,1.41416,-0.447196,0.447196,-1.2247,-0.999961,0.267251,1.2247,0
1.2247,1.41416,-0.447196,0.447196,-1.2247,-0.999961,1.069,-1.2247,4
1.2247,1.41416,-0.447196,0.447196,-1.2247,-0.999961,1.069,0.0,4
1.2247,1.41416,-0.447196,0.447196,-1.2247,-0.999961,1.069,1.2247,0
1.2247,1.41416,-0.447196,0.447196,-1.2247,0.999961,-1.33625,-1.2247,4
1.2247,1.41416,-0.447196,0.447196,-1.2247,0.999961,-1.33625,0.0,4
1.2247,1.41416,-0.447196,0.447196,-1.2247,0.999961,-1.33625,1.2247,0
1.2247,1.41416,-0.447196,0.447196,-1.2247,0.999961,0.267251,-1.2247,4
1.2247,1.41416,-0.447196,0.447196,-1.2247,0.999961,0.267251,0.0,4
1.2247,1.41416,-0.447196,0.447196,-1.2247,0.999961,0.267251,1.2247,0
1.2247,1.41416,-0.447196,0.447196,-1.2247,0.999961,1.069,-1.2247,4
1.2247,1.41416,-0.447196,0.447196,-1.2247,0.999961,1.069,0.0,4
1.2247,1.41416,-0.447196,0.447196,-1.2247,0.999961,1.069,1.2247,0
1.2247,1.41416,-0.447196,0.447196,0.0,-0.999961,-1.33625,-1.2247,4
1.2247,1.41416,-0.447196,0.447196,0.0,-0.999961,-1.33625,0.0,4
1.2247,1.41416,-0.447196,0.447196,0.0,-0.999961,-1.33625,1.2247,0
1.2247,1.41416,-0.447196,0.447196,0.0,-0.999961,0.267251,-1.2247,4
1.2247,1.41416,-0.447196,0.447196,0.0,-0.999961,0.267251,0.0,4
1.2247,1.41416,-0.447196,0.447196,0.0,-0.999961,0.267251,1.2247,0
1.2247,1.41416,-0.447196,0.447196,0.0,-0.999961,1.069,-1.2247,4
1.2247,1.41416,-0.447196,0.447196,0.0,-0.999961,1.069,0.0,4
1.2247,1.41416,-0.447196,0.447196,0.0,-0.999961,1.069,1.2247,0
1.2247,1.41416,-0.447196,0.447196,0.0,0.999961,-1.33625,-1.2247,4
1.2247,1.41416,-0.447196,0.447196,0.0,0.999961,-1.33625,0.0,4
1.2247,1.41416,-0.447196,0.447196,0.0,0.999961,-1.33625,1.2247,0
1.2247,1.41416,-0.447196,0.447196,0.0,0.999961,0.267251,-1.2247,4
1.2247,1.41416,-0.447196,0.447196,0.0,0.999961,0.267251,0.0,4
1.2247,1.41416,-0.447196,0.447196,0.0,0.999961,0.267251,1.2247,0
1.2247,1.41416,-0.447196,0.447196,0.0,0.999961,1.069,-1.2247,4
1.2247,1.41416,-0.447196,0.447196,0.0,0.999961,1.069,0.0,4
1.2247,1.41416,-0.447196,0.447196,0.0,0.999961,1.069,1.2247,0
1.2247,1.41416,-0.447196,0.447196,1.2247,-0.999961,-1.33625,-1.2247,4
1.2247,1.41416,-0.447196,0.447196,1.2247,-0.999961,-1.33625,0.0,4
1.2247,1.41416,-0.447196,0.447196,1.2247,-0.999961,-1.33625,1.2247,0
1.2247,1.41416,-0.447196,0.447196,1.2247,-0.999961,0.267251,-1.2247,4
1.2247,1.41416,-0.447196,0.447196,1.2247,-0.999961,0.267251,0.0,4
1.2247,1.41416,-0.447196,0.447196,1.2247,-0.999961,0.267251,1.2247,0
1.2247,1.41416,-0.447196,0.447196,1.2247,-0.999961,1.069,-1.2247,4
1.2247,1.41416,-0.447196,0.447196,1.2247,-0.999961,1.069,0.0,4
1.2247,1.41416,-0.447196,0.447196,1.2247,-0.999961,1.069,1.2247,0
1.2247,1.41416,-0.447196,0.447196,1.2247,0.999961,-1.33625,-1.2247,4
1.2247,1.41416,-0.447196,0.447196,1.2247,0.999961,-1.33625,0.0,4
1.2247,1.41416,-0.447196,0.447196,1.2247,0.999961,-1.33625,1.2247,0
1.2247,1.41416,-0.447196,0.447196,1.2247,0.999961,0.267251,-1.2247,4
1.2247,1.41416,-0.447196,0.447196,1.2247,0.999961,0.267251,0.0,4
1.2247,1.41416,-0.447196,0.447196,1.2247,0.999961,0.267251,1.2247,0
1.2247,1.41416,-0.447196,0.447196,1.2247,0.999961,1.069,-1.2247,4
1.2247,1.41416,-0.447196,0.447196,1.2247,0.999961,1.069,0.0,4
1.2247,1.41416,-0.447196,0.447196,1.2247,0.999961,1.069,1.2247,0
1.2247,1.41416,-0.447196,1.34159,-1.2247,-0.999961,-1.33625,-1.2247,3
1.2247,1.41416,-0.447196,1.34159,-1.2247,-0.999961,-1.33625,0.0,4
1.2247,1.41416,-0.447196,1.34159,-1.2247,-0.999961,-1.33625,1.2247,0
1.2247,1.41416,-0.447196,1.34159,-1.2247,-0.999961,0.267251,-1.2247,3
1.2247,1.41416,-0.447196,1.34159,-1.2247,-0.999961,0.267251,0.0,4
1.2247,1.41416,-0.447196,1.34159,-1.2247,-0.999961,0.267251,1.2247,0
1.2247,1.41416,-0.447196,1.34159,-1.2247,-0.999961,1.069,-1.2247,4
1.2247,1.41416,-0.447196,1.34159,-1.2247,-0.999961,1.069,0.0,4
1.2247,1.41416,-0.447196,1.34159,-1.2247,-0.999961,1.069,1.2247,0
1.2247,1.41416,-0.447196,1.34159,-1.2247,0.999961,-1.33625,-1.2247,4
1.2247,1.41416,-0.447196,1.34159,-1.2247,0.999961,-1.33625,0.0,4
1.2247,1.41416,-0.447196,1.34159,-1.2247,0.999961,-1.33625,1.2247,0
1.2247,1.41416,-0.447196,1.34159,-1.2247,0.999961,0.267251,-1.2247,4
1.2247,1.41416,-0.447196,1.34159,-1.2247,0.999961,0.267251,0.0,4
1.2247,1.41416,-0.447196,1.34159,-1.2247,0.999961,0.267251,1.2247,0
1.2247,1.41416,-0.447196,1.34159,-1.2247,0.999961,1.069,-1.2247,4
1.2247,1.41416,-0.447196,1.34159,-1.2247,0.999961,1.069,0.0,4
1.2247,1.41416,-0.447196,1.34159,-1.2247,0.999961,1.069,1.2247,0
1.2247,1.41416,-0.447196,1.34159,0.0,-0.999961,-1.33625,-1.2247,4
1.2247,1.41416,-0.447196,1.34159,0.0,-0.999961,-1.33625,0.0,4
1.2247,1.41416,-0.447196,1.34159,0.0,-0.999961,-1.33625,1.2247,0
1.2247,1.41416,-0.447196,1.34159,0.0,-0.999961,0.267251,-1.2247,4
1.2247,1.41416,-0.447196,1.34159,0.0,-0.999961,0.267251,0.0,4
1.2247,1.41416,-0.447196,1.34159,0.0,-0.999961,0.267251,1.2247,0
1.2247,1.41416,-0.447196,1.34159,0.0,-0.999961,1.069,-1.2247,4
1.2247,1.41416,-0.447196,1.34159,0.0,-0.999961,1.069,0.0,4
1.2247,1.41416,-0.447196,1.34159,0.0,-0.999961,1.069,1.2247,0
1.2247,1.41416,-0.447196,1.34159,0.0,0.999961,-1.33625,-1.2247,4
1.2247,1.41416,-0.447196,1.34159,0.0,0.999961,-1.33625,0.0,4
1.2247,1.41416,-0.447196,1.34159,0.0,0.999961,-1.33625,1.2247,0
1.2247,1.41416,-0.447196,1.34159,0.0,0.999961,0.267251,-1.2247,4
1.2247,1.41416,-0.447196,1.34159,0.0,0.999961,0.267251,0.0,4
1.2247,1.41416,-0.447196,1.34159,0.0,0.999961,0.267251,1.2247,0
1.2247,1.41416,-0.447196,1.34159,0.0,0.999961,1.069,-1.2247,4
1.2247,1.41416,-0.447196,1.34159,0.0,0.999961,1.069,0.0,4
1.2247,1.41416,-0.447196,1.34159,0.0,0.999961,1.069,1.2247,0
1.2247,1.41416,-0.447196,1.34159,1.2247,-0.999961,-1.33625,-1.2247,4
1.2247,1.41416,-0.447196,1.34159,1.2247,-0.999961,-1.33625,0.0,4
1.2247,1.41416,-0.447196,1.34159,1.2247,-0.999961,-1.33625,1.2247,0
1.2247,1.41416,-0.447196,1.34159,1.2247,-0.999961,0.267251,-1.2247,4
1.2247,1.41416,-0.447196,1.34159,1.2247,-0.999961,0.267251,0.0,4
1.2247,1.41416,-0.447196,1.34159,1.2247,-0.999961,0.267251,1.2247,0
1.2247,1.41416,-0.447196,1.34159,1.2247,-0.999961,1.069,-1.2247,4
1.2247,1.41416,-0.447196,1.34159,1.2247,-0.999961,1.069,0.0,4
1.2247,1.41416,-0.447196,1.34159,1.2247,-0.999961,1.069,1.2247,0
1.2247,1.41416,-0.447196,1.34159,1.2247,0.999961,-1.33625,-1.2247,4
1.2247,1.41416,-0.447196,1.34159,1.2247,0.999961,-1.33625,0.0,4
1.2247,1.41416,-0.447196,1.34159,1.2247,0.999961,-1.33625,1.2247,0
1.2247,1.41416,-0.447196,1.34159,1.2247,0.999961,0.267251,-1.2247,4
1.2247,1.41416,-0.447196,1.34159,1.2247,0.999961,0.267251,0.0,4
1.2247,1.41416,-0.447196,1.34159,1.2247,0.999961,0.267251,1.2247,0
1.2247,1.41416,-0.447196,1.34159,1.2247,0.999961,1.069,-1.2247,4
1.2247,1.41416,-0.447196,1.34159,1.2247,0.999961,1.069,0.0,4
1.2247,1.41416,-0.447196,1.34159,1.2247,0.999961,1.069,1.2247,0
1.2247,1.41416,0.447196,-1.34159,-1.2247,-0.999961,-1.33625,-1.2247,3
1.2247,1.41416,0.447196,-1.34159,-1.2247,-0.999961,-1.33625,0.0,4
1.2247,1.41416,0.447196,-1.34159,-1.2247,-0.999961,-1.33625,1.2247,0
1.2247,1.41416,0.447196,-1.34159,-1.2247,-0.999961,0.267251,-1.2247,3
1.2247,1.41416,0.447196,-1.34159,-1.2247,-0.999961,0.267251,0.0,4
1.2247,1.41416,0.447196,-1.34159,-1.2247,-0.999961,0.267251,1.2247,0
1.2247,1.41416,0.447196,-1.34159,-1.2247,-0.999961,1.069,-1.2247,4
1.2247,1.41416,0.447196,-1.34159,-1.2247,-0.999961,1.069,0.0,4
1.2247,1.41416,0.447196,-1.34159,-1.2247,-0.999961,1.069,1.2247,0
1.2247,1.41416,0.447196,-1.34159,-1.2247,0.999961,-1.33625,-1.2247,3
1.2247,1.41416,0.447196,-1.34159,-1.2247,0.999961,-1.33625,0.0,4
1.2247,1.41416,0.447196,-1.34159,-1.2247,0.999961,-1.33625,1.2247,0
1.2247,1.41416,0.447196,-1.34159,-1.2247,0.999961,0.267251,-1.2247,3
1.2247,1.41416,0.447196,-1.34159,-1.2247,0.999961,0.267251,0.0,4
1.2247,1.41416,0.447196,-1.34159,-1.2247,0.999961,0.267251,1.2247,0
1.2247,1.41416,0.447196,-1.34159,-1.2247,0.999961,1.069,-1.2247,4
1.2247,1.41416,0.447196,-1.34159,-1.2247,0.999961,1.069,0.0,4
1.2247,1.41416,0.447196,-1.34159,-1.2247,0.999961,1.069,1.2247,0
1.2247,1.41416,0.447196,-1.34159,0.0,-0.999961,-1.33625,-1.2247,3
1.2247,1.41416,0.447196,-1.34159,0.0,-0.999961,-1.33625,0.0,4
1.2247,1.41416,0.447196,-1.34159,0.0,-0.999961,-1.33625,1.2247,0
1.2247,1.41416,0.447196,-1.34159,0.0,-0.999961,0.267251,-1.2247,3
1.2247,1.41416,0.447196,-1.34159,0.0,-0.999961,0.267251,0.0,4
1.2247,1.41416,0.447196,-1.34159,0.0,-0.999961,0.267251,1.2247,0
1.2247,1.41416,0.447196,-1.34159,0.0,-0.999961,1.069,-1.2247,4
1.2247,1.41416,0.447196,-1.34159,0.0,-0.999961,1.069,0.0,4
1.2247,1.41416,0.447196,-1.34159,0.0,-0.999961,1.069,1.2247,0
1.2247,1.41416,0.447196,-1.34159,0.0,0.999961,-1.33625,-1.2247,3
1.2247,1.41416,0.447196,-1.34159,0.0,0.999961,-1.33625,0.0,4
1.2247,1.41416,0.447196,-1.34159,0.0,0.999961,-1.33625,1.2247,0
1.2247,1.41416,0.447196,-1.34159,0.0,0.999961,0.267251,-1.2247,3
1.2247,1.41416,0.447196,-1.34159,0.0,0.999961,0.267251,0.0,4
1.2247,1.41416,0.447196,-1.34159,0.0,0.999961,0.267251,1.2247,0
1.2247,1.41416,0.447196,-1.34159,0.0,0.999961,1.069,-1.2247,4
1.2247,1.41416,0.447196,-1.34159,0.0,0.999961,1.069,0.0,4
1.2247,1.41416,0.447196,-1.34159,0.0,0.999961,1.069,1.2247,0
1.2247,1.41416,0.447196,-1.34159,1.2247,-0.999961,-1.33625,-1.2247,4
1.2247,1.41416,0.447196,-1.34159,1.2247,-0.999961,-1.33625,0.0,4
1.2247,1.41416,0.447196,-1.34159,1.2247,-0.999961,-1.33625,1.2247,0
1.2247,1.41416,0.447196,-1.34159,1.2247,-0.999961,0.267251,-1.2247,4
1.2247,1.41416,0.447196,-1.34159,1.2247,-0.999961,0.267251,0.0,4
1.2247,1.41416,0.447196,-1.34159,1.2247,-0.999961,0.267251,1.2247,0
1.2247,1.41416,0.447196,-1.34159,1.2247,-0.999961,1.069,-1.2247,4
1.2247,1.41416,0.447196,-1.34159,1.2247,-0.999961,1.069,0.0,4
1.2247,1.41416,0.447196,-1.34159,1.2247,-0.999961,1.069,1.2247,0
1.2247,1.41416,0.447196,-1.34159,1.2247,0.999961,-1.33625,-1.2247,4
1.2247,1.41416,0.447196,-1.34159,1.2247,0.999961,-1.33625,0.0,4
1.2247,1.41416,0.447196,-1.34159,1.2247,0.999961,-1.33625,1.2247,0
1.2247,1.41416,0.447196,-1.34159,1.2247,0.999961,0.267251,-1.2247,4
1.2247,1.41416,0.447196,-1.34159,1.2247,0.999961,0.267251,0.0,4
1.2247,1.41416,0.447196,-1.34159,1.2247,0.999961,0.267251,1.2247,0
1.2247,1.41416,0.447196,-1.34159,1.2247,0.999961,1.069,-1.2247,4
1.2247,1.41416,0.447196,-1.34159,1.2247,0.999961,1.069,0.0,4
1.2247,1.41416,0.447196,-1.34159,1.2247,0.999961,1.069,1.2247,0
1.2247,1.41416,0.447196,-0.447196,-1.2247,-0.999961,-1.33625,-1.2247,3
1.2247,1.41416,0.447196,-0.447196,-1.2247,-0.999961,-1.33625,0.0,4
1.2247,1.41416,0.447196,-0.447196,-1.2247,-0.999961,-1.33625,1.2247,0
1.2247,1.41416,0.447196,-0.447196,-1.2247,-0.999961,0.267251,-1.2247,3
1.2247,1.41416,0.447196,-0.447196,-1.2247,-0.999961,0.267251,0.0,4
1.2247,1.41416,0.447196,-0.447196,-1.2247,-0.999961,0.267251,1.2247,0
1.2247,1.41416,0.447196,-0.447196,-1.2247,-0.999961,1.069,-1.2247,4
1.2247,1.41416,0.447196,-0.447196,-1.2247,-0.999961,1.069,0.0,4
1.2247,1.41416,0.447196,-0.447196,-1.2247,-0.999961,1.069,1.2247,0
1.2247,1.41416,0.447196,-0.447196,-1.2247,0.999961,-1.33625,-1.2247,4
1.2247,1.41416,0.447196,-0.447196,-1.2247,0.999961,-1.33625,0.0,4
1.2247,1.41416,0.447196,-0.447196,-1.2247,0.999961,-1.33625,1.2247,0
1.2247,1.41416,0.447196,-0.447196,-1.2247,0.999961,0.267251,-1.2247,4
1.2247,1.41416,0.447196,-0.447196,-1.2247,0.999961,0.267251,0.0,4
1.2247,1.41416,0.447196,-0.447196,-1.2247,0.999961,0.267251,1.2247,0
1.2247,1.41416,0.447196,-0.447196,-1.2247,0.999961,1.069,-1.2247,4
1.2247,1.41416,0.447196,-0.447196,-1.2247,0.999961,1.069,0.0,4
1.2247,1.41416,0.447196,-0.447196,-1.2247,0.999961,1.069,1.2247,0
1.2247,1.41416,0.447196,-0.447196,0.0,-0.999961,-1.33625,-1.2247,4
1.2247,1.41416,0.447196,-0.447196,0.0,-0.999961,-1.33625,0.0,4
1.2247,1.41416,0.447196,-0.447196,0.0,-0.999961,-1.33625,1.2247,0
1.2247,1.41416,0.447196,-0.447196,0.0,-0.999961,0.267251,-1.2247,4
1.2247,1.41416,0.447196,-0.447196,0.0,-0.999961,0.267251,0.0,4
1.2247,1.41416,0.447196,-0.447196,0.0,-0.999961,0.267251,1.2247,0
1.2247,1.41416,0.447196,-0.447196,0.0,-0.999961,1.069,-1.2247,4
1.2247,1.41416,0.447196,-0.447196,0.0,-0.999961,1.069,0.0,4
1.2247,1.41416,0.447196,-0.447196,0.0,-0.999961,1.069,1.2247,0
1.2247,1.41416,0.447196,-0.447196,0.0,0.999961,-1.33625,-1.2247,4
1.2247,1.41416,0.447196,-0.447196,0.0,0.999961,-1.33625,0.0,4
1.2247,1.41416,0.447196,-0.447196,0.0,0.999961,-1.33625,1.2247,0
1.2247,1.41416,0.447196,-0.447196,0.0,0.999961,0.267251,-1.2247,4
1.2247,1.41416,0.447196,-0.447196,0.0,0.999961,0.267251,0.0,4
1.2247,1.41416,0.447196,-0.447196,0.0,0.999961,0.267251,1.2247,0
1.2247,1.41416,0.447196,-0.447196,0.0,0.999961,1.069,-1.2247,4
1.2247,1.41416,0.447196,-0.447196,0.0,0.999961,1.069,0.0,4
1.2247,1.41416,0.447196,-0.447196,0.0,0.999961,1.069,1.2247,0
1.2247,1.41416,0.447196,-0.447196,1.2247,-0.999961,-1.33625,-1.2247,4
1.2247,1.41416,0.447196,-0.447196,1.2247,-0.999961,-1.33625,0.0,4
1.2247,1.41416,0.447196,-0.447196,1.2247,-0.999961,-1.33625,1.2247,0
1.2247,1.41416,0.447196,-0.447196,1.2247,-0.999961,0.267251,-1.2247,4
1.2247,1.41416,0.447196,-0.447196,1.2247,-0.999961,0.267251,0.0,4
1.2247,1.41416,0.447196,-0.447196,1.2247,-0.999961,0.267251,1.2247,0
1.2247,1.41416,0.447196,-0.447196,1.2247,-0.999961,1.069,-1.2247,4
1.2247,1.41416,0.447196,-0.447196,1.2247,-0.999961,1.069,0.0,4
1.2247,1.41416,0.447196,-0.447196,1.2247,-0.999961,1.069,1.2247,0
1.2247,1.41416,0.447196,-0.447196,1.2247,0.999961,-1.33625,-1.2247,4
1.2247,1.41416,0.447196,-0.447196,1.2247,0.999961,-1.33625,0.0,4
1.2247,1.41416,0.447196,-0.447196,1.2247,0.999961,-1.33625,1.2247,0
1.2247,1.41416,0.447196,-0.447196,1.2247,0.999961,0.267251,-1.2247,4
1.2247,1.41416,0.447196,-0.447196,1.2247,0.999961,0.267251,0.0,4
1.2247,1.41416,0.447196,-0.447196,1.2247,0.999961,0.267251,1.2247,0
1.2247,1.41416,0.447196,-0.447196,1.2247,0.999961,1.069,-1.2247,4
1.2247,1.41416,0.447196,-0.447196,1.2247,0.999961,1.069,0.0,4
1.2247,1.41416,0.447196,-0.447196,1.2247,0.999961,1.069,1.2247,0
1.2247,1.41416,0.447196,0.447196,-1.2247,-0.999961,-1.33625,-1.2247,3
1.2247,1.41416,0.447196,0.447196,-1.2247,-0.999961,-1.33625,0.0,4
1.2247,1.41416,0.447196,0.447196,-1.2247,-0.999961,-1.33625,1.2247,0
1.2247,1.41416,0.447196,0.447196,-1.2247,-0.999961,0.267251,-1.2247,3
1.2247,1.41416,0.447196,0.447196,-1.2247,-0.999961,0.267251,0.0,4
1.2247,1.41416,0.447196,0.447196,-1.2247,-0.999961,0.267251,1.2247,0
1.2247,1.41416,0.447196,0.447196,-1.2247,-0.999961,1.069,-1.2247,4
1.2247,1.41416,0.447196,0.447196,-1.2247,-0.999961,1.069,0.0,4
1.2247,1.41416,0.447196,0.447196,-1.2247,-0.999961,1.069,1.2247,0
1.2247,1.41416,0.447196,0.447196,-1.2247,0.999961,-1.33625,-1.2247,4
1.2247,1.41416,0.447196,0.447196,-1.2247,0.999961,-1.33625,0.0,4
1.2247,1.41416,0.447196,0.447196,-1.2247,0.999961,-1.33625,1.2247,0
1.2247,1.41416,0.447196,0.447196,-1.2247,0.999961,0.267251,-1.2247,4
1.2247,1.41416,0.447196,0.447196,-1.2247,0.999961,0.267251,0.0,4
1.2247,1.41416,0.447196,0.447196,-1.2247,0.999961,0.267251,1.2247,0
1.2247,1.41416,0.447196,0.447196,-1.2247,0.999961,1.069,-1.2247,4
1.2247,1.41416,0.447196,0.447196,-1.2247,0.999961,1.069,0.0,4
1.2247,1.41416,0.447196,0.447196,-1.2247,0.999961,1.069,1.2247,0
1.2247,1.41416,0.447196,0.447196,0.0,-0.999961,-1.33625,-1.2247,4
1.2247,1.41416,0.447196,0.447196,0.0,-0.999961,-1.33625,0.0,4
1.2247,1.41416,0.447196,0.447196,0.0,-0.999961,-1.33625,1.2247,0
1.2247,1.41416,0.447196,0.447196,0.0,-0.999961,0.267251,-1.2247,4
1.2247,1.41416,0.447196,0.447196,0.0,-0.999961,0.267251,0.0,4
1.2247,1.41416,0.447196,0.447196,0.0,-0.999961,0.267251,1.2247,0
1.2247,1.41416,0.447196,0.447196,0.0,-0.999961,1.069,-1.2247,4
1.2247,1.41416,0.447196,0.447196,0.0,-0.999961,1.069,0.0,4
1.2247,1.41416,0.447196,0.447196,0.0,-0.999961,1.069,1.2247,0
1.2247,1.41416,0.447196,0.447196,0.0,0.999961,-1.33625,-1.2247,4
1.2247,1.41416,0.447196,0.447196,0.0,0.999961,-1.33625,0.0,4
1.2247,1.41416,0.447196,0.447196,0.0,0.999961,-1.33625,1.2247,0
1.2247,1.41416,0.447196,0.447196,0.0,0.999961,0.267251,-1.2247,4
1.2247,1.41416,0.447196,0.447196,0.0,0.999961,0.267251,0.0,4
1.2247,1.41416,0.447196,0.447196,0.0,0.999961,0.267251,1.2247,0
1.2247,1.41416,0.447196,0.447196,0.0,0.999961,1.069,-1.2247,4
1.2247,1.41416,0.447196,0.447196,0.0,0.999961,1.069,0.0,4
1.2247,1.41416,0.447196,0.447196,0.0,0.999961,1.069,1.2247,0
1.2247,1.41416,0.447196,0.447196,1.2247,-0.999961,-1.33625,-1.2247,4
1.2247,1.41416,0.447196,0.447196,1.2247,-0.999961,-1.33625,0.0,4
1.2247,1.41416,0.447196,0.447196,1.2247,-0.999961,-1.33625,1.2247,0
1.2247,1.41416,0.447196,0.447196,1.2247,-0.999961,0.267251,-1.2247,4
1.2247,1.41416,0.447196,0.447196,1.2247,-0.999961,0.267251,0.0,4
1.2247,1.41416,0.447196,0.447196,1.2247,-0.999961,0.267251,1.2247,0
1.2247,1.41416,0.447196,0.447196,1.2247,-0.999961,1.069,-1.2247,4
1.2247,1.41416,0.447196,0.447196,1.2247,-0.999961,1.069,0.0,4
1.2247,1.41416,0.447196,0.447196,1.2247,-0.999961,1.069,1.2247,0
1.2247,1.41416,0.447196,0.447196,1.2247,0.999961,-1.33625,-1.2247,4
1.2247,1.41416,0.447196,0.447196,1.2247,0.999961,-1.33625,0.0,4
1.2247,1.41416,0.447196,0.447196,1.2247,0.999961,-1.33625,1.2247,0
1.2247,1.41416,0.447196,0.447196,1.2247,0.999961,0.267251,-1.2247,4
1.2247,1.41416,0.447196,0.447196,1.2247,0.999961,0.267251,0.0,4
1.2247,1.41416,0.447196,0.447196,1.2247,0.999961,0.267251,1.2247,0
1.2247,1.41416,0.447196,0.447196,1.2247,0.999961,1.069,-1.2247,4
1.2247,1.41416,0.447196,0.447196,1.2247,0.999961,1.069,0.0,4
1.2247,1.41416,0.447196,0.447196,1.2247,0.999961,1.069,1.2247,0
1.2247,1.41416,0.447196,1.34159,-1.2247,-0.999961,-1.33625,-1.2247,3
1.2247,1.41416,0.447196,1.34159,-1.2247,-0.999961,-1.33625,0.0,4
1.2247,1.41416,0.447196,1.34159,-1.2247,-0.999961,-1.33625,1.2247,0
1.2247,1.41416,0.447196,1.34159,-1.2247,-0.999961,0.267251,-1.2247,3
1.2247,1.41416,0.447196,1.34159,-1.2247,-0.999961,0.267251,0.0,4
1.2247,1.41416,0.447196,1.34159,-1.2247,-0.999961,0.267251,1.2247,0
1.2247,1.41416,0.447196,1.34159,-1.2247,-0.999961,1.069,-1.2247,4
1.2247,1.41416,0.447196,1.34159,-1.2247,-0.999961,1.069,0.0,4
1.2247,1.41416,0.447196,1.34159,-1.2247,-0.999961,1.069,1.2247,0
1.2247,1.41416,0.447196,1.34159,-1.2247,0.999961,-1.33625,-1.2247,4
1.2247,1.41416,0.447196,1.34159,-1.2247,0.999961,-1.33625,0.0,4
1.2247,1.41416,0.447196,1.34159,-1.2247,0.999961,-1.33625,1.2247,0
1.2247,1.41416,0.447196,1.34159,-1.2247,0.999961,0.267251,-1.2247,4
1.2247,1.41416,0.447196,1.34159,-1.2247,0.999961,0.267251,0.0,4
1.2247,1.41416,0.447196,1.34159,-1.2247,0.999961,0.267251,1.2247,0
1.2247,1.41416,0.447196,1.34159,-1.2247,0.999961,1.069,-1.2247,4
1.2247,1.41416,0.447196,1.34159,-1.2247,0.999961,1.069,0.0,4
1.2247,1.41416,0.447196,1.34159,-1.2247,0.999961,1.069,1.2247,0
1.2247,1.41416,0.447196,1.34159,0.0,-0.999961,-1.33625,-1.2247,4
1.2247,1.41416,0.447196,1.34159,0.0,-0.999961,-1.33625,0.0,4
1.2247,1.41416,0.447196,1.34159,0.0,-0.999961,-1.33625,1.2247,0
1.2247,1.41416,0.447196,1.34159,0.0,-0.999961,0.267251,-1.2247,4
1.2247,1.41416,0.447196,1.34159,0.0,-0.999961,0.267251,0.0,4
1.2247,1.41416,0.447196,1.34159,0.0,-0.999961,0.267251,1.2247,0
1.2247,1.41416,0.447196,1.34159,0.0,-0.999961,1.069,-1.2247,4
1.2247,1.41416,0.447196,1.34159,0.0,-0.999961,1.069,0.0,4
1.2247,1.41416,0.447196,1.34159,0.0,-0.999961,1.069,1.2247,0
1.2247,1.41416,0.447196,1.34159,0.0,0.999961,-1.33625,-1.2247,4
1.2247,1.41416,0.447196,1.34159,0.0,0.999961,-1.33625,0.0,4
1.2247,1.41416,0.447196,1.34159,0.0,0.999961,-1.33625,1.2247,0
1.2247,1.41416,0.447196,1.34159,0.0,0.999961,0.267251,-1.2247,4
1.2247,1.41416,0.447196,1.34159,0.0,0.999961,0.267251,0.0,4
1.2247,1.41416,0.447196,1.34159,0.0,0.999961,0.267251,1.2247,0
1.2247,1.41416,0.447196,1.34159,0.0,0.999961,1.069,-1.2247,4
1.2247,1.41416,0.447196,1.34159,0.0,0.999961,1.069,0.0,4
1.2247,1.41416,0.447196,1.34159,0.0,0.999961,1.069,1.2247,0
1.2247,1.41416,0.447196,1.34159,1.2247,-0.999961,-1.33625,-1.2247,4
1.2247,1.41416,0.447196,1.34159,1.2247,-0.999961,-1.33625,0.0,4
1.2247,1.41416,0.447196,1.34159,1.2247,-0.999961,-1.33625,1.2247,0
1.2247,1.41416,0.447196,1.34159,1.2247,-0.999961,0.267251,-1.2247,4
1.2247,1.41416,0.447196,1.34159,1.2247,-0.999961,0.267251,0.0,4
1.2247,1.41416,0.447196,1.34159,1.2247,-0.999961,0.267251,1.2247,0
1.2247,1.41416,0.447196,1.34159,1.2247,-0.999961,1.069,-1.2247,4
1.2247,1.41416,0.447196,1.34159,1.2247,-0.999961,1.069,0.0,4
1.2247,1.41416,0.447196,1.34159,1.2247,-0.999961,1.069,1.2247,0
1.2247,1.41416,0.447196,1.34159,1.2247,0.999961,-1.33625,-1.2247,4
1.2247,1.41416,0.447196,1.34159,1.2247,0.999961,-1.33625,0.0,4
1.2247,1.41416,0.447196,1.34159,1.2247,0.999961,-1.33625,1.2247,0
1.2247,1.41416,0.447196,1.34159,1.2247,0.999961,0.267251,-1.2247,4
1.2247,1.41416,0.447196,1.34159,1.2247,0.999961,0.267251,0.0,4
1.2247,1.41416,0.447196,1.34159,1.2247,0.999961,0.267251,1.2247,0
1.2247,1.41416,0.447196,1.34159,1.2247,0.999961,1.069,-1.2247,4
1.2247,1.41416,0.447196,1.34159,1.2247,0.999961,1.069,0.0,4
1.2247,1.41416,0.447196,1.34159,1.2247,0.999961,1.069,1.2247,0
1.2247,1.41416,1.34159,-1.34159,-1.2247,-0.999961,-1.33625,-1.2247,3
1.2247,1.41416,1.34159,-1.34159,-1.2247,-0.999961,-1.33625,0.0,4
1.2247,1.41416,1.34159,-1.34159,-1.2247,-0.999961,-1.33625,1.2247,0
1.2247,1.41416,1.34159,-1.34159,-1.2247,-0.999961,0.267251,-1.2247,3
1.2247,1.41416,1.34159,-1.34159,-1.2247,-0.999961,0.267251,0.0,4
1.2247,1.41416,1.34159,-1.34159,-1.2247,-0.999961,0.267251,1.2247,0
1.2247,1.41416,1.34159,-1.34159,-1.2247,-0.999961,1.069,-1.2247,4
1.2247,1.41416,1.34159,-1.34159,-1.2247,-0.999961,1.069,0.0,4
1.2247,1.41416,1.34159,-1.34159,-1.2247,-0.999961,1.069,1.2247,0
1.2247,1.41416,1.34159,-1.34159,-1.2247,0.999961,-1.33625,-1.2247,4
1.2247,1.41416,1.34159,-1.34159,-1.2247,0.999961,-1.33625,0.0,4
1.2247,1.41416,1.34159,-1.34159,-1.2247,0.999961,-1.33625,1.2247,0
1.2247,1.41416,1.34159,-1.34159,-1.2247,0.999961,0.267251,-1.2247,4
1.2247,1.41416,1.34159,-1.34159,-1.2247,0.999961,0.267251,0.0,4
1.2247,1.41416,1.34159,-1.34159,-1.2247,0.999961,0.267251,1.2247,0
1.2247,1.41416,1.34159,-1.34159,-1.2247,0.999961,1.069,-1.2247,4
1.2247,1.41416,1.34159,-1.34159,-1.2247,0.999961,1.069,0.0,4
1.2247,1.41416,1.34159,-1.34159,-1.2247,0.999961,1.069,1.2247,0
1.2247,1.41416,1.34159,-1.34159,0.0,-0.999961,-1.33625,-1.2247,4
1.2247,1.41416,1.34159,-1.34159,0.0,-0.999961,-1.33625,0.0,4
1.2247,1.41416,1.34159,-1.34159,0.0,-0.999961,-1.33625,1.2247,0
1.2247,1.41416,1.34159,-1.34159,0.0,-0.999961,0.267251,-1.2247,4
1.2247,1.41416,1.34159,-1.34159,0.0,-0.999961,0.267251,0.0,4
1.2247,1.41416,1.34159,-1.34159,0.0,-0.999961,0.267251,1.2247,0
1.2247,1.41416,1.34159,-1.34159,0.0,-0.999961,1.069,-1.2247,4
1.2247,1.41416,1.34159,-1.34159,0.0,-0.999961,1.069,0.0,4
1.2247,1.41416,1.34159,-1.34159,0.0,-0.999961,1.069,1.2247,0
1.2247,1.41416,1.34159,-1.34159,0.0,0.999961,-1.33625,-1.2247,4
1.2247,1.41416,1.34159,-1.34159,0.0,0.999961,-1.33625,0.0,4
1.2247,1.41416,1.34159,-1.34159,0.0,0.999961,-1.33625,1.2247,0
1.2247,1.41416,1.34159,-1.34159,0.0,0.999961,0.267251,-1.2247,4
1.2247,1.41416,1.34159,-1.34159,0.0,0.999961,0.267251,0.0,4
1.2247,1.41416,1.34159,-1.34159,0.0,0.999961,0.267251,1.2247,0
1.2247,1.41416,1.34159,-1.34159,0.0,0.999961,1.069,-1.2247,4
1.2247,1.41416,1.34159,-1.34159,0.0,0.999961,1.069,0.0,4
1.2247,1.41416,1.34159,-1.34159,0.0,0.999961,1.069,1.2247,0
1.2247,1.41416,1.34159,-1.34159,1.2247,-0.999961,-1.33625,-1.2247,4
1.2247,1.41416,1.34159,-1.34159,1.2247,-0.999961,-1.33625,0.0,4
1.2247,1.41416,1.34159,-1.34159,1.2247,-0.999961,-1.33625,1.2247,0
1.2247,1.41416,1.34159,-1.34159,1.2247,-0.999961,0.267251,-1.2247,4
1.2247,1.41416,1.34159,-1.34159,1.2247,-0.999961,0.267251,0.0,4
1.2247,1.41416,1.34159,-1.34159,1.2247,-0.999961,0.267251,1.2247,0
1.2247,1.41416,1.34159,-1.34159,1.2247,-0.999961,1.069,-1.2247,4
1.2247,1.41416,1.34159,-1.34159,1.2247,-0.999961,1.069,0.0,4
1.2247,1.41416,1.34159,-1.34159,1.2247,-0.999961,1.069,1.2247,0
1.2247,1.41416,1.34159,-1.34159,1.2247,0.999961,-1.33625,-1.2247,4
1.2247,1.41416,1.34159,-1.34159,1.2247,0.999961,-1.33625,0.0,4
1.2247,1.41416,1.34159,-1.34159,1.2247,0.999961,-1.33625,1.2247,0
1.2247,1.41416,1.34159,-1.34159,1.2247,0.999961,0.267251,-1.2247,4
1.2247,1.41416,1.34159,-1.34159,1.2247,0.999961,0.267251,0.0,4
1.2247,1.41416,1.34159,-1.34159,1.2247,0.999961,0.267251,1.2247,0
1.2247,1.41416,1.34159,-1.34159,1.2247,0.999961,1.069,-1.2247,4
1.2247,1.41416,1.34159,-1.34159,1.2247,0.999961,1.069,0.0,4
1.2247,1.41416,1.34159,-1.34159,1.2247,0.999961,1.069,1.2247,0
1.2247,1.41416,1.34159,-0.447196,-1.2247,-0.999961,-1.33625,-1.2247,3
1.2247,1.41416,1.34159,-0.447196,-1.2247,-0.999961,-1.33625,0.0,4
1.2247,1.41416,1.34159,-0.447196,-1.2247,-0.999961,-1.33625,1.2247,0
1.2247,1.41416,1.34159,-0.447196,-1.2247,-0.999961,0.267251,-1.2247,3
1.2247,1.41416,1.34159,-0.447196,-1.2247,-0.999961,0.267251,0.0,4
1.2247,1.41416,1.34159,-0.447196,-1.2247,-0.999961,0.267251,1.2247,0
1.2247,1.41416,1.34159,-0.447196,-1.2247,-0.999961,1.069,-1.2247,4
1.2247,1.41416,1.34159,-0.447196,-1.2247,-0.999961,1.069,0.0,4
1.2247,1.41416,1.34159,-0.447196,-1.2247,-0.999961,1.069,1.2247,0
1.2247,1.41416,1.34159,-0.447196,-1.2247,0.999961,-1.33625,-1.2247,4
1.2247,1.41416,1.34159,-0.447196,-1.2247,0.999961,-1.33625,0.0,4
1.2247,1.41416,1.34159,-0.447196,-1.2247,0.999961,-1.33625,1.2247,0
1.2247,1.41416,1.34159,-0.447196,-1.2247,0.999961,0.267251,-1.2247,4
1.2247,1.41416,1.34159,-0.447196,-1.2247,0.999961,0.267251,0.0,4
1.2247,1.41416,1.34159,-0.447196,-1.2247,0.999961,0.267251,1.2247,0
1.2247,1.41416,1.34159,-0.447196,-1.2247,0.999961,1.069,-1.2247,4
1.2247,1.41416,1.34159,-0.447196,-1.2247,0.999961,1.069,0.0,4
1.2247,1.41416,1.34159,-0.447196,-1.2247,0.999961,1.069,1.2247,0
1.2247,1.41416,1.34159,-0.447196,0.0,-0.999961,-1.33625,-1.2247,4
1.2247,1.41416,1.34159,-0.447196,0.0,-0.999961,-1.33625,0.0,4
1.2247,1.41416,1.34159,-0.447196,0.0,-0.999961,-1.33625,1.2247,0
1.2247,1.41416,1.34159,-0.447196,0.0,-0.999961,0.267251,-1.2247,4
1.2247,1.41416,1.34159,-0.447196,0.0,-0.999961,0.267251,0.0,4
1.2247,1.41416,1.34159,-0.447196,0.0,-0.999961,0.267251,1.2247,0
1.2247,1.41416,1.34159,-0.447196,0.0,-0.999961,1.069,-1.2247,4
1.2247,1.41416,1.34159,-0.447196,0.0,-0.999961,1.069,0.0,4
1.2247,1.41416,1.34159,-0.447196,0.0,-0.999961,1.069,1.2247,0
1.2247,1.41416,1.34159,-0.447196,0.0,0.999961,-1.33625,-1.2247,4
1.2247,1.41416,1.34159,-0.447196,0.0,0.999961,-1.33625,0.0,4
1.2247,1.41416,1.34159,-0.447196,0.0,0.999961,-1.33625,1.2247,0
1.2247,1.41416,1.34159,-0.447196,0.0,0.999961,0.267251,-1.2247,4
1.2247,1.41416,1.34159,-0.447196,0.0,0.999961,0.267251,0.0,4
1.2247,1.41416,1.34159,-0.447196,0.0,0.999961,0.267251,1.2247,0
1.2247,1.41416,1.34159,-0.447196,0.0,0.999961,1.069,-1.2247,4
1.2247,1.41416,1.34159,-0.447196,0.0,0.999961,1.069,0.0,4
1.2247,1.41416,1.34159,-0.447196,0.0,0.999961,1.069,1.2247,0
1.2247,1.41416,1.34159,-0.447196,1.2247,-0.999961,-1.33625,-1.2247,4
1.2247,1.41416,1.34159,-0.447196,1.2247,-0.999961,-1.33625,0.0,4
1.2247,1.41416,1.34159,-0.447196,1.2247,-0.999961,-1.33625,1.2247,0
1.2247,1.41416,1.34159,-0.447196,1.2247,-0.999961,0.267251,-1.2247,4
1.2247,1.41416,1.34159,-0.447196,1.2247,-0.999961,0.267251,0.0,4
1.2247,1.41416,1.34159,-0.447196,1.2247,-0.999961,0.267251,1.2247,0
1.2247,1.41416,1.34159,-0.447196,1.2247,-0.999961,1.069,-1.2247,4
1.2247,1.41416,1.34159,-0.447196,1.2247,-0.999961,1.069,0.0,4
1.2247,1.41416,1.34159,-0.447196,1.2247,-0.999961,1.069,1.2247,0
1.2247,1.41416,1.34159,-0.447196,1.2247,0.999961,-1.33625,-1.2247,4
1.2247,1.41416,1.34159,-0.447196,1.2247,0.999961,-1.33625,0.0,4
1.2247,1.41416,1.34159,-0.447196,1.2247,0.999961,-1.33625,1.2247,0
1.2247,1.41416,1.34159,-0.447196,1.2247,0.999961,0.267251,-1.2247,4
1.2247,1.41416,1.34159,-0.447196,1.2247,0.999961,0.267251,0.0,4
1.2247,1.41416,1.34159,-0.447196,1.2247,0.999961,0.267251,1.2247,0
1.2247,1.41416,1.34159,-0.447196,1.2247,0.999961,1.069,-1.2247,4
1.2247,1.41416,1.34159,-0.447196,1.2247,0.999961,1.069,0.0,4
1.2247,1.41416,1.34159,-0.447196,1.2247,0.999961,1.069,1.2247,0
1.2247,1.41416,1.34159,0.447196,-1.2247,-0.999961,-1.33625,-1.2247,3
1.2247,1.41416,1.34159,0.447196,-1.2247,-0.999961,-1.33625,0.0,4
1.2247,1.41416,1.34159,0.447196,-1.2247,-0.999961,-1.33625,1.2247,0
1.2247,1.41416,1.34159,0.447196,-1.2247,-0.999961,0.267251,-1.2247,3
1.2247,1.41416,1.34159,0.447196,-1.2247,-0.999961,0.267251,0.0,4
1.2247,1.41416,1.34159,0.447196,-1.2247,-0.999961,0.267251,1.2247,0
1.2247,1.41416,1.34159,0.447196,-1.2247,-0.999961,1.069,-1.2247,4
1.2247,1.41416,1.34159,0.447196,-1.2247,-0.999961,1.069,0.0,4
1.2247,1.41416,1.34159,0.447196,-1.2247,-0.999961,1.069,1.2247,0
1.2247,1.41416,1.34159,0.447196,-1.2247,0.999961,-1.33625,-1.2247,4
1.2247,1.41416,1.34159,0.447196,-1.2247,0.999961,-1.33625,0.0,4
1.2247,1.41416,1.34159,0.447196,-1.2247,0.999961,-1.33625,1.2247,0
1.2247,1.41416,1.34159,0.447196,-1.2247,0.999961,0.267251,-1.2247,4
1.2247,1.41416,1.34159,0.447196,-1.2247,0.999961,0.267251,0.0,4
1.2247,1.41416,1.34159,0.447196,-1.2247,0.999961,0.267251,1.2247,0
1.2247,1.41416,1.34159,0.447196,-1.2247,0.999961,1.069,-1.2247,4
1.2247,1.41416,1.34159,0.447196,-1.2247,0.999961,1.069,0.0,4
1.2247,1.41416,1.34159,0.447196,-1.2247,0.999961,1.069,1.2247,0
1.2247,1.41416,1.34159,0.447196,0.0,-0.999961,-1.33625,-1.2247,4
1.2247,1.41416,1.34159,0.447196,0.0,-0.999961,-1.33625,0.0,4
1.2247,1.41416,1.34159,0.447196,0.0,-0.999961,-1.33625,1.2247,0
1.2247,1.41416,1.34159,0.447196,0.0,-0.999961,0.267251,-1.2247,4
1.2247,1.41416,1.34159,0.447196,0.0,-0.999961,0.267251,0.0,4
1.2247,1.41416,1.34159,0.447196,0.0,-0.999961,0.267251,1.2247,0
1.2247,1.41416,1.34159,0.447196,0.0,-0.999961,1.069,-1.2247,4
1.2247,1.41416,1.34159,0.447196,0.0,-0.999961,1.069,0.0,4
1.2247,1.41416,1.34159,0.447196,0.0,-0.999961,1.069,1.2247,0
1.2247,1.41416,1.34159,0.447196,0.0,0.999961,-1.33625,-1.2247,4
1.2247,1.41416,1.34159,0.447196,0.0,0.999961,-1.33625,0.0,4
1.2247,1.41416,1.34159,0.447196,0.0,0.999961,-1.33625,1.2247,0
1.2247,1.41416,1.34159,0.447196,0.0,0.999961,0.267251,-1.2247,4
1.2247,1.41416,1.34159,0.447196,0.0,0.999961,0.267251,0.0,4
1.2247,1.41416,1.34159,0.447196,0.0,0.999961,0.267251,1.2247,0
1.2247,1.41416,1.34159,0.447196,0.0,0.999961,1.069,-1.2247,4
1.2247,1.41416,1.34159,0.447196,0.0,0.999961,1.069,0.0,4
1.2247,1.41416,1.34159,0.447196,0.0,0.999961,1.069,1.2247,0
1.2247,1.41416,1.34159,0.447196,1.2247,-0.999961,-1.33625,-1.2247,4
1.2247,1.41416,1.34159,0.447196,1.2247,-0.999961,-1.33625,0.0,4
1.2247,1.41416,1.34159,0.447196,1.2247,-0.999961,-1.33625,1.2247,0
1.2247,1.41416,1.34159,0.447196,1.2247,-0.999961,0.267251,-1.2247,4
1.2247,1.41416,1.34159,0.447196,1.2247,-0.999961,0.267251,0.0,4
1.2247,1.41416,1.34159,0.447196,1.2247,-0.999961,0.267251,1.2247,0
1.2247,1.41416,1.34159,0.447196,1.2247,-0.999961,1.069,-1.2247,4
1.2247,1.41416,1.34159,0.447196,1.2247,-0.999961,1.069,0.0,4
1.2247,1.41416,1.34159,0.447196,1.2247,-0.999961,1.069,1.2247,0
1.2247,1.41416,1.34159,0.447196,1.2247,0.999961,-1.33625,-1.2247,4
1.2247,1.41416,1.34159,0.447196,1.2247,0.999961,-1.33625,0.0,4
1.2247,1.41416,1.34159,0.447196,1.2247,0.999961,-1.33625,1.2247,0
1.2247,1.41416,1.34159,0.447196,1.2247,0.999961,0.267251,-1.2247,4
1.2247,1.41416,1.34159,0.447196,1.2247,0.999961,0.267251,0.0,4
1.2247,1.41416,1.34159,0.447196,1.2247,0.999961,0.267251,1.2247,0
1.2247,1.41416,1.34159,0.447196,1.2247,0.999961,1.069,-1.2247,4
1.2247,1.41416,1.34159,0.447196,1.2247,0.999961,1.069,0.0,4
1.2247,1.41416,1.34159,0.447196,1.2247,0.999961,1.069,1.2247,0
1.2247,1.41416,1.34159,1.34159,-1.2247,-0.999961,-1.33625,-1.2247,3
1.2247,1.41416,1.34159,1.34159,-1.2247,-0.999961,-1.33625,0.0,4
1.2247,1.41416,1.34159,1.34159,-1.2247,-0.999961,-1.33625,1.2247,0
1.2247,1.41416,1.34159,1.34159,-1.2247,-0.999961,0.267251,-1.2247,3
1.2247,1.41416,1.34159,1.34159,-1.2247,-0.999961,0.267251,0.0,4
1.2247,1.41416,1.34159,1.34159,-1.2247,-0.999961,0.267251,1.2247,0
1.2247,1.41416,1.34159,1.34159,-1.2247,-0.999961,1.069,-1.2247,4
1.2247,1.41416,1.34159,1.34159,-1.2247,-0.999961,1.069,0.0,4
1.2247,1.41416,1.34159,1.34159,-1.2247,-0.999961,1.069,1.2247,0
1.2247,1.41416,1.34159,1.34159,-1.2247,0.999961,-1.33625,-1.2247,4
1.2247,1.41416,1.34159,1.34159,-1.2247,0.999961,-1.33625,0.0,4
1.2247,1.41416,1.34159,1.34159,-1.2247,0.999961,-1.33625,1.2247,0
1.2247,1.41416,1.34159,1.34159,-1.2247,0.999961,0.267251,-1.2247,4
1.2247,1.41416,1.34159,1.34159,-1.2247,0.999961,0.267251,0.0,4
1.2247,1.41416,1.34159,1.34159,-1.2247,0.999961,0.267251,1.2247,0
1.2247,1.41416,1.34159,1.34159,-1.2247,0.999961,1.069,-1.2247,4
1.2247,1.41416,1.34159,1.34159,-1.2247,0.999961,1.069,0.0,4
1.2247,1.41416,1.34159,1.34159,-1.2247,0.999961,1.069,1.2247,0
1.2247,1.41416,1.34159,1.34159,0.0,-0.999961,-1.33625,-1.2247,4
1.2247,1.41416,1.34159,1.34159,0.0,-0.999961,-1.33625,0.0,4
1.2247,1.41416,1.34159,1.34159,0.0,-0.999961,-1.33625,1.2247,0
1.2247,1.41416,1.34159,1.34159,0.0,-0.999961,0.267251,-1.2247,4
1.2247,1.41416,1.34159,1.34159,0.0,-0.999961,0.267251,0.0,4
1.2247,1.41416,1.34159,1.34159,0.0,-0.999961,0.267251,1.2247,0
1.2247,1.41416,1.34159,1.34159,0.0,-0.999961,1.069,-1.2247,4
1.2247,1.41416,1.34159,1.34159,0.0,-0.999961,1.069,0.0,4
1.2247,1.41416,1.34159,1.34159,0.0,-0.999961,1.069,1.2247,0
1.2247,1.41416,1.34159,1.34159,0.0,0.999961,-1.33625,-1.2247,4
1.2247,1.41416,1.34159,1.34159,0.0,0.999961,-1.33625,0.0,4
1.2247,1.41416,1.34159,1.34159,0.0,0.999961,-1.33625,1.2247,0
1.2247,1.41416,1.34159,1.34159,0.0,0.999961,0.267251,-1.2247,4
1.2247,1.41416,1.34159,1.34159,0.0,0.999961,0.267251,0.0,4
1.2247,1.41416,1.34159,1.34159,0.0,0.999961,0.267251,1.2247,0
1.2247,1.41416,1.34159,1.34159,0.0,0.999961,1.069,-1.2247,4
1.2247,1.41416,1.34159,1.34159,0.0,0.999961,1.069,0.0,4
1.2247,1.41416,1.34159,1.34159,0.0,0.999961,1.069,1.2247,0
1.2247,1.41416,1.34159,1.34159,1.2247,-0.999961,-1.33625,-1.2247,4
1.2247,1.41416,1.34159,1.34159,1.2247,-0.999961,-1.33625,0.0,4
1.2247,1.41416,1.34159,1.34159,1.2247,-0.999961,-1.33625,1.2247,0
1.2247,1.41416,1.34159,1.34159,1.2247,-0.999961,0.267251,-1.2247,4
1.2247,1.41416,1.34159,1.34159,1.2247,-0.999961,0.267251,0.0,4
1.2247,1.41416,1.34159,1.34159,1.2247,-0.999961,0.267251,1.2247,0
1.2247,1.41416,1.34159,1.34159,1.2247,-0.999961,1.069,-1.2247,4
1.2247,1.41416,1.34159,1.34159,1.2247,-0.999961,1.069,0.0,4
1.2247,1.41416,1.34159,1.34159,1.2247,-0.999961,1.069,1.2247,0
1.2247,1.41416,1.34159,1.34159,1.2247,0.999961,-1.33625,-1.2247,4
1.2247,1.41416,1.34159,1.34159,1.2247,0.999961,-1.33625,0.0,4
1.2247,1.41416,1.34159,1.34159,1.2247,0.999961,-1.33625,1.2247,0
1.2247,1.41416,1.34159,1.34159,1.2247,0.999961,0.267251,-1.2247,4
1.2247,1.41416,1.34159,1.34159,1.2247,0.999961,0.267251,0.0,4
1.2247,1.41416,1.34159,1.34159,1.2247,0.999961,0.267251,1.2247,0
1.2247,1.41416,1.34159,1.34159,1.2247,0.999961,1.069,-1.2247,4
1.2247,1.41416,1.34159,1.34159,1.2247,0.999961,1.069,0.0,4
1.2247,1.41416,1.34159,1.34159,1.2247,0.999961,1.069,1.2247,0
